Timestamp	Container_ID	Cargo_Type	Origin	Destination	Temperature_C	Humidity_Percent	Vibration_Level	Distance_Remaining_km	Spoilage_Risk	Recommended_Action	Alert_Status
2026-07-11T14:28:01.311132+00:00	CONT-1000	Banana	Bengaluru	Delhi	13.88	88.81	0.027	2149.98	Low	Continue	Normal
2026-07-11T14:28:02.323215+00:00	CONT-1002	Strawberry	Bengaluru	Delhi	0.97	88.96	0.037	2149.94	Low	Continue	Normal
2026-07-11T14:28:04.341801+00:00	CONT-1002	Strawberry	Bengaluru	Delhi	1.03	89.38	0.026	2149.9	Low	Continue	Normal
2026-07-11T14:28:04.345891+00:00	CONT-1004	Mango	Bengaluru	Delhi	11.06	86.3	0.044	2149.95	Low	Continue	Normal
2026-07-11T14:28:05.348412+00:00	CONT-1001	Avocado	Bengaluru	Delhi	5.87	86.26	0.037	2149.88	Low	Continue	Normal
2026-07-11T14:28:06.353340+00:00	CONT-1000	Banana	Bengaluru	Delhi	13.7	88.13	0.034	2149.93	Low	Continue	Normal
2026-07-11T14:28:06.360208+00:00	CONT-1004	Mango	Bengaluru	Delhi	10.99	85.94	0.059	2149.93	Low	Continue	Normal
2026-07-11T14:28:07.366369+00:00	CONT-1002	Strawberry	Bengaluru	Delhi	1.15	89.1	0.035	2149.84	Low	Continue	Normal
2026-07-11T14:28:07.369350+00:00	CONT-1004	Mango	Bengaluru	Delhi	11.04	85.91	0.056	2149.92	Low	Continue	Normal
2026-07-11T14:28:08.377465+00:00	CONT-1004	Mango	Bengaluru	Delhi	10.99	85.7	0.044	2149.91	Low	Continue	Normal
2026-07-11T14:28:09.383647+00:00	CONT-1004	Mango	Bengaluru	Delhi	10.84	85.31	0.057	2149.9	Low	Continue	Normal
2026-07-11T14:28:11.392955+00:00	CONT-1000	Banana	Bengaluru	Delhi	13.34	88.52	0.013	2149.88	Low	Continue	Normal
2026-07-11T14:28:11.393718+00:00	CONT-1001	Avocado	Bengaluru	Delhi	5.73	87.14	0.073	2149.76	Low	Continue	Normal
2026-07-11T14:28:11.395237+00:00	CONT-1002	Strawberry	Bengaluru	Delhi	1.3	88.85	0.568	2149.76	Low	Continue	Warning
2026-07-11T14:28:11.396251+00:00	CONT-1004	Mango	Bengaluru	Delhi	10.84	84.62	0.069	2149.88	Low	Continue	Normal
2026-07-11T14:28:13.404436+00:00	CONT-1001	Avocado	Bengaluru	Delhi	5.78	87.77	0.05	2149.72	Low	Continue	Normal
2026-07-11T14:28:13.407959+00:00	CONT-1002	Strawberry	Bengaluru	Delhi	1.36	88.81	0.556	2149.72	Low	Continue	Warning
2026-07-11T14:28:13.409336+00:00	CONT-1003	Grapes	Bengaluru	Delhi	1.23	88.74	0.049	2149.72	Low	Continue	Normal
2026-07-11T14:28:15.420333+00:00	CONT-1002	Strawberry	Bengaluru	Delhi	1.43	88.8	1.335	2149.68	Medium	Continue	Critical
2026-07-11T14:28:15.422092+00:00	CONT-1003	Grapes	Bengaluru	Delhi	1.28	88.4	0.041	2149.68	Low	Continue	Normal
2026-07-11T14:28:16.423788+00:00	CONT-1000	Banana	Bengaluru	Delhi	13.33	89.62	0.003	2149.83	Low	Continue	Normal
2026-07-11T14:28:16.425890+00:00	CONT-1001	Avocado	Bengaluru	Delhi	5.99	88.53	0.079	2149.66	Low	Continue	Normal
2026-07-11T14:28:16.429431+00:00	CONT-1003	Grapes	Bengaluru	Delhi	1.15	88.8	0.047	2149.66	Low	Continue	Normal
2026-07-11T14:28:17.438632+00:00	CONT-1002	Strawberry	Bengaluru	Delhi	1.51	88.38	0.6	2149.64	Medium	Continue	Warning
2026-07-11T14:28:20.461372+00:00	CONT-1003	Grapes	Bengaluru	Delhi	1.22	89.05	0.083	2149.58	Low	Continue	Normal
2026-07-11T14:28:21.467073+00:00	CONT-1000	Banana	Bengaluru	Delhi	12.85	89.93	0.007	2149.78	Low	Continue	Normal
2026-07-11T14:28:22.477379+00:00	CONT-1003	Grapes	Bengaluru	Delhi	1.12	89.41	0.089	2149.54	Low	Continue	Normal
2026-07-11T14:28:23.480790+00:00	CONT-1000	Banana	Bengaluru	Delhi	12.77	89.88	0	2149.76	Low	Continue	Normal
2026-07-11T14:28:23.481747+00:00	CONT-1001	Avocado	Bengaluru	Delhi	5.62	88.37	0.052	2149.52	Low	Continue	Normal
2026-07-11T14:28:23.483655+00:00	CONT-1002	Strawberry	Bengaluru	Delhi	1.75	88.17	0.563	2149.52	Medium	Continue	Warning
2026-07-11T14:28:23.484809+00:00	CONT-1004	Mango	Bengaluru	Delhi	11.29	84.3	0.07	2149.76	Low	Continue	Normal
2026-07-11T14:28:24.488622+00:00	CONT-1002	Strawberry	Bengaluru	Delhi	1.8	88.33	0.551	2149.5	High	Reroute	Critical
2026-07-11T14:28:25.491294+00:00	CONT-1000	Banana	Bengaluru	Delhi	12.77	89.73	0.016	2149.74	Low	Continue	Normal
2026-07-11T14:28:25.496262+00:00	CONT-1004	Mango	Bengaluru	Delhi	11.22	84.18	0.054	2149.74	Low	Continue	Normal
2026-07-11T14:28:26.497813+00:00	CONT-1000	Banana	Bengaluru	Delhi	12.81	89.89	0.023	2149.73	Low	Continue	Normal
2026-07-11T14:28:26.502576+00:00	CONT-1003	Grapes	Bengaluru	Delhi	1.24	90.21	0.116	2149.46	Low	Continue	Normal
2026-07-11T14:28:28.515280+00:00	CONT-1000	Banana	Bengaluru	Delhi	12.88	89.72	0.026	2149.71	Low	Continue	Normal
2026-07-11T14:28:29.523291+00:00	CONT-1002	Strawberry	Bengaluru	Delhi	1.97	87.99	0.6	2149.4	High	Reroute	Critical
2026-07-11T14:28:29.527645+00:00	CONT-1003	Grapes	Bengaluru	Delhi	1.38	90.44	0.097	2149.4	Low	Continue	Normal
2026-07-11T14:28:29.528698+00:00	CONT-1004	Mango	Bengaluru	Delhi	10.84	83.88	0.026	2149.7	Low	Continue	Normal
2026-07-11T14:28:30.530545+00:00	CONT-1001	Avocado	Bengaluru	Delhi	5.3	88.2	0.114	2149.38	Low	Continue	Normal
2026-07-11T14:28:30.532995+00:00	CONT-1002	Strawberry	Bengaluru	Delhi	1.99	88.22	0.97	2149.38	High	Reroute	Critical
2026-07-11T14:28:30.533692+00:00	CONT-1003	Grapes	Bengaluru	Delhi	1.33	90.5	0.103	2149.38	Low	Continue	Normal
2026-07-11T14:28:31.537237+00:00	CONT-1000	Banana	Bengaluru	Delhi	12.96	88.8	0.017	2149.68	Low	Continue	Normal
2026-07-11T14:28:31.538272+00:00	CONT-1001	Avocado	Bengaluru	Delhi	5.42	88.42	0.128	2149.36	Low	Continue	Normal
2026-07-11T14:28:31.540608+00:00	CONT-1002	Strawberry	Bengaluru	Delhi	2.03	88.29	1.323	2149.36	High	Reroute	Critical
2026-07-11T14:28:31.541193+00:00	CONT-1003	Grapes	Bengaluru	Delhi	1.46	90.53	0.107	2149.36	Low	Continue	Normal
2026-07-11T14:28:32.546208+00:00	CONT-1003	Grapes	Bengaluru	Delhi	1.51	90.51	0.09	2149.34	Low	Continue	Normal
2026-07-11T14:28:33.551646+00:00	CONT-1001	Avocado	Bengaluru	Delhi	5.45	88.16	0.153	2149.32	Low	Continue	Normal
2026-07-11T14:28:34.565185+00:00	CONT-1003	Grapes	Bengaluru	Delhi	1.55	90.65	0.097	2149.3	Low	Continue	Normal
2026-07-11T14:28:34.566255+00:00	CONT-1004	Mango	Bengaluru	Delhi	10.85	84.13	0	2149.65	Low	Continue	Normal
2026-07-11T14:28:35.568157+00:00	CONT-1000	Banana	Bengaluru	Delhi	12.99	88.84	0.017	2149.64	Low	Continue	Normal
2026-07-11T14:28:35.570288+00:00	CONT-1001	Avocado	Bengaluru	Delhi	5.64	88.58	0.171	2149.28	Low	Continue	Normal
2026-07-11T14:28:35.571228+00:00	CONT-1002	Strawberry	Bengaluru	Delhi	2.18	87.79	0.6	2149.28	High	Reroute	Critical
2026-07-11T14:28:36.584209+00:00	CONT-1002	Strawberry	Bengaluru	Delhi	2.22	87.67	1.014	2149.26	High	Reroute	Critical
2026-07-11T14:28:37.595217+00:00	CONT-1001	Avocado	Bengaluru	Delhi	5.56	88.74	0.177	2149.24	Low	Continue	Normal
2026-07-11T14:28:37.596864+00:00	CONT-1002	Strawberry	Bengaluru	Delhi	2.25	87.81	0.6	2149.24	High	Reroute	Critical
2026-07-11T14:28:38.601426+00:00	CONT-1001	Avocado	Bengaluru	Delhi	5.63	88.89	0.18	2149.22	Low	Continue	Normal
2026-07-11T14:28:38.604124+00:00	CONT-1003	Grapes	Bengaluru	Delhi	1.61	90.92	0.119	2149.22	Low	Continue	Normal
2026-07-11T14:28:39.609346+00:00	CONT-1001	Avocado	Bengaluru	Delhi	5.77	88.8	0.191	2149.2	Low	Continue	Normal
2026-07-11T14:28:39.615366+00:00	CONT-1003	Grapes	Bengaluru	Delhi	1.63	90.67	0.114	2149.2	Low	Continue	Normal
2026-07-11T14:28:39.615986+00:00	CONT-1004	Mango	Bengaluru	Delhi	10.65	82.46	0	2149.6	Low	Continue	Normal
2026-07-11T14:28:40.619831+00:00	CONT-1001	Avocado	Bengaluru	Delhi	5.65	89.18	0.175	2149.18	Low	Continue	Normal
2026-07-11T14:28:40.624154+00:00	CONT-1004	Mango	Bengaluru	Delhi	10.5	82.52	0.01	2149.59	Low	Continue	Normal
2026-07-11T14:28:41.628926+00:00	CONT-1000	Banana	Bengaluru	Delhi	12.39	89.01	0.02	2149.58	Low	Continue	Normal
2026-07-11T14:28:41.631659+00:00	CONT-1002	Strawberry	Bengaluru	Delhi	2.4	87.09	0.6	2149.16	High	Reroute	Critical
2026-07-11T14:28:41.632548+00:00	CONT-1003	Grapes	Bengaluru	Delhi	1.84	90.42	0.11	2149.16	Low	Continue	Normal
2026-07-11T14:28:41.633608+00:00	CONT-1004	Mango	Bengaluru	Delhi	10.38	82.75	0	2149.58	Low	Continue	Normal
2026-07-11T14:28:42.634797+00:00	CONT-1000	Banana	Bengaluru	Delhi	12.44	88.74	0.03	2149.57	Low	Continue	Normal
2026-07-11T14:28:42.637592+00:00	CONT-1002	Strawberry	Bengaluru	Delhi	2.45	86.72	0.6	2149.14	High	Reroute	Critical
2026-07-11T14:28:42.639314+00:00	CONT-1004	Mango	Bengaluru	Delhi	10.28	82.52	0.001	2149.57	Low	Continue	Normal
2026-07-11T14:28:43.640458+00:00	CONT-1000	Banana	Bengaluru	Delhi	12.34	88.94	0.034	2149.56	Low	Continue	Normal
2026-07-11T14:28:43.641350+00:00	CONT-1001	Avocado	Bengaluru	Delhi	5.54	88.84	0.199	2149.12	Low	Continue	Normal
2026-07-11T14:28:43.643461+00:00	CONT-1002	Strawberry	Bengaluru	Delhi	2.48	86.99	0.587	2149.12	High	Reroute	Critical
2026-07-11T14:28:43.644358+00:00	CONT-1004	Mango	Bengaluru	Delhi	10.21	82.81	0.006	2149.56	Low	Continue	Normal
2026-07-11T14:28:47.664185+00:00	CONT-1001	Avocado	Bengaluru	Delhi	5.61	89.46	0.189	2149.04	Low	Continue	Normal
2026-07-11T14:28:47.666416+00:00	CONT-1002	Strawberry	Bengaluru	Delhi	2.63	86.79	0.6	2149.04	High	Reroute	Critical
2026-07-11T14:28:47.668395+00:00	CONT-1004	Mango	Bengaluru	Delhi	10.23	82.51	0.039	2149.52	Low	Continue	Normal
2026-07-11T14:28:49.675377+00:00	CONT-1000	Banana	Bengaluru	Delhi	12	89.55	0	2149.5	Medium	Continue	Warning
2026-07-11T14:28:49.680619+00:00	CONT-1003	Grapes	Bengaluru	Delhi	1.9	89.64	0.109	2149	Low	Continue	Normal
2026-07-11T14:28:51.692065+00:00	CONT-1001	Avocado	Bengaluru	Delhi	5.55	89.8	0.229	2148.96	Low	Continue	Normal
2026-07-11T14:28:51.694953+00:00	CONT-1003	Grapes	Bengaluru	Delhi	1.93	89.89	0.08	2148.96	Low	Continue	Normal
2026-07-11T14:28:52.697676+00:00	CONT-1000	Banana	Bengaluru	Delhi	12.05	89.73	0.019	2149.47	Medium	Continue	Warning
2026-07-11T14:28:52.701651+00:00	CONT-1003	Grapes	Bengaluru	Delhi	2.04	90.23	0.1	2148.94	Low	Continue	Normal
2026-07-11T14:28:53.705421+00:00	CONT-1000	Banana	Bengaluru	Delhi	12.09	89.89	0.011	2149.46	High	Reroute	Critical
2026-07-11T14:28:53.707208+00:00	CONT-1001	Avocado	Bengaluru	Delhi	5.66	89.51	0.231	2148.92	Low	Continue	Normal
2026-07-11T14:28:53.708049+00:00	CONT-1003	Grapes	Bengaluru	Delhi	2.03	90.55	0.083	2148.92	Low	Continue	Normal
2026-07-11T14:28:54.713831+00:00	CONT-1001	Avocado	Bengaluru	Delhi	5.62	89.41	0.242	2148.9	Low	Continue	Normal
2026-07-11T14:28:54.714554+00:00	CONT-1002	Strawberry	Bengaluru	Delhi	2.89	87.02	0.571	2148.9	High	Reroute	Critical
2026-07-11T14:28:54.717710+00:00	CONT-1004	Mango	Bengaluru	Delhi	9.95	82.33	0	2149.45	Low	Continue	Normal
2026-07-11T14:28:55.718923+00:00	CONT-1000	Banana	Bengaluru	Delhi	12.19	89.72	0.012	2149.44	High	Reroute	Critical
2026-07-11T14:28:55.719558+00:00	CONT-1001	Avocado	Bengaluru	Delhi	5.62	89.7	0.258	2148.88	Low	Continue	Normal
2026-07-11T14:28:55.721728+00:00	CONT-1003	Grapes	Bengaluru	Delhi	1.83	90.14	0.072	2148.88	Low	Continue	Normal
2026-07-11T14:28:56.729722+00:00	CONT-1001	Avocado	Bengaluru	Delhi	5.77	90.04	0.248	2148.86	Low	Continue	Normal
2026-07-11T14:28:56.733924+00:00	CONT-1004	Mango	Bengaluru	Delhi	9.84	82.29	0	2149.43	Low	Continue	Normal
2026-07-11T14:28:57.740019+00:00	CONT-1004	Mango	Bengaluru	Delhi	9.98	82.2	0.013	2149.42	Low	Continue	Normal
2026-07-11T14:28:58.749509+00:00	CONT-1002	Strawberry	Bengaluru	Delhi	3	87.21	0.539	2148.82	High	Reroute	Critical
2026-07-11T14:29:01.768895+00:00	CONT-1000	Banana	Bengaluru	Delhi	12.04	89.19	0.011	2149.38	High	Reroute	Critical
2026-07-11T14:29:01.771496+00:00	CONT-1002	Strawberry	Bengaluru	Delhi	3.1	87.75	0.575	2148.76	High	Reroute	Critical
2026-07-11T14:29:01.773095+00:00	CONT-1003	Grapes	Bengaluru	Delhi	2.16	89.7	0.082	2148.76	Low	Continue	Normal
2026-07-11T14:29:01.773583+00:00	CONT-1004	Mango	Bengaluru	Delhi	9.95	81.36	0.025	2149.38	Low	Continue	Normal
2026-07-11T14:29:02.775251+00:00	CONT-1000	Banana	Bengaluru	Delhi	12	89.09	0	2149.37	High	Reroute	Critical
2026-07-11T14:29:02.776071+00:00	CONT-1001	Avocado	Bengaluru	Delhi	5.87	89.92	0.281	2148.74	Low	Continue	Normal
2026-07-11T14:29:02.781173+00:00	CONT-1004	Mango	Bengaluru	Delhi	10.04	81.63	0.028	2149.37	Low	Continue	Normal
2026-07-11T14:29:03.786054+00:00	CONT-1002	Strawberry	Bengaluru	Delhi	3.17	87.84	0.571	2148.72	High	Reroute	Critical
2026-07-11T14:29:05.804126+00:00	CONT-1003	Grapes	Bengaluru	Delhi	2.05	90.11	0.09	2148.68	Low	Continue	Normal
2026-07-11T14:29:06.818712+00:00	CONT-1002	Strawberry	Bengaluru	Delhi	3.3	88.14	0.544	2148.66	High	Reroute	Critical
2026-07-11T14:29:06.820267+00:00	CONT-1003	Grapes	Bengaluru	Delhi	2.16	90.2	0.085	2148.66	Low	Continue	Normal
2026-07-11T14:29:06.821711+00:00	CONT-1004	Mango	Bengaluru	Delhi	10.17	81.57	0.026	2149.33	Low	Continue	Normal
2026-07-11T14:29:07.826464+00:00	CONT-1001	Avocado	Bengaluru	Delhi	5.87	90.18	0.292	2148.64	Low	Continue	Normal
2026-07-11T14:29:07.827293+00:00	CONT-1002	Strawberry	Bengaluru	Delhi	3.34	87.98	0.524	2148.64	High	Reroute	Critical
2026-07-11T14:29:07.829284+00:00	CONT-1003	Grapes	Bengaluru	Delhi	2.19	90.35	0.092	2148.64	Low	Continue	Normal
2026-07-11T14:29:08.832568+00:00	CONT-1000	Banana	Bengaluru	Delhi	12	89.77	0.006	2149.31	High	Reroute	Critical
2026-07-11T14:29:08.834364+00:00	CONT-1001	Avocado	Bengaluru	Delhi	5.9	90.58	0.295	2148.62	Low	Continue	Normal
2026-07-11T14:29:08.837836+00:00	CONT-1004	Mango	Bengaluru	Delhi	10.04	81.79	0.042	2149.31	Low	Continue	Normal
2026-07-11T14:29:09.840891+00:00	CONT-1001	Avocado	Bengaluru	Delhi	5.91	90.6	0.312	2148.6	Low	Continue	Normal
2026-07-11T14:29:10.881064+00:00	CONT-1002	Strawberry	Bengaluru	Delhi	3.46	87.44	0.502	2148.58	High	Reroute	Critical
2026-07-11T14:29:11.900438+00:00	CONT-1002	Strawberry	Bengaluru	Delhi	3.51	87.58	0.484	2148.56	High	Reroute	Critical
2026-07-11T14:29:12.903301+00:00	CONT-1000	Banana	Bengaluru	Delhi	12.43	89.95	0.033	2149.27	High	Reroute	Critical
2026-07-11T14:29:12.905051+00:00	CONT-1001	Avocado	Bengaluru	Delhi	6.17	90.73	0.349	2148.54	Low	Continue	Normal
2026-07-11T14:29:12.905672+00:00	CONT-1002	Strawberry	Bengaluru	Delhi	3.55	87.72	0.483	2148.54	High	Reroute	Critical
2026-07-11T14:29:12.906916+00:00	CONT-1004	Mango	Bengaluru	Delhi	10.07	81.85	0.02	2149.27	Low	Continue	Normal
2026-07-11T14:29:13.911522+00:00	CONT-1001	Avocado	Bengaluru	Delhi	6.15	90.35	0.355	2148.52	Low	Continue	Normal
2026-07-11T14:29:13.912108+00:00	CONT-1002	Strawberry	Bengaluru	Delhi	3.58	87.45	0.493	2148.52	High	Reroute	Critical
2026-07-11T14:29:15.923225+00:00	CONT-1000	Banana	Bengaluru	Delhi	12.34	89.33	0.077	2149.24	High	Reroute	Critical
2026-07-11T14:29:15.927896+00:00	CONT-1002	Strawberry	Bengaluru	Delhi	3.66	87.42	0.489	2148.48	High	Reroute	Critical
2026-07-11T14:29:15.929134+00:00	CONT-1003	Grapes	Bengaluru	Delhi	2.12	90.59	0.07	2148.48	Low	Continue	Normal
2026-07-11T14:29:15.929777+00:00	CONT-1004	Mango	Bengaluru	Delhi	10.1	82.29	0.014	2149.24	Low	Continue	Normal
2026-07-11T14:29:18.952807+00:00	CONT-1001	Avocado	Bengaluru	Delhi	6.06	89.75	0.336	2148.42	Low	Continue	Normal
2026-07-11T14:29:19.958045+00:00	CONT-1001	Avocado	Bengaluru	Delhi	5.93	89.72	0.35	2148.4	Low	Continue	Normal
2026-07-11T14:29:19.960558+00:00	CONT-1002	Strawberry	Bengaluru	Delhi	3.81	87.05	0.472	2148.4	High	Reroute	Critical
2026-07-11T14:29:19.961313+00:00	CONT-1003	Grapes	Bengaluru	Delhi	2.11	91.09	0.02	2148.4	Low	Continue	Normal
2026-07-11T14:29:20.966544+00:00	CONT-1002	Strawberry	Bengaluru	Delhi	3.85	87.08	0.465	2148.38	High	Reroute	Critical
2026-07-11T14:29:21.972729+00:00	CONT-1002	Strawberry	Bengaluru	Delhi	3.88	86.75	0.449	2148.36	High	Reroute	Critical
2026-07-11T14:29:22.977694+00:00	CONT-1000	Banana	Bengaluru	Delhi	12.57	89.73	0.054	2149.17	High	Reroute	Critical
2026-07-11T14:29:22.984348+00:00	CONT-1004	Mango	Bengaluru	Delhi	9.92	82.5	0.01	2149.17	Low	Continue	Normal
2026-07-11T14:29:23.987423+00:00	CONT-1001	Avocado	Bengaluru	Delhi	5.8	90.26	0.362	2148.32	Low	Continue	Normal
2026-07-11T14:29:23.989642+00:00	CONT-1002	Strawberry	Bengaluru	Delhi	3.97	86.73	0.463	2148.32	High	Reroute	Critical
2026-07-11T14:29:23.991270+00:00	CONT-1004	Mango	Bengaluru	Delhi	9.88	82.11	0.011	2149.16	Low	Continue	Normal
2026-07-11T14:29:24.997882+00:00	CONT-1004	Mango	Bengaluru	Delhi	9.98	81.84	0.016	2149.15	Low	Continue	Normal
2026-07-11T14:29:26.003229+00:00	CONT-1003	Grapes	Bengaluru	Delhi	2.29	91.5	0.037	2148.28	Low	Continue	Normal
2026-07-11T14:29:26.004005+00:00	CONT-1004	Mango	Bengaluru	Delhi	10.02	81.95	0.036	2149.14	Low	Continue	Normal
2026-07-11T14:29:28.022933+00:00	CONT-1000	Banana	Bengaluru	Delhi	12.5	89.11	0.041	2149.12	High	Reroute	Critical
2026-07-11T14:29:28.030843+00:00	CONT-1001	Avocado	Bengaluru	Delhi	5.59	90.59	0.375	2148.24	Low	Continue	Normal
2026-07-11T14:29:28.040509+00:00	CONT-1002	Strawberry	Bengaluru	Delhi	4.1	86.74	0.6	2148.24	High	Reroute	Critical
2026-07-11T14:29:28.041948+00:00	CONT-1003	Grapes	Bengaluru	Delhi	2.17	91.59	0.052	2148.24	Low	Continue	Normal
2026-07-11T14:29:29.049111+00:00	CONT-1002	Strawberry	Bengaluru	Delhi	4.14	86.74	1.178	2148.22	High	Reroute	Critical
2026-07-11T14:29:29.049956+00:00	CONT-1003	Grapes	Bengaluru	Delhi	2.1	91.56	0.055	2148.22	Low	Continue	Normal
2026-07-11T14:29:30.059166+00:00	CONT-1003	Grapes	Bengaluru	Delhi	2	91.54	0.046	2148.2	Low	Continue	Normal
2026-07-11T14:29:31.064288+00:00	CONT-1000	Banana	Bengaluru	Delhi	12.17	89.28	0.016	2149.09	High	Reroute	Critical
2026-07-11T14:29:31.066561+00:00	CONT-1001	Avocado	Bengaluru	Delhi	5.85	91.3	0.429	2148.18	Low	Continue	Normal
2026-07-11T14:29:31.070901+00:00	CONT-1004	Mango	Bengaluru	Delhi	10.03	82.24	0.082	2149.09	Low	Continue	Normal
2026-07-11T14:29:32.075691+00:00	CONT-1002	Strawberry	Bengaluru	Delhi	4.24	85.97	0.6	2148.16	High	Reroute	Critical
2026-07-11T14:29:33.082113+00:00	CONT-1000	Banana	Bengaluru	Delhi	12.13	89.66	0.034	2149.07	High	Reroute	Critical
2026-07-11T14:29:34.091614+00:00	CONT-1002	Strawberry	Bengaluru	Delhi	4.32	85.83	0.595	2148.12	High	Reroute	Critical
2026-07-11T14:29:34.093804+00:00	CONT-1003	Grapes	Bengaluru	Delhi	2.3	91.11	0.039	2148.12	Low	Continue	Normal
2026-07-11T14:29:34.095962+00:00	CONT-1004	Mango	Bengaluru	Delhi	9.98	82.22	0.084	2149.06	Low	Continue	Normal
2026-07-11T14:29:35.102175+00:00	CONT-1004	Mango	Bengaluru	Delhi	9.83	81.89	0.083	2149.05	Low	Continue	Normal
2026-07-11T14:29:36.105555+00:00	CONT-1001	Avocado	Bengaluru	Delhi	6.07	90.93	0.419	2148.08	Low	Continue	Normal
2026-07-11T14:29:36.107476+00:00	CONT-1002	Strawberry	Bengaluru	Delhi	4.39	85.42	0.6	2148.08	High	Reroute	Critical
2026-07-11T14:29:37.113147+00:00	CONT-1000	Banana	Bengaluru	Delhi	12.15	89.9	0.047	2149.03	High	Reroute	Critical
2026-07-11T14:29:37.117735+00:00	CONT-1003	Grapes	Bengaluru	Delhi	2.41	90.45	0.039	2148.06	Medium	Continue	Warning
2026-07-11T14:29:37.118693+00:00	CONT-1004	Mango	Bengaluru	Delhi	9.9	82.54	0.072	2149.03	Low	Continue	Normal
2026-07-11T14:29:38.122272+00:00	CONT-1001	Avocado	Bengaluru	Delhi	6.12	90.73	0.425	2148.04	Low	Continue	Normal
2026-07-11T14:29:38.123973+00:00	CONT-1002	Strawberry	Bengaluru	Delhi	4.44	85.5	1.282	2148.04	High	Reroute	Critical
2026-07-11T14:29:39.130845+00:00	CONT-1001	Avocado	Bengaluru	Delhi	6.14	90.41	0.436	2148.02	Low	Continue	Normal
2026-07-11T14:29:39.134680+00:00	CONT-1004	Mango	Bengaluru	Delhi	9.81	82.93	0.077	2149.01	Low	Continue	Normal
2026-07-11T14:29:40.141030+00:00	CONT-1002	Strawberry	Bengaluru	Delhi	4.51	85.92	0.6	2148	High	Reroute	Critical
2026-07-11T14:29:41.144841+00:00	CONT-1000	Banana	Bengaluru	Delhi	12.16	89.6	0.052	2148.99	High	Reroute	Critical
2026-07-11T14:29:41.148033+00:00	CONT-1002	Strawberry	Bengaluru	Delhi	4.54	85.87	0.6	2147.98	High	Reroute	Critical
2026-07-11T14:29:42.151509+00:00	CONT-1001	Avocado	Bengaluru	Delhi	6.1	90.08	0.46	2147.96	Low	Continue	Normal
2026-07-11T14:29:44.169379+00:00	CONT-1000	Banana	Bengaluru	Delhi	12	89.81	0.045	2148.96	High	Reroute	Critical
2026-07-11T14:29:44.170009+00:00	CONT-1001	Avocado	Bengaluru	Delhi	5.94	90.01	0.471	2147.92	Low	Continue	Normal
2026-07-11T14:29:45.178988+00:00	CONT-1001	Avocado	Bengaluru	Delhi	5.82	90.03	0.458	2147.9	Low	Continue	Normal
2026-07-11T14:29:45.182565+00:00	CONT-1004	Mango	Bengaluru	Delhi	9.12	83.28	0.074	2148.95	Medium	Continue	Warning
2026-07-11T14:29:46.185062+00:00	CONT-1001	Avocado	Bengaluru	Delhi	5.77	89.67	0.445	2147.88	Low	Continue	Normal
2026-07-11T14:29:46.186757+00:00	CONT-1002	Strawberry	Bengaluru	Delhi	4.73	85.66	0.6	2147.88	High	Reroute	Critical
2026-07-11T14:29:46.189976+00:00	CONT-1004	Mango	Bengaluru	Delhi	9.08	82.89	0.058	2148.94	Medium	Continue	Warning
2026-07-11T14:29:47.194554+00:00	CONT-1000	Banana	Bengaluru	Delhi	12.14	89.51	0.07	2148.93	High	Reroute	Critical
2026-07-11T14:29:47.198884+00:00	CONT-1003	Grapes	Bengaluru	Delhi	2	90.57	0.038	2147.86	Medium	Continue	Warning
2026-07-11T14:29:48.203812+00:00	CONT-1002	Strawberry	Bengaluru	Delhi	4.81	86.05	0.6	2147.84	High	Reroute	Critical
2026-07-11T14:29:49.208872+00:00	CONT-1001	Avocado	Bengaluru	Delhi	5.77	89.77	0.421	2147.82	Low	Continue	Normal
2026-07-11T14:29:51.220728+00:00	CONT-1000	Banana	Bengaluru	Delhi	12.04	90.37	0.059	2148.89	High	Reroute	Critical
2026-07-11T14:29:51.223026+00:00	CONT-1002	Strawberry	Bengaluru	Delhi	4.9	85.39	0.6	2147.78	High	Reroute	Critical
2026-07-11T14:29:51.224361+00:00	CONT-1003	Grapes	Bengaluru	Delhi	1.78	90.89	0.075	2147.78	Medium	Continue	Warning
2026-07-11T14:29:52.231265+00:00	CONT-1004	Mango	Bengaluru	Delhi	9.16	82.45	0.005	2148.88	Medium	Continue	Warning
2026-07-11T14:29:54.237117+00:00	CONT-1000	Banana	Bengaluru	Delhi	12.01	90.03	0.059	2148.86	High	Reroute	Critical
2026-07-11T14:29:54.240647+00:00	CONT-1002	Strawberry	Bengaluru	Delhi	5	85.76	0.585	2147.72	High	Reroute	Critical
2026-07-11T14:29:54.241824+00:00	CONT-1003	Grapes	Bengaluru	Delhi	1.79	91.61	0.068	2147.72	Medium	Continue	Warning
2026-07-11T14:29:54.244411+00:00	CONT-1004	Mango	Bengaluru	Delhi	9.11	82.81	0.001	2148.86	Medium	Continue	Warning
2026-07-11T14:29:55.246933+00:00	CONT-1001	Avocado	Bengaluru	Delhi	5.59	89.58	0.398	2147.7	Low	Continue	Normal
2026-07-11T14:29:55.250396+00:00	CONT-1004	Mango	Bengaluru	Delhi	9.12	82.55	0.016	2148.85	High	Reroute	Critical
2026-07-11T14:29:56.253374+00:00	CONT-1001	Avocado	Bengaluru	Delhi	5.54	89.75	0.407	2147.68	Low	Continue	Normal
2026-07-11T14:29:56.255171+00:00	CONT-1002	Strawberry	Bengaluru	Delhi	5.07	85.62	0.58	2147.68	High	Reroute	Critical
2026-07-11T14:29:57.257166+00:00	CONT-1000	Banana	Bengaluru	Delhi	12.09	89.98	0.018	2148.83	High	Reroute	Critical
2026-07-11T14:29:57.260086+00:00	CONT-1001	Avocado	Bengaluru	Delhi	5.39	89.53	0.406	2147.66	Low	Continue	Normal
2026-07-11T14:29:57.260952+00:00	CONT-1002	Strawberry	Bengaluru	Delhi	5.11	85.85	0.583	2147.66	High	Reroute	Critical
2026-07-11T14:29:57.261422+00:00	CONT-1003	Grapes	Bengaluru	Delhi	1.7	90.76	0.095	2147.66	Low	Continue	Normal
2026-07-11T14:29:59.282360+00:00	CONT-1000	Banana	Bengaluru	Delhi	12	90.5	0.011	2148.81	High	Reroute	Critical
2026-07-11T14:29:59.290036+00:00	CONT-1002	Strawberry	Bengaluru	Delhi	5.17	85.36	0.574	2147.62	High	Reroute	Critical
2026-07-11T14:30:00.297049+00:00	CONT-1000	Banana	Bengaluru	Delhi	12	90.82	0.02	2148.8	High	Reroute	Critical
2026-07-11T14:30:00.301023+00:00	CONT-1003	Grapes	Bengaluru	Delhi	1.73	90.54	0.121	2147.6	Low	Continue	Normal
2026-07-11T14:30:01.306652+00:00	CONT-1001	Avocado	Bengaluru	Delhi	5.54	90.09	0.397	2147.58	Low	Continue	Normal
2026-07-11T14:30:02.313051+00:00	CONT-1000	Banana	Bengaluru	Delhi	12	90.92	0.029	2148.78	High	Reroute	Critical
2026-07-11T14:30:03.321984+00:00	CONT-1001	Avocado	Bengaluru	Delhi	5.42	90.67	0.383	2147.54	Low	Continue	Normal
2026-07-11T14:30:03.322630+00:00	CONT-1002	Strawberry	Bengaluru	Delhi	5.32	85.89	0.57	2147.54	High	Reroute	Critical
2026-07-11T14:30:03.325270+00:00	CONT-1004	Mango	Bengaluru	Delhi	9.35	82.54	0.026	2148.77	High	Reroute	Critical
2026-07-11T14:30:05.334919+00:00	CONT-1001	Avocado	Bengaluru	Delhi	5.36	90.39	0.376	2147.5	Low	Continue	Normal
2026-07-11T14:30:06.341536+00:00	CONT-1001	Avocado	Bengaluru	Delhi	5.24	90.28	0.385	2147.48	Low	Continue	Normal
2026-07-11T14:30:06.344847+00:00	CONT-1003	Grapes	Bengaluru	Delhi	1.43	90.48	0.063	2147.48	Low	Continue	Normal
2026-07-11T14:30:06.348071+00:00	CONT-1004	Mango	Bengaluru	Delhi	9.55	83.02	0.019	2148.74	High	Reroute	Critical
2026-07-11T14:30:09.381087+00:00	CONT-1002	Strawberry	Bengaluru	Delhi	5.54	86.8	0.58	2147.42	High	Reroute	Critical
2026-07-11T14:30:12.397597+00:00	CONT-1001	Avocado	Bengaluru	Delhi	5.28	90.55	0.407	2147.36	Low	Continue	Normal
2026-07-11T14:30:14.411257+00:00	CONT-1001	Avocado	Bengaluru	Delhi	5.31	90.82	0.406	2147.32	Low	Continue	Normal
2026-07-11T14:30:14.412027+00:00	CONT-1002	Strawberry	Bengaluru	Delhi	5.72	87.41	0.554	2147.32	High	Reroute	Critical
2026-07-11T14:30:15.417234+00:00	CONT-1001	Avocado	Bengaluru	Delhi	5.17	91.02	0.414	2147.3	Low	Continue	Normal
2026-07-11T14:30:16.427084+00:00	CONT-1003	Grapes	Bengaluru	Delhi	1.63	90.96	0.053	2147.28	Low	Continue	Normal
2026-07-11T14:30:16.427581+00:00	CONT-1004	Mango	Bengaluru	Delhi	9.23	82.61	0	2148.64	High	Reroute	Critical
2026-07-11T14:30:18.442986+00:00	CONT-1004	Mango	Bengaluru	Delhi	9.11	81.86	0.017	2148.62	High	Reroute	Critical
2026-07-11T14:30:19.446565+00:00	CONT-1001	Avocado	Bengaluru	Delhi	5.26	91.11	0.436	2147.22	Low	Continue	Normal
2026-07-11T14:30:20.454215+00:00	CONT-1001	Avocado	Bengaluru	Delhi	5.33	90.72	0.425	2147.2	Low	Continue	Normal
2026-07-11T14:30:21.464513+00:00	CONT-1002	Strawberry	Bengaluru	Delhi	5.97	87.42	0.596	2147.18	High	Reroute	Critical
2026-07-11T14:30:22.468461+00:00	CONT-1000	Banana	Bengaluru	Delhi	12.53	91.53	0.055	2148.58	High	Reroute	Critical
2026-07-11T14:30:22.469152+00:00	CONT-1001	Avocado	Bengaluru	Delhi	5.54	90.15	0.414	2147.16	Low	Continue	Normal
2026-07-11T14:30:22.470547+00:00	CONT-1002	Strawberry	Bengaluru	Delhi	6.01	87.32	0.6	2147.16	High	Reroute	Critical
2026-07-11T14:30:22.470921+00:00	CONT-1003	Grapes	Bengaluru	Delhi	1.21	90.63	0.075	2147.16	Low	Continue	Normal
2026-07-11T14:30:22.471408+00:00	CONT-1004	Mango	Bengaluru	Delhi	9.3	82.2	0.031	2148.58	High	Reroute	Critical
2026-07-11T14:30:23.476528+00:00	CONT-1002	Strawberry	Bengaluru	Delhi	6.04	87.66	0.6	2147.14	High	Reroute	Critical
2026-07-11T14:30:23.478272+00:00	CONT-1003	Grapes	Bengaluru	Delhi	1.2	90.62	0.069	2147.14	Low	Continue	Normal
2026-07-11T14:30:23.479042+00:00	CONT-1004	Mango	Bengaluru	Delhi	9.36	82.42	0.044	2148.57	High	Reroute	Critical
2026-07-11T14:30:25.486168+00:00	CONT-1001	Avocado	Bengaluru	Delhi	5.35	89.81	0.431	2147.1	Low	Continue	Normal
2026-07-11T14:30:25.489371+00:00	CONT-1002	Strawberry	Bengaluru	Delhi	6.12	87.77	0.577	2147.1	High	Reroute	Critical
2026-07-11T14:30:27.507340+00:00	CONT-1001	Avocado	Bengaluru	Delhi	5.38	89.66	0.429	2147.06	Low	Continue	Normal
2026-07-11T14:30:28.516766+00:00	CONT-1003	Grapes	Bengaluru	Delhi	1.47	91.25	0.086	2147.04	Low	Continue	Normal
2026-07-11T14:30:29.520583+00:00	CONT-1001	Avocado	Bengaluru	Delhi	5.45	89.71	0.437	2147.02	Low	Continue	Normal
2026-07-11T14:30:29.521356+00:00	CONT-1002	Strawberry	Bengaluru	Delhi	6.25	88.05	0.6	2147.02	High	Reroute	Critical
2026-07-11T14:30:29.523434+00:00	CONT-1004	Mango	Bengaluru	Delhi	9.14	82.03	0.03	2148.51	High	Reroute	Critical
2026-07-11T14:30:31.531670+00:00	CONT-1000	Banana	Bengaluru	Delhi	12.4	91.95	0.033	2148.49	High	Reroute	Critical
2026-07-11T14:30:31.533537+00:00	CONT-1001	Avocado	Bengaluru	Delhi	5.21	89.36	0.438	2146.98	Low	Continue	Normal
2026-07-11T14:30:31.534996+00:00	CONT-1003	Grapes	Bengaluru	Delhi	1.41	91.73	0.081	2146.98	Low	Continue	Normal
2026-07-11T14:30:32.541900+00:00	CONT-1004	Mango	Bengaluru	Delhi	9.42	81.57	0.016	2148.48	High	Reroute	Critical
2026-07-11T14:30:33.545571+00:00	CONT-1000	Banana	Bengaluru	Delhi	12.24	91.81	0.044	2148.47	High	Reroute	Critical
2026-07-11T14:30:35.560959+00:00	CONT-1001	Avocado	Bengaluru	Delhi	4.97	89.43	0.47	2146.9	Low	Continue	Normal
2026-07-11T14:30:35.564842+00:00	CONT-1004	Mango	Bengaluru	Delhi	9.33	81.32	0	2148.45	High	Reroute	Critical
2026-07-11T14:30:37.576544+00:00	CONT-1004	Mango	Bengaluru	Delhi	9.27	81.76	0.016	2148.43	High	Reroute	Critical
2026-07-11T14:30:38.579047+00:00	CONT-1000	Banana	Bengaluru	Delhi	12.28	92.15	0.032	2148.42	High	Reroute	Critical
2026-07-11T14:30:39.585084+00:00	CONT-1000	Banana	Bengaluru	Delhi	12.25	91.85	0.017	2148.41	High	Reroute	Critical
2026-07-11T14:30:40.592727+00:00	CONT-1001	Avocado	Bengaluru	Delhi	4.69	88.37	0.444	2146.8	Low	Continue	Normal
2026-07-11T14:30:40.595006+00:00	CONT-1003	Grapes	Bengaluru	Delhi	1.36	91.67	0.062	2146.8	Low	Continue	Normal
2026-07-11T14:30:41.599350+00:00	CONT-1002	Strawberry	Bengaluru	Delhi	6.71	88.16	0.593	2146.78	High	Reroute	Critical
2026-07-11T14:30:41.600047+00:00	CONT-1003	Grapes	Bengaluru	Delhi	1.29	92.06	0.068	2146.78	Low	Continue	Normal
2026-07-11T14:30:41.602948+00:00	CONT-1004	Mango	Bengaluru	Delhi	9.16	82.47	0.007	2148.39	High	Reroute	Critical
2026-07-11T14:30:42.605709+00:00	CONT-1001	Avocado	Bengaluru	Delhi	4.84	88.2	0.46	2146.76	Low	Continue	Normal
2026-07-11T14:30:43.614783+00:00	CONT-1001	Avocado	Bengaluru	Delhi	4.81	88.02	0.443	2146.74	Low	Continue	Normal
2026-07-11T14:30:43.616569+00:00	CONT-1002	Strawberry	Bengaluru	Delhi	6.78	88.34	0.57	2146.74	High	Reroute	Critical
2026-07-11T14:30:43.618796+00:00	CONT-1004	Mango	Bengaluru	Delhi	9.3	82.25	0	2148.37	High	Reroute	Critical
2026-07-11T14:30:45.636201+00:00	CONT-1003	Grapes	Bengaluru	Delhi	1.24	92.09	0.103	2146.7	Low	Continue	Normal
2026-07-11T14:30:45.637611+00:00	CONT-1004	Mango	Bengaluru	Delhi	9.23	82.17	0.002	2148.35	High	Reroute	Critical
2026-07-11T14:30:46.641745+00:00	CONT-1000	Banana	Bengaluru	Delhi	12.44	91.84	0.037	2148.34	High	Reroute	Critical
2026-07-11T14:30:46.647786+00:00	CONT-1004	Mango	Bengaluru	Delhi	9.37	81.96	0.017	2148.34	High	Reroute	Critical
2026-07-11T14:30:47.653664+00:00	CONT-1004	Mango	Bengaluru	Delhi	9.3	82.26	0.001	2148.33	High	Reroute	Critical
2026-07-11T14:30:48.655335+00:00	CONT-1001	Avocado	Bengaluru	Delhi	5.16	87.32	0.411	2146.64	Low	Continue	Normal
2026-07-11T14:30:49.667472+00:00	CONT-1001	Avocado	Bengaluru	Delhi	5.3	87.63	0.399	2146.62	Low	Continue	Normal
2026-07-11T14:30:51.678071+00:00	CONT-1000	Banana	Bengaluru	Delhi	12.52	92.36	0.046	2148.29	High	Reroute	Critical
2026-07-11T14:30:51.682261+00:00	CONT-1002	Strawberry	Bengaluru	Delhi	7.08	89.06	0.56	2146.58	High	Reroute	Critical
2026-07-11T14:30:51.682847+00:00	CONT-1003	Grapes	Bengaluru	Delhi	1.01	91.92	0.116	2146.58	Low	Continue	Normal
2026-07-11T14:30:52.691410+00:00	CONT-1004	Mango	Bengaluru	Delhi	9.13	81.81	0.001	2148.28	High	Reroute	Critical
2026-07-11T14:30:54.704501+00:00	CONT-1001	Avocado	Bengaluru	Delhi	5.3	87.9	0.414	2146.52	Low	Continue	Normal
2026-07-11T14:30:54.709151+00:00	CONT-1003	Grapes	Bengaluru	Delhi	0.94	92.05	0.137	2146.52	Low	Continue	Normal
2026-07-11T14:30:55.722011+00:00	CONT-1004	Mango	Bengaluru	Delhi	9.16	81.06	0	2148.25	High	Reroute	Critical
2026-07-11T14:30:56.726447+00:00	CONT-1001	Avocado	Bengaluru	Delhi	5.22	88.26	0.401	2146.48	Low	Continue	Normal
2026-07-11T14:30:57.731066+00:00	CONT-1000	Banana	Bengaluru	Delhi	12.33	93.22	0.062	2148.23	High	Reroute	Critical
2026-07-11T14:30:57.734015+00:00	CONT-1002	Strawberry	Bengaluru	Delhi	7.3	89.47	0.532	2146.46	High	Reroute	Critical
2026-07-11T14:30:57.734513+00:00	CONT-1003	Grapes	Bengaluru	Delhi	0.59	92.11	0.117	2146.46	Low	Continue	Normal
2026-07-11T14:30:58.736540+00:00	CONT-1000	Banana	Bengaluru	Delhi	12.33	93.48	0.07	2148.22	High	Reroute	Critical
2026-07-11T14:30:58.737132+00:00	CONT-1001	Avocado	Bengaluru	Delhi	5.27	87.81	0.393	2146.44	Low	Continue	Normal
2026-07-11T14:30:58.739270+00:00	CONT-1002	Strawberry	Bengaluru	Delhi	7.32	89.16	0.54	2146.44	High	Reroute	Critical
2026-07-11T14:30:58.739842+00:00	CONT-1003	Grapes	Bengaluru	Delhi	0.53	92.47	0.115	2146.44	Low	Continue	Normal
2026-07-11T14:30:58.740500+00:00	CONT-1004	Mango	Bengaluru	Delhi	9.24	80.76	0	2148.22	High	Reroute	Critical
2026-07-11T14:30:59.747660+00:00	CONT-1003	Grapes	Bengaluru	Delhi	0.66	92.61	0.099	2146.42	Low	Continue	Normal
2026-07-11T14:31:01.756717+00:00	CONT-1000	Banana	Bengaluru	Delhi	12.41	93.88	0.052	2148.19	High	Reroute	Critical
2026-07-11T14:31:01.757614+00:00	CONT-1001	Avocado	Bengaluru	Delhi	5.21	87.96	0.372	2146.38	Low	Continue	Normal
2026-07-11T14:31:01.763304+00:00	CONT-1004	Mango	Bengaluru	Delhi	9.21	80.5	0.006	2148.19	High	Reroute	Critical
2026-07-11T14:31:02.769258+00:00	CONT-1001	Avocado	Bengaluru	Delhi	5.22	87.63	0.384	2146.36	Low	Continue	Normal
2026-07-11T14:31:02.772809+00:00	CONT-1004	Mango	Bengaluru	Delhi	9.34	80.37	0.02	2148.18	High	Reroute	Critical
2026-07-11T14:31:03.777405+00:00	CONT-1001	Avocado	Bengaluru	Delhi	5.15	87.32	0.384	2146.34	Low	Continue	Normal
2026-07-11T14:31:03.781699+00:00	CONT-1004	Mango	Bengaluru	Delhi	9.46	80.17	0.031	2148.17	High	Reroute	Critical
2026-07-11T14:31:04.787874+00:00	CONT-1002	Strawberry	Bengaluru	Delhi	7.53	89.85	0.586	2146.32	High	Reroute	Critical
2026-07-11T14:31:04.790248+00:00	CONT-1003	Grapes	Bengaluru	Delhi	0.91	92.34	0.097	2146.32	Low	Continue	Normal
2026-07-11T14:31:04.791385+00:00	CONT-1004	Mango	Bengaluru	Delhi	9.48	80.41	0.037	2148.16	High	Reroute	Critical
2026-07-11T14:31:05.798466+00:00	CONT-1000	Banana	Bengaluru	Delhi	12.39	93.05	0.06	2148.15	High	Reroute	Critical
2026-07-11T14:31:05.804393+00:00	CONT-1004	Mango	Bengaluru	Delhi	9.58	80.16	0.035	2148.15	High	Reroute	Critical
2026-07-11T14:31:06.807889+00:00	CONT-1000	Banana	Bengaluru	Delhi	12.39	92.81	0.068	2148.14	High	Reroute	Critical
2026-07-11T14:31:08.824405+00:00	CONT-1000	Banana	Bengaluru	Delhi	12.39	92.87	0.085	2148.12	High	Reroute	Critical
2026-07-11T14:31:08.827553+00:00	CONT-1002	Strawberry	Bengaluru	Delhi	7.69	89.64	0.59	2146.24	High	Reroute	Critical
2026-07-11T14:31:09.834941+00:00	CONT-1001	Avocado	Bengaluru	Delhi	5.09	87.3	0.39	2146.22	Low	Continue	Normal
2026-07-11T14:31:11.848830+00:00	CONT-1000	Banana	Bengaluru	Delhi	12.43	92.63	0.106	2148.09	High	Reroute	Critical
2026-07-11T14:31:11.851472+00:00	CONT-1002	Strawberry	Bengaluru	Delhi	7.81	90.15	0.571	2146.18	High	Reroute	Critical
2026-07-11T14:31:11.853573+00:00	CONT-1003	Grapes	Bengaluru	Delhi	1.18	93.32	0.115	2146.18	Low	Continue	Normal
2026-07-11T14:31:11.853942+00:00	CONT-1004	Mango	Bengaluru	Delhi	9.38	79.73	0.05	2148.09	High	Reroute	Critical
2026-07-11T14:31:12.855752+00:00	CONT-1001	Avocado	Bengaluru	Delhi	5.27	86.76	0.429	2146.16	Low	Continue	Normal
2026-07-11T14:31:12.859598+00:00	CONT-1003	Grapes	Bengaluru	Delhi	1.04	93.02	0.133	2146.16	Low	Continue	Normal
2026-07-11T14:31:13.863900+00:00	CONT-1001	Avocado	Bengaluru	Delhi	5.35	86.78	0.411	2146.14	Low	Continue	Normal
2026-07-11T14:31:13.864527+00:00	CONT-1002	Strawberry	Bengaluru	Delhi	7.87	89.86	0.59	2146.14	High	Reroute	Critical
2026-07-11T14:31:13.866149+00:00	CONT-1003	Grapes	Bengaluru	Delhi	0.98	92.64	0.127	2146.14	Low	Continue	Normal
2026-07-11T14:31:13.866536+00:00	CONT-1004	Mango	Bengaluru	Delhi	9.22	79.56	0.049	2148.07	High	Reroute	Critical
2026-07-11T14:31:14.871824+00:00	CONT-1001	Avocado	Bengaluru	Delhi	5.35	87.02	0.394	2146.12	Low	Continue	Normal
2026-07-11T14:31:14.872488+00:00	CONT-1002	Strawberry	Bengaluru	Delhi	7.9	89.92	0.589	2146.12	High	Reroute	Critical
2026-07-11T14:31:14.873929+00:00	CONT-1003	Grapes	Bengaluru	Delhi	1.04	92.69	0.144	2146.12	Low	Continue	Normal
2026-07-11T14:31:14.874927+00:00	CONT-1004	Mango	Bengaluru	Delhi	9.09	79.24	0.048	2148.06	High	Reroute	Critical
2026-07-11T14:31:15.879707+00:00	CONT-1001	Avocado	Bengaluru	Delhi	5.48	86.95	0.383	2146.1	Low	Continue	Normal
2026-07-11T14:31:16.888066+00:00	CONT-1002	Strawberry	Bengaluru	Delhi	7.96	89.7	0.6	2146.08	High	Reroute	Critical
2026-07-11T14:31:16.890223+00:00	CONT-1003	Grapes	Bengaluru	Delhi	1.12	92.59	0.136	2146.08	Low	Continue	Normal
2026-07-11T14:31:16.890743+00:00	CONT-1004	Mango	Bengaluru	Delhi	9.22	79.65	0.053	2148.04	High	Reroute	Critical
2026-07-11T14:31:17.892027+00:00	CONT-1000	Banana	Bengaluru	Delhi	12.35	91.8	0.102	2148.03	High	Reroute	Critical
2026-07-11T14:31:17.892825+00:00	CONT-1001	Avocado	Bengaluru	Delhi	5.5	86.77	0.389	2146.06	Low	Continue	Normal
2026-07-11T14:31:17.897025+00:00	CONT-1003	Grapes	Bengaluru	Delhi	1.22	92.75	0.126	2146.06	Low	Continue	Normal
2026-07-11T14:31:17.897622+00:00	CONT-1004	Mango	Bengaluru	Delhi	9.31	79.93	0.052	2148.03	High	Reroute	Critical
2026-07-11T14:31:18.900350+00:00	CONT-1000	Banana	Bengaluru	Delhi	12.21	91.97	0.088	2148.02	High	Reroute	Critical
2026-07-11T14:31:18.904083+00:00	CONT-1002	Strawberry	Bengaluru	Delhi	8.06	90.03	0.6	2146.04	High	Reroute	Critical
2026-07-11T14:31:19.922486+00:00	CONT-1004	Mango	Bengaluru	Delhi	9.25	79.29	0.02	2148.01	High	Reroute	Critical
2026-07-11T14:31:20.926344+00:00	CONT-1001	Avocado	Bengaluru	Delhi	5.5	87.54	0.386	2146	Low	Continue	Normal
2026-07-11T14:31:20.929239+00:00	CONT-1002	Strawberry	Bengaluru	Delhi	8.12	90.1	0.579	2146	High	Reroute	Critical
2026-07-11T14:31:21.941150+00:00	CONT-1003	Grapes	Bengaluru	Delhi	1.29	92.61	0.126	2145.98	Low	Continue	Normal
2026-07-11T14:31:23.948113+00:00	CONT-1000	Banana	Bengaluru	Delhi	12	91.68	0.091	2147.97	High	Reroute	Critical
2026-07-11T14:31:23.951622+00:00	CONT-1003	Grapes	Bengaluru	Delhi	1.56	92.46	0.131	2145.94	Low	Continue	Normal
2026-07-11T14:31:24.956283+00:00	CONT-1002	Strawberry	Bengaluru	Delhi	8.26	89.69	0.595	2145.92	High	Reroute	Critical
2026-07-11T14:31:24.958097+00:00	CONT-1003	Grapes	Bengaluru	Delhi	1.58	92.7	0.144	2145.92	Low	Continue	Normal
2026-07-11T14:31:26.968047+00:00	CONT-1004	Mango	Bengaluru	Delhi	9.21	79.07	0.024	2147.94	High	Reroute	Critical
2026-07-11T14:31:27.973649+00:00	CONT-1000	Banana	Bengaluru	Delhi	12	90.69	0.099	2147.93	High	Reroute	Critical
2026-07-11T14:31:28.984517+00:00	CONT-1003	Grapes	Bengaluru	Delhi	1.12	92.67	0.142	2145.84	Low	Continue	Normal
2026-07-11T14:31:29.987197+00:00	CONT-1000	Banana	Bengaluru	Delhi	12.04	90.53	0.087	2147.91	High	Reroute	Critical
2026-07-11T14:31:31.003679+00:00	CONT-1003	Grapes	Bengaluru	Delhi	1.18	92.42	0.134	2145.8	Low	Continue	Normal
2026-07-11T14:31:33.019283+00:00	CONT-1000	Banana	Bengaluru	Delhi	12.01	90.91	0.093	2147.88	High	Reroute	Critical
2026-07-11T14:31:33.023247+00:00	CONT-1004	Mango	Bengaluru	Delhi	9.23	78.54	0.01	2147.88	High	Reroute	Critical
2026-07-11T14:31:34.024031+00:00	CONT-1000	Banana	Bengaluru	Delhi	12	90.54	0.102	2147.87	High	Reroute	Critical
2026-07-11T14:31:35.031185+00:00	CONT-1000	Banana	Bengaluru	Delhi	12.12	90.44	0.087	2147.86	High	Reroute	Critical
2026-07-11T14:31:35.032725+00:00	CONT-1001	Avocado	Bengaluru	Delhi	5.28	88.58	0.387	2145.72	Low	Continue	Normal
2026-07-11T14:31:35.033320+00:00	CONT-1002	Strawberry	Bengaluru	Delhi	8.62	90.33	0.6	2145.72	High	Reroute	Critical
2026-07-11T14:31:35.034105+00:00	CONT-1003	Grapes	Bengaluru	Delhi	1.34	93.17	0.129	2145.72	Low	Continue	Normal
2026-07-11T14:31:36.035612+00:00	CONT-1000	Banana	Bengaluru	Delhi	12	90.69	0.073	2147.85	High	Reroute	Critical
2026-07-11T14:31:36.037321+00:00	CONT-1001	Avocado	Bengaluru	Delhi	5.31	88.94	0.402	2145.7	Low	Continue	Normal
2026-07-11T14:31:36.038011+00:00	CONT-1002	Strawberry	Bengaluru	Delhi	8.66	90.45	0.595	2145.7	High	Reroute	Critical
2026-07-11T14:31:37.044511+00:00	CONT-1001	Avocado	Bengaluru	Delhi	5.29	89.25	0.399	2145.68	Low	Continue	Normal
2026-07-11T14:31:37.047412+00:00	CONT-1003	Grapes	Bengaluru	Delhi	1.4	92.96	0.114	2145.68	Low	Continue	Normal
2026-07-11T14:31:37.051747+00:00	CONT-1004	Mango	Bengaluru	Delhi	9.03	78.66	0.005	2147.84	High	Reroute	Critical
2026-07-11T14:31:38.054602+00:00	CONT-1001	Avocado	Bengaluru	Delhi	5.29	89.62	0.386	2145.66	Low	Continue	Normal
2026-07-11T14:31:38.056499+00:00	CONT-1003	Grapes	Bengaluru	Delhi	1.42	93.24	0.094	2145.66	Low	Continue	Normal
2026-07-11T14:31:40.066013+00:00	CONT-1000	Banana	Bengaluru	Delhi	12.18	91.18	0.074	2147.81	High	Reroute	Critical
2026-07-11T14:31:40.067610+00:00	CONT-1001	Avocado	Bengaluru	Delhi	5.47	89.62	0.361	2145.62	Low	Continue	Normal
2026-07-11T14:31:42.082615+00:00	CONT-1000	Banana	Bengaluru	Delhi	12.21	90.96	0.108	2147.79	High	Reroute	Critical
2026-07-11T14:31:42.083389+00:00	CONT-1001	Avocado	Bengaluru	Delhi	5.47	89.07	0.351	2145.58	Low	Continue	Normal
2026-07-11T14:31:43.090347+00:00	CONT-1000	Banana	Bengaluru	Delhi	12.1	91.3	0.103	2147.78	High	Reroute	Critical
2026-07-11T14:31:44.102436+00:00	CONT-1002	Strawberry	Bengaluru	Delhi	8.94	91.25	0.579	2145.54	High	Reroute	Critical
2026-07-11T14:31:45.108141+00:00	CONT-1001	Avocado	Bengaluru	Delhi	5.3	88.45	0.331	2145.52	Low	Continue	Normal
2026-07-11T14:31:46.118976+00:00	CONT-1002	Strawberry	Bengaluru	Delhi	9.02	91.04	0.6	2145.5	High	Reroute	Critical
2026-07-11T14:31:46.123586+00:00	CONT-1004	Mango	Bengaluru	Delhi	9	78.59	0.111	2147.75	High	Reroute	Critical
2026-07-11T14:31:47.129129+00:00	CONT-1002	Strawberry	Bengaluru	Delhi	9.04	90.94	0.6	2145.48	High	Reroute	Critical
2026-07-11T14:31:48.135790+00:00	CONT-1003	Grapes	Bengaluru	Delhi	1.89	92.66	0.123	2145.46	Low	Continue	Normal
2026-07-11T14:31:48.138239+00:00	CONT-1004	Mango	Bengaluru	Delhi	9.09	78.36	0.098	2147.73	High	Reroute	Critical
2026-07-11T14:31:50.146717+00:00	CONT-1001	Avocado	Bengaluru	Delhi	5.39	88.02	0.336	2145.42	Low	Continue	Normal
2026-07-11T14:31:50.148103+00:00	CONT-1002	Strawberry	Bengaluru	Delhi	9.14	90.98	0.6	2145.42	High	Reroute	Critical
2026-07-11T14:31:50.150999+00:00	CONT-1004	Mango	Bengaluru	Delhi	9.29	78.75	0.111	2147.71	High	Reroute	Critical
2026-07-11T14:31:54.169771+00:00	CONT-1001	Avocado	Bengaluru	Delhi	5.01	88.27	0.408	2145.34	Low	Continue	Normal
2026-07-11T14:31:54.172924+00:00	CONT-1002	Strawberry	Bengaluru	Delhi	9.27	91.55	0.585	2145.34	High	Reroute	Critical
2026-07-11T14:31:55.183370+00:00	CONT-1002	Strawberry	Bengaluru	Delhi	9.3	91.91	0.573	2145.32	High	Reroute	Critical
2026-07-11T14:31:55.184205+00:00	CONT-1003	Grapes	Bengaluru	Delhi	1.95	93.53	0.11	2145.32	Low	Continue	Normal
2026-07-11T14:31:56.188401+00:00	CONT-1001	Avocado	Bengaluru	Delhi	5.1	88.54	0.392	2145.3	Low	Continue	Normal
2026-07-11T14:31:57.194195+00:00	CONT-1001	Avocado	Bengaluru	Delhi	4.96	88.78	0.38	2145.28	Low	Continue	Normal
2026-07-11T14:31:57.197142+00:00	CONT-1004	Mango	Bengaluru	Delhi	9.37	79.38	0.095	2147.64	High	Reroute	Critical
2026-07-11T14:31:58.198086+00:00	CONT-1000	Banana	Bengaluru	Delhi	12.07	91.27	0.129	2147.63	High	Reroute	Critical
2026-07-11T14:31:59.205617+00:00	CONT-1000	Banana	Bengaluru	Delhi	12.11	90.99	0.128	2147.62	High	Reroute	Critical
2026-07-11T14:32:00.212116+00:00	CONT-1000	Banana	Bengaluru	Delhi	12.24	91.2	0.134	2147.61	High	Reroute	Critical
2026-07-11T14:32:00.216847+00:00	CONT-1003	Grapes	Bengaluru	Delhi	1.58	93.2	0.077	2145.22	Low	Continue	Normal
2026-07-11T14:32:00.218404+00:00	CONT-1004	Mango	Bengaluru	Delhi	9.64	79.6	0.108	2147.61	High	Reroute	Critical
2026-07-11T14:32:01.223674+00:00	CONT-1004	Mango	Bengaluru	Delhi	9.66	79.77	0.124	2147.6	High	Reroute	Critical
2026-07-11T14:32:02.226359+00:00	CONT-1001	Avocado	Bengaluru	Delhi	5.01	89.51	0.402	2145.18	Low	Continue	Normal
2026-07-11T14:32:03.237761+00:00	CONT-1000	Banana	Bengaluru	Delhi	12.18	90.71	0.132	2147.58	High	Reroute	Critical
2026-07-11T14:32:03.239721+00:00	CONT-1001	Avocado	Bengaluru	Delhi	5.05	89.58	0.393	2145.16	Low	Continue	Normal
2026-07-11T14:32:03.240389+00:00	CONT-1002	Strawberry	Bengaluru	Delhi	9.58	93.42	0.545	2145.16	High	Reroute	Critical
2026-07-11T14:32:03.240894+00:00	CONT-1003	Grapes	Bengaluru	Delhi	1.42	93.95	0.054	2145.16	Low	Continue	Normal
2026-07-11T14:32:03.241308+00:00	CONT-1004	Mango	Bengaluru	Delhi	9.73	79.65	0.123	2147.58	High	Reroute	Critical
2026-07-11T14:32:04.249387+00:00	CONT-1004	Mango	Bengaluru	Delhi	9.65	79.98	0.137	2147.57	High	Reroute	Critical
2026-07-11T14:32:05.253893+00:00	CONT-1002	Strawberry	Bengaluru	Delhi	9.63	93.37	0.53	2145.12	High	Reroute	Critical
2026-07-11T14:32:05.254695+00:00	CONT-1003	Grapes	Bengaluru	Delhi	1.47	93.7	0.039	2145.12	Low	Continue	Normal
2026-07-11T14:32:07.272712+00:00	CONT-1000	Banana	Bengaluru	Delhi	12.25	89.91	0.122	2147.54	High	Reroute	Critical
2026-07-11T14:32:09.293570+00:00	CONT-1003	Grapes	Bengaluru	Delhi	1.63	92.76	0.043	2145.04	Low	Continue	Normal
2026-07-11T14:32:09.294431+00:00	CONT-1004	Mango	Bengaluru	Delhi	9.72	80.53	0.148	2147.52	High	Reroute	Critical
2026-07-11T14:32:10.298968+00:00	CONT-1001	Avocado	Bengaluru	Delhi	4.91	89.56	0.413	2145.02	Low	Continue	Normal
2026-07-11T14:32:10.300872+00:00	CONT-1002	Strawberry	Bengaluru	Delhi	9.79	93.74	1.217	2145.02	High	Reroute	Critical
2026-07-11T14:32:10.302276+00:00	CONT-1004	Mango	Bengaluru	Delhi	9.73	80.48	0.153	2147.51	High	Reroute	Critical
2026-07-11T14:32:12.313421+00:00	CONT-1002	Strawberry	Bengaluru	Delhi	9.87	94.02	0.595	2144.98	High	Reroute	Critical
2026-07-11T14:32:12.317614+00:00	CONT-1004	Mango	Bengaluru	Delhi	9.73	80.83	0.158	2147.49	High	Reroute	Critical
2026-07-11T14:32:13.323288+00:00	CONT-1001	Avocado	Bengaluru	Delhi	5.15	89.64	0.406	2144.96	Low	Continue	Normal
2026-07-11T14:32:14.328206+00:00	CONT-1000	Banana	Bengaluru	Delhi	12.44	89.96	0.122	2147.47	High	Reroute	Critical
2026-07-11T14:32:14.329010+00:00	CONT-1001	Avocado	Bengaluru	Delhi	5.08	89.62	0.424	2144.94	Low	Continue	Normal
2026-07-11T14:32:14.330839+00:00	CONT-1002	Strawberry	Bengaluru	Delhi	9.96	93.41	0.6	2144.94	High	Reroute	Critical
2026-07-11T14:32:14.331188+00:00	CONT-1003	Grapes	Bengaluru	Delhi	1.56	93.09	0.047	2144.94	Low	Continue	Normal
2026-07-11T14:32:16.342813+00:00	CONT-1002	Strawberry	Bengaluru	Delhi	10.02	93.78	0.6	2144.9	High	Reroute	Critical
2026-07-11T14:32:17.347017+00:00	CONT-1001	Avocado	Bengaluru	Delhi	5.26	90.4	0.419	2144.88	Low	Continue	Normal
2026-07-11T14:32:17.349026+00:00	CONT-1002	Strawberry	Bengaluru	Delhi	10.05	93.88	0.6	2144.88	High	Reroute	Critical
2026-07-11T14:32:17.349829+00:00	CONT-1003	Grapes	Bengaluru	Delhi	1.59	92.7	0.048	2144.88	Low	Continue	Normal
2026-07-11T14:32:17.350371+00:00	CONT-1004	Mango	Bengaluru	Delhi	9.81	81.08	0.179	2147.44	High	Reroute	Critical
2026-07-11T14:32:18.351674+00:00	CONT-1000	Banana	Bengaluru	Delhi	12.32	89.15	0.083	2147.43	High	Reroute	Critical
2026-07-11T14:32:18.354813+00:00	CONT-1002	Strawberry	Bengaluru	Delhi	10.08	93.68	0.6	2144.86	High	Reroute	Critical
2026-07-11T14:32:18.355485+00:00	CONT-1003	Grapes	Bengaluru	Delhi	1.7	92.81	0.035	2144.86	Low	Continue	Normal
2026-07-11T14:32:18.355977+00:00	CONT-1004	Mango	Bengaluru	Delhi	9.85	80.85	0.195	2147.43	High	Reroute	Critical
2026-07-11T14:32:19.368230+00:00	CONT-1004	Mango	Bengaluru	Delhi	9.84	81.15	0.196	2147.42	High	Reroute	Critical
2026-07-11T14:32:20.375025+00:00	CONT-1003	Grapes	Bengaluru	Delhi	1.63	92.58	0.05	2144.82	Low	Continue	Normal
2026-07-11T14:32:20.375512+00:00	CONT-1004	Mango	Bengaluru	Delhi	9.98	81.18	0.199	2147.41	High	Reroute	Critical
2026-07-11T14:32:21.377868+00:00	CONT-1000	Banana	Bengaluru	Delhi	12.14	88.95	0.118	2147.4	High	Reroute	Critical
2026-07-11T14:32:21.380466+00:00	CONT-1002	Strawberry	Bengaluru	Delhi	10.16	93.48	0.592	2144.8	High	Reroute	Critical
2026-07-11T14:32:21.381963+00:00	CONT-1003	Grapes	Bengaluru	Delhi	1.58	92.37	0.049	2144.8	Low	Continue	Normal
2026-07-11T14:32:21.382432+00:00	CONT-1004	Mango	Bengaluru	Delhi	9.86	80.98	0.201	2147.4	High	Reroute	Critical
2026-07-11T14:32:23.393829+00:00	CONT-1001	Avocado	Bengaluru	Delhi	5.12	91.82	0.428	2144.76	Low	Continue	Normal
2026-07-11T14:32:23.395787+00:00	CONT-1002	Strawberry	Bengaluru	Delhi	10.25	94.2	0.588	2144.76	High	Reroute	Critical
2026-07-11T14:32:23.396575+00:00	CONT-1003	Grapes	Bengaluru	Delhi	1.47	92.16	0.028	2144.76	Low	Continue	Normal
2026-07-11T14:32:24.398596+00:00	CONT-1000	Banana	Bengaluru	Delhi	12.23	89.11	0.111	2147.37	High	Reroute	Critical
2026-07-11T14:32:24.401326+00:00	CONT-1002	Strawberry	Bengaluru	Delhi	10.29	94.58	0.571	2144.74	High	Reroute	Critical
2026-07-11T14:32:24.401878+00:00	CONT-1003	Grapes	Bengaluru	Delhi	1.55	91.87	0.023	2144.74	Low	Continue	Normal
2026-07-11T14:32:25.406462+00:00	CONT-1003	Grapes	Bengaluru	Delhi	1.54	91.95	0.038	2144.72	Low	Continue	Normal
2026-07-11T14:32:26.409888+00:00	CONT-1000	Banana	Bengaluru	Delhi	12.36	89.11	0.133	2147.35	High	Reroute	Critical
2026-07-11T14:32:26.411845+00:00	CONT-1001	Avocado	Bengaluru	Delhi	4.93	92.06	0.445	2144.7	Low	Continue	Normal
2026-07-11T14:32:26.413369+00:00	CONT-1003	Grapes	Bengaluru	Delhi	1.49	91.6	0.052	2144.7	Low	Continue	Normal
2026-07-11T14:32:26.419323+00:00	CONT-1004	Mango	Bengaluru	Delhi	10.18	81.25	0.206	2147.35	High	Reroute	Critical
2026-07-11T14:32:27.425255+00:00	CONT-1000	Banana	Bengaluru	Delhi	12.32	89.03	0.134	2147.34	High	Reroute	Critical
2026-07-11T14:32:27.427870+00:00	CONT-1002	Strawberry	Bengaluru	Delhi	10.4	94.39	0.558	2144.68	High	Reroute	Critical
2026-07-11T14:32:28.432100+00:00	CONT-1000	Banana	Bengaluru	Delhi	12.39	88.88	0.15	2147.33	High	Reroute	Critical
2026-07-11T14:32:30.456796+00:00	CONT-1003	Grapes	Bengaluru	Delhi	1.33	91.51	0.055	2144.62	Low	Continue	Normal
2026-07-11T14:32:31.459959+00:00	CONT-1000	Banana	Bengaluru	Delhi	12.29	88.79	0.144	2147.3	High	Reroute	Critical
2026-07-11T14:32:31.462662+00:00	CONT-1002	Strawberry	Bengaluru	Delhi	10.52	94.23	0.518	2144.6	High	Reroute	Critical
2026-07-11T14:32:31.463202+00:00	CONT-1003	Grapes	Bengaluru	Delhi	1.47	91.22	0.057	2144.6	Low	Continue	Normal
2026-07-11T14:32:33.471363+00:00	CONT-1002	Strawberry	Bengaluru	Delhi	10.57	94.31	0.512	2144.56	High	Reroute	Critical
2026-07-11T14:32:33.473285+00:00	CONT-1003	Grapes	Bengaluru	Delhi	1.39	91.71	0.062	2144.56	Low	Continue	Normal
2026-07-11T14:32:33.474361+00:00	CONT-1004	Mango	Bengaluru	Delhi	9.82	81.8	0.263	2147.28	High	Reroute	Critical
2026-07-11T14:32:34.477504+00:00	CONT-1001	Avocado	Bengaluru	Delhi	4.48	91.35	0.436	2144.54	Low	Continue	Normal
2026-07-11T14:32:35.488523+00:00	CONT-1002	Strawberry	Bengaluru	Delhi	10.65	94.71	0.487	2144.52	High	Reroute	Critical
2026-07-11T14:32:36.492227+00:00	CONT-1001	Avocado	Bengaluru	Delhi	4.38	91.3	0.428	2144.5	Low	Continue	Normal
2026-07-11T14:32:36.494552+00:00	CONT-1003	Grapes	Bengaluru	Delhi	1.37	91.81	0.061	2144.5	Low	Continue	Normal
2026-07-11T14:32:37.506000+00:00	CONT-1003	Grapes	Bengaluru	Delhi	1.41	91.53	0.058	2144.48	Low	Continue	Normal
2026-07-11T14:32:38.511711+00:00	CONT-1001	Avocado	Bengaluru	Delhi	4.41	91.56	0.456	2144.46	Low	Continue	Normal
2026-07-11T14:32:40.525349+00:00	CONT-1001	Avocado	Bengaluru	Delhi	4.18	91.73	0.455	2144.42	Medium	Continue	Warning
2026-07-11T14:32:40.527658+00:00	CONT-1003	Grapes	Bengaluru	Delhi	1.18	90.78	0.103	2144.42	Low	Continue	Normal
2026-07-11T14:32:41.532834+00:00	CONT-1003	Grapes	Bengaluru	Delhi	1.13	91.06	0.094	2144.4	Low	Continue	Normal
2026-07-11T14:32:42.538761+00:00	CONT-1001	Avocado	Bengaluru	Delhi	4.11	91.42	0.449	2144.38	Medium	Continue	Warning
2026-07-11T14:32:42.541365+00:00	CONT-1003	Grapes	Bengaluru	Delhi	1.24	91.03	0.104	2144.38	Low	Continue	Normal
2026-07-11T14:32:43.562154+00:00	CONT-1001	Avocado	Bengaluru	Delhi	4.25	91.23	0.445	2144.36	Medium	Continue	Warning
2026-07-11T14:32:43.566412+00:00	CONT-1002	Strawberry	Bengaluru	Delhi	10.98	94.59	0.585	2144.36	High	Reroute	Critical
2026-07-11T14:32:43.570013+00:00	CONT-1003	Grapes	Bengaluru	Delhi	1.09	91.22	0.095	2144.36	Low	Continue	Normal
2026-07-11T14:32:44.574849+00:00	CONT-1000	Banana	Bengaluru	Delhi	12.08	87.75	0.09	2147.17	High	Reroute	Critical
2026-07-11T14:32:44.577758+00:00	CONT-1002	Strawberry	Bengaluru	Delhi	11.01	94.31	0.577	2144.34	High	Reroute	Critical
2026-07-11T14:32:44.581139+00:00	CONT-1004	Mango	Bengaluru	Delhi	9.68	83.09	0.222	2147.17	High	Reroute	Critical
2026-07-11T14:32:45.585304+00:00	CONT-1003	Grapes	Bengaluru	Delhi	1.26	91.17	0.086	2144.32	Low	Continue	Normal
2026-07-11T14:32:45.585808+00:00	CONT-1004	Mango	Bengaluru	Delhi	9.8	83.44	0.22	2147.16	High	Reroute	Critical
2026-07-11T14:32:46.588351+00:00	CONT-1000	Banana	Bengaluru	Delhi	12.19	88.44	0.113	2147.15	High	Reroute	Critical
2026-07-11T14:32:46.590327+00:00	CONT-1001	Avocado	Bengaluru	Delhi	4.36	91.95	0.427	2144.3	Medium	Continue	Warning
2026-07-11T14:32:46.591046+00:00	CONT-1002	Strawberry	Bengaluru	Delhi	11.08	94.33	0.591	2144.3	High	Reroute	Critical
2026-07-11T14:32:46.591485+00:00	CONT-1003	Grapes	Bengaluru	Delhi	1.28	91.33	0.104	2144.3	Low	Continue	Normal
2026-07-11T14:32:47.594704+00:00	CONT-1001	Avocado	Bengaluru	Delhi	4.28	91.75	0.433	2144.28	Medium	Continue	Warning
2026-07-11T14:32:49.605070+00:00	CONT-1000	Banana	Bengaluru	Delhi	12.07	88.34	0.129	2147.12	High	Reroute	Critical
2026-07-11T14:32:49.608076+00:00	CONT-1002	Strawberry	Bengaluru	Delhi	11.19	94.97	0.6	2144.24	High	Reroute	Critical
2026-07-11T14:32:49.609314+00:00	CONT-1003	Grapes	Bengaluru	Delhi	1.33	91.74	0.054	2144.24	Low	Continue	Normal
2026-07-11T14:32:50.612103+00:00	CONT-1000	Banana	Bengaluru	Delhi	12.07	87.97	0.136	2147.11	High	Reroute	Critical
2026-07-11T14:32:50.614854+00:00	CONT-1001	Avocado	Bengaluru	Delhi	4.33	91.29	0.433	2144.22	Medium	Continue	Warning
2026-07-11T14:32:50.616515+00:00	CONT-1002	Strawberry	Bengaluru	Delhi	11.22	94.66	1.141	2144.22	High	Reroute	Critical
2026-07-11T14:32:52.629450+00:00	CONT-1003	Grapes	Bengaluru	Delhi	1.4	92.03	0.046	2144.18	Low	Continue	Normal
2026-07-11T14:32:53.634614+00:00	CONT-1001	Avocado	Bengaluru	Delhi	4.27	90.55	0.447	2144.16	High	Reroute	Critical
2026-07-11T14:32:53.636764+00:00	CONT-1002	Strawberry	Bengaluru	Delhi	11.31	94.79	0.6	2144.16	High	Reroute	Critical
2026-07-11T14:32:53.637410+00:00	CONT-1003	Grapes	Bengaluru	Delhi	1.35	91.83	0.035	2144.16	Low	Continue	Normal
2026-07-11T14:32:54.642772+00:00	CONT-1001	Avocado	Bengaluru	Delhi	4.16	90.48	0.432	2144.14	High	Reroute	Critical
2026-07-11T14:32:54.643279+00:00	CONT-1002	Strawberry	Bengaluru	Delhi	11.36	95	0.6	2144.14	High	Reroute	Critical
2026-07-11T14:32:54.645544+00:00	CONT-1003	Grapes	Bengaluru	Delhi	1.28	91.82	0.053	2144.14	Low	Continue	Normal
2026-07-11T14:32:55.651591+00:00	CONT-1000	Banana	Bengaluru	Delhi	12.16	87.74	0.129	2147.06	High	Reroute	Critical
2026-07-11T14:32:56.658096+00:00	CONT-1000	Banana	Bengaluru	Delhi	12.07	87.65	0.149	2147.05	High	Reroute	Critical
2026-07-11T14:32:57.669099+00:00	CONT-1001	Avocado	Bengaluru	Delhi	4.44	90.22	0.415	2144.08	High	Reroute	Critical
2026-07-11T14:32:57.673247+00:00	CONT-1004	Mango	Bengaluru	Delhi	9.55	84.11	0.215	2147.04	High	Reroute	Critical
2026-07-11T14:32:58.678569+00:00	CONT-1001	Avocado	Bengaluru	Delhi	4.53	89.89	0.412	2144.06	High	Reroute	Critical
2026-07-11T14:32:59.687432+00:00	CONT-1001	Avocado	Bengaluru	Delhi	4.52	89.72	0.394	2144.04	High	Reroute	Critical
2026-07-11T14:32:59.689425+00:00	CONT-1003	Grapes	Bengaluru	Delhi	1.32	92.37	0.075	2144.04	Low	Continue	Normal
2026-07-11T14:33:00.692556+00:00	CONT-1001	Avocado	Bengaluru	Delhi	4.39	89.46	0.397	2144.02	High	Reroute	Critical
2026-07-11T14:33:01.702839+00:00	CONT-1002	Strawberry	Bengaluru	Delhi	11.64	94.56	0.576	2144	High	Reroute	Critical
2026-07-11T14:33:02.706523+00:00	CONT-1000	Banana	Bengaluru	Delhi	12.15	87.03	0.092	2146.99	High	Reroute	Critical
2026-07-11T14:33:02.708265+00:00	CONT-1001	Avocado	Bengaluru	Delhi	4.3	89.19	0.385	2143.98	High	Reroute	Critical
2026-07-11T14:33:02.708976+00:00	CONT-1002	Strawberry	Bengaluru	Delhi	11.68	94.43	0.561	2143.98	High	Reroute	Critical
2026-07-11T14:33:02.709454+00:00	CONT-1003	Grapes	Bengaluru	Delhi	1.38	92.59	0.08	2143.98	Low	Continue	Normal
2026-07-11T14:33:03.711423+00:00	CONT-1000	Banana	Bengaluru	Delhi	12.08	86.69	0.076	2146.98	High	Reroute	Critical
2026-07-11T14:33:04.722264+00:00	CONT-1004	Mango	Bengaluru	Delhi	9.32	83.66	0.162	2146.97	High	Reroute	Critical
2026-07-11T14:33:06.729927+00:00	CONT-1000	Banana	Bengaluru	Delhi	12	86.38	0.093	2146.95	High	Reroute	Critical
2026-07-11T14:33:06.732157+00:00	CONT-1002	Strawberry	Bengaluru	Delhi	11.85	94.61	0.589	2143.9	High	Reroute	Critical
2026-07-11T14:33:06.733550+00:00	CONT-1003	Grapes	Bengaluru	Delhi	1.65	92.11	0.104	2143.9	Low	Continue	Normal
2026-07-11T14:33:06.734066+00:00	CONT-1004	Mango	Bengaluru	Delhi	9.29	83.67	0.163	2146.95	High	Reroute	Critical
2026-07-11T14:33:07.738042+00:00	CONT-1001	Avocado	Bengaluru	Delhi	4.58	89.33	0.444	2143.88	High	Reroute	Critical
2026-07-11T14:33:07.740085+00:00	CONT-1002	Strawberry	Bengaluru	Delhi	11.88	94.45	0.595	2143.88	High	Reroute	Critical
2026-07-11T14:33:07.741292+00:00	CONT-1004	Mango	Bengaluru	Delhi	9.18	83.41	0.161	2146.94	High	Reroute	Critical
2026-07-11T14:33:08.743486+00:00	CONT-1000	Banana	Bengaluru	Delhi	12	86.78	0.087	2146.93	High	Reroute	Critical
2026-07-11T14:33:08.746517+00:00	CONT-1002	Strawberry	Bengaluru	Delhi	11.93	94.38	0.587	2143.86	High	Reroute	Critical
2026-07-11T14:33:08.747265+00:00	CONT-1003	Grapes	Bengaluru	Delhi	1.66	91.57	0.11	2143.86	Low	Continue	Normal
2026-07-11T14:33:08.747920+00:00	CONT-1004	Mango	Bengaluru	Delhi	9.11	83.8	0.167	2146.93	High	Reroute	Critical
2026-07-11T14:33:09.749362+00:00	CONT-1000	Banana	Bengaluru	Delhi	12	87.07	0.087	2146.92	High	Reroute	Critical
2026-07-11T14:33:09.758037+00:00	CONT-1003	Grapes	Bengaluru	Delhi	1.67	91.28	0.109	2143.84	Low	Continue	Normal
2026-07-11T14:33:10.765244+00:00	CONT-1001	Avocado	Bengaluru	Delhi	4.46	88.82	0.453	2143.82	High	Reroute	Critical
2026-07-11T14:33:10.767692+00:00	CONT-1003	Grapes	Bengaluru	Delhi	1.53	91.41	0.091	2143.82	Low	Continue	Normal
2026-07-11T14:33:10.769190+00:00	CONT-1004	Mango	Bengaluru	Delhi	9	83.5	0.15	2146.91	High	Reroute	Critical
2026-07-11T14:33:11.770266+00:00	CONT-1000	Banana	Bengaluru	Delhi	12.24	87.53	0.088	2146.9	High	Reroute	Critical
2026-07-11T14:33:11.771028+00:00	CONT-1001	Avocado	Bengaluru	Delhi	4.42	88.61	0.469	2143.8	High	Reroute	Critical
2026-07-11T14:33:11.772885+00:00	CONT-1002	Strawberry	Bengaluru	Delhi	12.03	93.68	0.6	2143.8	High	Reroute	Critical
2026-07-11T14:33:14.793083+00:00	CONT-1004	Mango	Bengaluru	Delhi	9.22	82.94	0.113	2146.87	High	Reroute	Critical
2026-07-11T14:33:15.798368+00:00	CONT-1003	Grapes	Bengaluru	Delhi	1.5	92.24	0.121	2143.72	Low	Continue	Normal
2026-07-11T14:33:16.800866+00:00	CONT-1000	Banana	Bengaluru	Delhi	12.1	86.77	0.119	2146.85	High	Reroute	Critical
2026-07-11T14:33:16.803246+00:00	CONT-1002	Strawberry	Bengaluru	Delhi	12.21	93.68	0.583	2143.7	High	Reroute	Critical
2026-07-11T14:33:16.804735+00:00	CONT-1003	Grapes	Bengaluru	Delhi	1.6	92.33	0.131	2143.7	Low	Continue	Normal
2026-07-11T14:33:16.805193+00:00	CONT-1004	Mango	Bengaluru	Delhi	9.14	82.46	0.126	2146.85	High	Reroute	Critical
2026-07-11T14:33:17.806414+00:00	CONT-1000	Banana	Bengaluru	Delhi	12.13	86.73	0.118	2146.84	High	Reroute	Critical
2026-07-11T14:33:18.815560+00:00	CONT-1001	Avocado	Bengaluru	Delhi	4.06	87.54	0.448	2143.66	High	Reroute	Critical
2026-07-11T14:33:19.823239+00:00	CONT-1003	Grapes	Bengaluru	Delhi	1.59	92.16	0.144	2143.64	Low	Continue	Normal
2026-07-11T14:33:19.824707+00:00	CONT-1004	Mango	Bengaluru	Delhi	9.04	82.91	0.127	2146.82	High	Reroute	Critical
2026-07-11T14:33:20.826189+00:00	CONT-1000	Banana	Bengaluru	Delhi	12.19	86.73	0.103	2146.81	High	Reroute	Critical
2026-07-11T14:33:20.829415+00:00	CONT-1002	Strawberry	Bengaluru	Delhi	12.35	94.38	0.595	2143.62	High	Reroute	Critical
2026-07-11T14:33:21.845671+00:00	CONT-1004	Mango	Bengaluru	Delhi	9	82.35	0.159	2146.8	High	Reroute	Critical
2026-07-11T14:33:22.847207+00:00	CONT-1000	Banana	Bengaluru	Delhi	12.25	87.04	0.095	2146.79	High	Reroute	Critical
2026-07-11T14:33:22.851771+00:00	CONT-1003	Grapes	Bengaluru	Delhi	1.21	91.65	0.109	2143.58	Low	Continue	Normal
2026-07-11T14:33:22.852589+00:00	CONT-1004	Mango	Bengaluru	Delhi	9	82.42	0.157	2146.79	High	Reroute	Critical
2026-07-11T14:33:23.854823+00:00	CONT-1001	Avocado	Bengaluru	Delhi	4	87.39	0.427	2143.56	High	Reroute	Critical
2026-07-11T14:33:24.860090+00:00	CONT-1000	Banana	Bengaluru	Delhi	12.19	87.16	0.08	2146.77	High	Reroute	Critical
2026-07-11T14:33:24.863573+00:00	CONT-1002	Strawberry	Bengaluru	Delhi	12.48	94.29	1.06	2143.54	High	Reroute	Critical
2026-07-11T14:33:24.864381+00:00	CONT-1003	Grapes	Bengaluru	Delhi	0.99	91.06	0.096	2143.54	Low	Continue	Normal
2026-07-11T14:33:24.865319+00:00	CONT-1004	Mango	Bengaluru	Delhi	9.08	82.86	0.185	2146.77	High	Reroute	Critical
2026-07-11T14:33:25.867722+00:00	CONT-1001	Avocado	Bengaluru	Delhi	4.19	87.42	0.427	2143.52	High	Reroute	Critical
2026-07-11T14:33:25.869790+00:00	CONT-1002	Strawberry	Bengaluru	Delhi	12.51	94.12	0.6	2143.52	High	Reroute	Critical
2026-07-11T14:33:25.870430+00:00	CONT-1003	Grapes	Bengaluru	Delhi	1.06	91.28	0.106	2143.52	Low	Continue	Normal
2026-07-11T14:33:26.873389+00:00	CONT-1000	Banana	Bengaluru	Delhi	12.22	87.21	0.072	2146.75	High	Reroute	Critical
2026-07-11T14:33:26.874475+00:00	CONT-1001	Avocado	Bengaluru	Delhi	4.32	87.3	0.418	2143.5	High	Reroute	Critical
2026-07-11T14:33:26.878052+00:00	CONT-1003	Grapes	Bengaluru	Delhi	0.96	91.58	0.106	2143.5	Low	Continue	Normal
2026-07-11T14:33:26.878498+00:00	CONT-1004	Mango	Bengaluru	Delhi	9.24	82.74	0.171	2146.75	High	Reroute	Critical
2026-07-11T14:33:30.897838+00:00	CONT-1001	Avocado	Bengaluru	Delhi	4.3	87.32	0.402	2143.42	High	Reroute	Critical
2026-07-11T14:33:31.905226+00:00	CONT-1002	Strawberry	Bengaluru	Delhi	12.72	95	0.584	2143.4	High	Reroute	Critical
2026-07-11T14:33:32.910742+00:00	CONT-1001	Avocado	Bengaluru	Delhi	4.07	87.58	0.368	2143.38	High	Reroute	Critical
2026-07-11T14:33:32.913631+00:00	CONT-1003	Grapes	Bengaluru	Delhi	1.15	91.07	0.136	2143.38	Low	Continue	Normal
2026-07-11T14:33:32.915620+00:00	CONT-1004	Mango	Bengaluru	Delhi	9.3	82.11	0.166	2146.69	High	Reroute	Critical
2026-07-11T14:33:33.918108+00:00	CONT-1000	Banana	Bengaluru	Delhi	12.32	87.96	0.105	2146.68	High	Reroute	Critical
2026-07-11T14:33:34.924339+00:00	CONT-1000	Banana	Bengaluru	Delhi	12.42	88.34	0.107	2146.67	High	Reroute	Critical
2026-07-11T14:33:34.926321+00:00	CONT-1001	Avocado	Bengaluru	Delhi	4.1	87.31	0.373	2143.34	High	Reroute	Critical
2026-07-11T14:33:34.928399+00:00	CONT-1003	Grapes	Bengaluru	Delhi	1.2	91	0.115	2143.34	Low	Continue	Normal
2026-07-11T14:33:35.931483+00:00	CONT-1000	Banana	Bengaluru	Delhi	12.4	88.42	0.121	2146.66	High	Reroute	Critical
2026-07-11T14:33:35.933922+00:00	CONT-1002	Strawberry	Bengaluru	Delhi	12.89	94.97	0.586	2143.32	High	Reroute	Critical
2026-07-11T14:33:36.939458+00:00	CONT-1000	Banana	Bengaluru	Delhi	12.35	88.8	0.108	2146.65	High	Reroute	Critical
2026-07-11T14:33:36.940400+00:00	CONT-1001	Avocado	Bengaluru	Delhi	4.11	87.35	0.392	2143.3	High	Reroute	Critical
2026-07-11T14:33:36.943010+00:00	CONT-1003	Grapes	Bengaluru	Delhi	1.24	91.16	0.118	2143.3	Low	Continue	Normal
2026-07-11T14:33:36.943682+00:00	CONT-1004	Mango	Bengaluru	Delhi	9.39	82.58	0.162	2146.65	High	Reroute	Critical
2026-07-11T14:33:37.947288+00:00	CONT-1001	Avocado	Bengaluru	Delhi	4.23	87.32	0.412	2143.28	High	Reroute	Critical
2026-07-11T14:33:37.949798+00:00	CONT-1002	Strawberry	Bengaluru	Delhi	12.98	95	0.58	2143.28	High	Reroute	Critical
2026-07-11T14:33:37.951593+00:00	CONT-1004	Mango	Bengaluru	Delhi	9.5	82.84	0.157	2146.64	High	Reroute	Critical
2026-07-11T14:33:38.955328+00:00	CONT-1001	Avocado	Bengaluru	Delhi	4.34	87.22	0.406	2143.26	High	Reroute	Critical
2026-07-11T14:33:39.963943+00:00	CONT-1000	Banana	Bengaluru	Delhi	12.12	89.23	0.105	2146.62	High	Reroute	Critical
2026-07-11T14:33:40.974261+00:00	CONT-1001	Avocado	Bengaluru	Delhi	4.17	87.74	0.382	2143.22	High	Reroute	Critical
2026-07-11T14:33:40.978840+00:00	CONT-1004	Mango	Bengaluru	Delhi	9.69	82.59	0.149	2146.61	High	Reroute	Critical
2026-07-11T14:33:41.980245+00:00	CONT-1000	Banana	Bengaluru	Delhi	12.1	88.98	0.137	2146.6	High	Reroute	Critical
2026-07-11T14:33:42.986156+00:00	CONT-1000	Banana	Bengaluru	Delhi	12.14	89.33	0.146	2146.59	High	Reroute	Critical
2026-07-11T14:33:44.997064+00:00	CONT-1000	Banana	Bengaluru	Delhi	12.24	89.21	0.181	2146.57	High	Reroute	Critical
2026-07-11T14:33:45.000425+00:00	CONT-1003	Grapes	Bengaluru	Delhi	1.67	91.66	0.128	2143.14	Low	Continue	Normal
2026-07-11T14:33:47.008506+00:00	CONT-1001	Avocado	Bengaluru	Delhi	4.42	88.04	0.339	2143.1	High	Reroute	Critical
2026-07-11T14:33:47.010092+00:00	CONT-1002	Strawberry	Bengaluru	Delhi	13.31	94.59	0.6	2143.1	High	Reroute	Critical
2026-07-11T14:33:47.010834+00:00	CONT-1003	Grapes	Bengaluru	Delhi	1.6	92.11	0.121	2143.1	Low	Continue	Normal
2026-07-11T14:33:47.011783+00:00	CONT-1004	Mango	Bengaluru	Delhi	9.58	81.95	0.118	2146.55	High	Reroute	Critical
2026-07-11T14:33:48.015970+00:00	CONT-1001	Avocado	Bengaluru	Delhi	4.53	88.07	0.335	2143.08	High	Reroute	Critical
2026-07-11T14:33:48.019398+00:00	CONT-1004	Mango	Bengaluru	Delhi	9.61	81.59	0.114	2146.54	High	Reroute	Critical
2026-07-11T14:33:49.024284+00:00	CONT-1002	Strawberry	Bengaluru	Delhi	13.4	94.44	0.583	2143.06	High	Reroute	Critical
2026-07-11T14:33:52.051542+00:00	CONT-1003	Grapes	Bengaluru	Delhi	1.48	93.39	0.117	2143	Low	Continue	Normal
2026-07-11T14:33:53.056780+00:00	CONT-1001	Avocado	Bengaluru	Delhi	4.43	87.6	0.323	2142.98	High	Reroute	Critical
2026-07-11T14:33:53.057394+00:00	CONT-1002	Strawberry	Bengaluru	Delhi	13.53	94.79	0.6	2142.98	High	Reroute	Critical
2026-07-11T14:33:53.061553+00:00	CONT-1004	Mango	Bengaluru	Delhi	9.57	81.29	0.066	2146.49	High	Reroute	Critical
2026-07-11T14:33:54.067466+00:00	CONT-1002	Strawberry	Bengaluru	Delhi	13.57	95	0.6	2142.96	High	Reroute	Critical
2026-07-11T14:33:54.070112+00:00	CONT-1003	Grapes	Bengaluru	Delhi	1.46	94.12	0.116	2142.96	Low	Continue	Normal
2026-07-11T14:33:56.083367+00:00	CONT-1001	Avocado	Bengaluru	Delhi	4.56	88.22	0.305	2142.92	High	Reroute	Critical
2026-07-11T14:33:56.086867+00:00	CONT-1004	Mango	Bengaluru	Delhi	9.58	80.96	0.043	2146.46	High	Reroute	Critical
2026-07-11T14:33:57.089641+00:00	CONT-1000	Banana	Bengaluru	Delhi	12.52	89.05	0.211	2146.45	High	Reroute	Critical
2026-07-11T14:33:58.103376+00:00	CONT-1003	Grapes	Bengaluru	Delhi	1.42	93.54	0.112	2142.88	Low	Continue	Normal
2026-07-11T14:33:59.106887+00:00	CONT-1000	Banana	Bengaluru	Delhi	12.38	89.15	0.186	2146.43	High	Reroute	Critical
2026-07-11T14:34:00.117125+00:00	CONT-1002	Strawberry	Bengaluru	Delhi	13.78	94.35	0.564	2142.84	High	Reroute	Critical
2026-07-11T14:34:01.130434+00:00	CONT-1002	Strawberry	Bengaluru	Delhi	13.81	93.98	0.942	2142.82	High	Reroute	Critical
2026-07-11T14:34:01.133012+00:00	CONT-1003	Grapes	Bengaluru	Delhi	1.31	92.93	0.117	2142.82	Low	Continue	Normal
2026-07-11T14:34:02.145514+00:00	CONT-1004	Mango	Bengaluru	Delhi	9.75	81.52	0.036	2146.4	High	Reroute	Critical
2026-07-11T14:34:04.157887+00:00	CONT-1001	Avocado	Bengaluru	Delhi	4.18	87.13	0.287	2142.76	High	Reroute	Critical
2026-07-11T14:34:04.160153+00:00	CONT-1002	Strawberry	Bengaluru	Delhi	13.93	94.09	0.592	2142.76	High	Reroute	Critical
2026-07-11T14:34:06.167190+00:00	CONT-1000	Banana	Bengaluru	Delhi	12.29	90	0.206	2146.36	High	Reroute	Critical
2026-07-11T14:34:06.169043+00:00	CONT-1001	Avocado	Bengaluru	Delhi	4.19	87.05	0.275	2142.72	High	Reroute	Critical
2026-07-11T14:34:06.169691+00:00	CONT-1002	Strawberry	Bengaluru	Delhi	13.98	93.97	0.6	2142.72	High	Reroute	Critical
2026-07-11T14:34:07.175167+00:00	CONT-1000	Banana	Bengaluru	Delhi	12.35	89.68	0.19	2146.35	High	Reroute	Critical
2026-07-11T14:34:07.176719+00:00	CONT-1001	Avocado	Bengaluru	Delhi	4.13	87.2	0.261	2142.7	High	Reroute	Critical
2026-07-11T14:34:07.177333+00:00	CONT-1002	Strawberry	Bengaluru	Delhi	14.01	94.11	0.6	2142.7	High	Reroute	Critical
2026-07-11T14:34:07.179526+00:00	CONT-1004	Mango	Bengaluru	Delhi	9.78	82.16	0.006	2146.35	High	Reroute	Critical
2026-07-11T14:34:08.180960+00:00	CONT-1000	Banana	Bengaluru	Delhi	12.32	89.5	0.175	2146.34	High	Reroute	Critical
2026-07-11T14:34:08.188892+00:00	CONT-1003	Grapes	Bengaluru	Delhi	1.56	93.56	0.133	2142.68	Low	Continue	Normal
2026-07-11T14:34:08.193435+00:00	CONT-1004	Mango	Bengaluru	Delhi	9.72	81.9	0.019	2146.34	High	Reroute	Critical
2026-07-11T14:34:09.196073+00:00	CONT-1000	Banana	Bengaluru	Delhi	12.2	89.27	0.167	2146.33	High	Reroute	Critical
2026-07-11T14:34:09.199173+00:00	CONT-1002	Strawberry	Bengaluru	Delhi	14.06	94	0.586	2142.66	High	Reroute	Critical
2026-07-11T14:34:09.199947+00:00	CONT-1003	Grapes	Bengaluru	Delhi	1.67	93.96	0.138	2142.66	Low	Continue	Normal
2026-07-11T14:34:11.208917+00:00	CONT-1000	Banana	Bengaluru	Delhi	12	89.65	0.192	2146.31	High	Reroute	Critical
2026-07-11T14:34:13.224713+00:00	CONT-1002	Strawberry	Bengaluru	Delhi	14.21	94.11	0.6	2142.58	High	Reroute	Critical
2026-07-11T14:34:13.227581+00:00	CONT-1003	Grapes	Bengaluru	Delhi	1.52	93.54	0.146	2142.58	Low	Continue	Normal
2026-07-11T14:34:14.236142+00:00	CONT-1004	Mango	Bengaluru	Delhi	9.64	82.27	0.038	2146.28	High	Reroute	Critical
2026-07-11T14:34:15.240627+00:00	CONT-1001	Avocado	Bengaluru	Delhi	4.07	87.67	0.288	2142.54	High	Reroute	Critical
2026-07-11T14:34:15.251822+00:00	CONT-1004	Mango	Bengaluru	Delhi	9.72	81.92	0.042	2146.27	High	Reroute	Critical
2026-07-11T14:34:16.253644+00:00	CONT-1000	Banana	Bengaluru	Delhi	12	89.25	0.184	2146.26	High	Reroute	Critical
2026-07-11T14:34:16.257799+00:00	CONT-1002	Strawberry	Bengaluru	Delhi	14.32	93.67	0.6	2142.52	High	Reroute	Critical
2026-07-11T14:34:16.259065+00:00	CONT-1003	Grapes	Bengaluru	Delhi	1.68	93.69	0.148	2142.52	Low	Continue	Normal
2026-07-11T14:34:18.266756+00:00	CONT-1000	Banana	Bengaluru	Delhi	12	89.32	0.189	2146.24	High	Reroute	Critical
2026-07-11T14:34:19.278066+00:00	CONT-1001	Avocado	Bengaluru	Delhi	4.21	87.68	0.27	2142.46	High	Reroute	Critical
2026-07-11T14:34:19.278691+00:00	CONT-1002	Strawberry	Bengaluru	Delhi	14.43	93.93	0.595	2142.46	High	Reroute	Critical
2026-07-11T14:34:19.280841+00:00	CONT-1004	Mango	Bengaluru	Delhi	9.39	81.75	0.026	2146.23	High	Reroute	Critical
2026-07-11T14:34:20.282436+00:00	CONT-1000	Banana	Bengaluru	Delhi	12	89.49	0.175	2146.22	High	Reroute	Critical
2026-07-11T14:34:20.284773+00:00	CONT-1001	Avocado	Bengaluru	Delhi	4.18	88.03	0.275	2142.44	High	Reroute	Critical
2026-07-11T14:34:20.287728+00:00	CONT-1004	Mango	Bengaluru	Delhi	9.54	81.86	0.045	2146.22	High	Reroute	Critical
2026-07-11T14:34:21.291899+00:00	CONT-1000	Banana	Bengaluru	Delhi	12	89.58	0.169	2146.21	High	Reroute	Critical
2026-07-11T14:34:21.295710+00:00	CONT-1003	Grapes	Bengaluru	Delhi	1.5	95	0.116	2142.42	Low	Continue	Normal
2026-07-11T14:34:23.307645+00:00	CONT-1002	Strawberry	Bengaluru	Delhi	14.58	94.22	0.59	2142.38	High	Reroute	Critical
2026-07-11T14:34:24.316272+00:00	CONT-1003	Grapes	Bengaluru	Delhi	1.57	94.72	0.137	2142.36	Low	Continue	Normal
2026-07-11T14:34:24.316991+00:00	CONT-1004	Mango	Bengaluru	Delhi	9.61	81.47	0.07	2146.18	High	Reroute	Critical
2026-07-11T14:34:26.329207+00:00	CONT-1000	Banana	Bengaluru	Delhi	12.16	89	0.194	2146.16	High	Reroute	Critical
2026-07-11T14:34:26.331660+00:00	CONT-1002	Strawberry	Bengaluru	Delhi	14.69	94.67	0.6	2142.32	High	Reroute	Critical
2026-07-11T14:34:26.334356+00:00	CONT-1003	Grapes	Bengaluru	Delhi	1.61	94.39	0.122	2142.32	Low	Continue	Normal
2026-07-11T14:34:26.335121+00:00	CONT-1004	Mango	Bengaluru	Delhi	9.63	81.86	0.054	2146.16	High	Reroute	Critical
2026-07-11T14:34:27.339281+00:00	CONT-1000	Banana	Bengaluru	Delhi	12.07	89.05	0.212	2146.15	High	Reroute	Critical
2026-07-11T14:34:28.345508+00:00	CONT-1000	Banana	Bengaluru	Delhi	12.02	88.67	0.232	2146.14	High	Reroute	Critical
2026-07-11T14:34:29.352776+00:00	CONT-1000	Banana	Bengaluru	Delhi	12	88.39	0.213	2146.13	High	Reroute	Critical
2026-07-11T14:34:29.355180+00:00	CONT-1001	Avocado	Bengaluru	Delhi	4.5	87.89	0.312	2142.26	High	Reroute	Critical
2026-07-11T14:34:29.357646+00:00	CONT-1003	Grapes	Bengaluru	Delhi	1.71	94.27	0.12	2142.26	Low	Continue	Normal
2026-07-11T14:34:31.370158+00:00	CONT-1002	Strawberry	Bengaluru	Delhi	14.86	94.72	0.584	2142.22	High	Reroute	Critical
2026-07-11T14:34:31.376093+00:00	CONT-1004	Mango	Bengaluru	Delhi	9.88	81.52	0.091	2146.11	High	Reroute	Critical
2026-07-11T14:34:32.377682+00:00	CONT-1000	Banana	Bengaluru	Delhi	12	88.53	0.226	2146.1	High	Reroute	Critical
2026-07-11T14:34:32.379572+00:00	CONT-1001	Avocado	Bengaluru	Delhi	4.54	88.87	0.291	2142.2	High	Reroute	Critical
2026-07-11T14:34:32.380160+00:00	CONT-1002	Strawberry	Bengaluru	Delhi	14.9	94.69	1.019	2142.2	High	Reroute	Critical
2026-07-11T14:34:32.380836+00:00	CONT-1003	Grapes	Bengaluru	Delhi	1.33	94.27	0.126	2142.2	Low	Continue	Normal
2026-07-11T14:34:32.381243+00:00	CONT-1004	Mango	Bengaluru	Delhi	9.89	81.89	0.108	2146.1	High	Reroute	Critical
2026-07-11T14:34:33.385948+00:00	CONT-1002	Strawberry	Bengaluru	Delhi	14.95	94.91	0.6	2142.18	High	Reroute	Critical
2026-07-11T14:34:33.387575+00:00	CONT-1003	Grapes	Bengaluru	Delhi	1.34	94.09	0.112	2142.18	Low	Continue	Normal
2026-07-11T14:34:33.388751+00:00	CONT-1004	Mango	Bengaluru	Delhi	9.87	81.68	0.102	2146.09	High	Reroute	Critical
2026-07-11T14:34:34.391698+00:00	CONT-1001	Avocado	Bengaluru	Delhi	4.6	88.67	0.273	2142.16	High	Reroute	Critical
2026-07-11T14:34:35.403196+00:00	CONT-1000	Banana	Bengaluru	Delhi	12	88.71	0.243	2146.07	High	Reroute	Critical
2026-07-11T14:34:35.405400+00:00	CONT-1001	Avocado	Bengaluru	Delhi	4.7	88.81	0.264	2142.14	High	Reroute	Critical
2026-07-11T14:34:35.406693+00:00	CONT-1003	Grapes	Bengaluru	Delhi	1.29	94.25	0.107	2142.14	Low	Continue	Normal
2026-07-11T14:34:36.412858+00:00	CONT-1002	Strawberry	Bengaluru	Delhi	15.03	94.4	0.6	2142.12	High	Reroute	Critical
2026-07-11T14:34:36.415612+00:00	CONT-1004	Mango	Bengaluru	Delhi	10.01	81.63	0.075	2146.06	High	Reroute	Critical
2026-07-11T14:34:37.417827+00:00	CONT-1000	Banana	Bengaluru	Delhi	12.05	88.55	0.259	2146.05	High	Reroute	Critical
2026-07-11T14:34:37.422336+00:00	CONT-1004	Mango	Bengaluru	Delhi	10.11	81.61	0.056	2146.05	High	Reroute	Critical
2026-07-11T14:34:39.439142+00:00	CONT-1000	Banana	Bengaluru	Delhi	12	88.06	0.225	2146.03	High	Reroute	Critical
2026-07-11T14:34:39.439894+00:00	CONT-1001	Avocado	Bengaluru	Delhi	4.57	89.12	0.287	2142.06	High	Reroute	Critical
2026-07-11T14:34:40.446786+00:00	CONT-1001	Avocado	Bengaluru	Delhi	4.69	88.76	0.289	2142.04	High	Reroute	Critical
2026-07-11T14:34:40.449942+00:00	CONT-1004	Mango	Bengaluru	Delhi	10.05	81.98	0.068	2146.02	High	Reroute	Critical
2026-07-11T14:34:41.453342+00:00	CONT-1001	Avocado	Bengaluru	Delhi	4.71	89.08	0.27	2142.02	High	Reroute	Critical
2026-07-11T14:34:41.454122+00:00	CONT-1002	Strawberry	Bengaluru	Delhi	15.2	94.58	0.576	2142.02	High	Reroute	Critical
2026-07-11T14:34:41.455885+00:00	CONT-1004	Mango	Bengaluru	Delhi	9.95	81.77	0.067	2146.01	High	Reroute	Critical
2026-07-11T14:34:43.462295+00:00	CONT-1000	Banana	Bengaluru	Delhi	12.05	87.81	0.259	2145.99	High	Reroute	Critical
2026-07-11T14:34:43.464798+00:00	CONT-1002	Strawberry	Bengaluru	Delhi	15.25	95	0.6	2141.98	High	Reroute	Critical
2026-07-11T14:34:43.470711+00:00	CONT-1003	Grapes	Bengaluru	Delhi	0.75	94.03	0.134	2141.98	Low	Continue	Normal
2026-07-11T14:34:44.478284+00:00	CONT-1004	Mango	Bengaluru	Delhi	9.98	81.95	0.078	2145.98	High	Reroute	Critical
2026-07-11T14:34:45.484166+00:00	CONT-1003	Grapes	Bengaluru	Delhi	0.66	94.68	0.128	2141.94	Low	Continue	Normal
2026-07-11T14:34:46.491508+00:00	CONT-1001	Avocado	Bengaluru	Delhi	4.9	89.11	0.271	2141.92	High	Reroute	Critical
2026-07-11T14:34:46.503873+00:00	CONT-1004	Mango	Bengaluru	Delhi	10.03	81.47	0.046	2145.96	High	Reroute	Critical
2026-07-11T14:34:47.510044+00:00	CONT-1002	Strawberry	Bengaluru	Delhi	15.42	94.97	0.558	2141.9	High	Reroute	Critical
2026-07-11T14:34:48.513884+00:00	CONT-1000	Banana	Bengaluru	Delhi	12.04	88.57	0.298	2145.94	High	Reroute	Critical
2026-07-11T14:34:48.519558+00:00	CONT-1004	Mango	Bengaluru	Delhi	10.2	81.51	0.025	2145.94	High	Reroute	Critical
2026-07-11T14:34:49.528884+00:00	CONT-1004	Mango	Bengaluru	Delhi	10.28	81.7	0.039	2145.93	High	Reroute	Critical
2026-07-11T14:34:51.544225+00:00	CONT-1003	Grapes	Bengaluru	Delhi	0.83	93.79	0.115	2141.82	Low	Continue	Normal
2026-07-11T14:34:52.549554+00:00	CONT-1002	Strawberry	Bengaluru	Delhi	15.61	94.74	0.533	2141.8	High	Reroute	Critical
2026-07-11T14:34:53.555693+00:00	CONT-1000	Banana	Bengaluru	Delhi	12.31	88.71	0.327	2145.89	High	Reroute	Critical
2026-07-11T14:34:53.556737+00:00	CONT-1001	Avocado	Bengaluru	Delhi	4.69	88.95	0.307	2141.78	High	Reroute	Critical
2026-07-11T14:34:53.561050+00:00	CONT-1004	Mango	Bengaluru	Delhi	10.25	81.13	0.048	2145.89	High	Reroute	Critical
2026-07-11T14:34:55.576108+00:00	CONT-1004	Mango	Bengaluru	Delhi	10.4	81.1	0.033	2145.87	High	Reroute	Critical
2026-07-11T14:34:56.579925+00:00	CONT-1001	Avocado	Bengaluru	Delhi	4.48	88.36	0.319	2141.72	High	Reroute	Critical
2026-07-11T14:34:56.581516+00:00	CONT-1002	Strawberry	Bengaluru	Delhi	15.76	93.82	0.488	2141.72	High	Reroute	Critical
2026-07-11T14:34:56.583771+00:00	CONT-1003	Grapes	Bengaluru	Delhi	1.01	93.83	0.118	2141.72	Low	Continue	Normal
2026-07-11T14:34:56.584272+00:00	CONT-1004	Mango	Bengaluru	Delhi	10.38	81.35	0.035	2145.86	High	Reroute	Critical
2026-07-11T14:34:57.585556+00:00	CONT-1000	Banana	Bengaluru	Delhi	12.33	89.29	0.313	2145.85	High	Reroute	Critical
2026-07-11T14:34:58.593260+00:00	CONT-1002	Strawberry	Bengaluru	Delhi	15.83	94.28	0.478	2141.68	High	Reroute	Critical
2026-07-11T14:35:00.610206+00:00	CONT-1004	Mango	Bengaluru	Delhi	10.53	80.78	0.009	2145.82	High	Reroute	Critical
2026-07-11T14:35:02.619818+00:00	CONT-1001	Avocado	Bengaluru	Delhi	4.52	89.37	0.33	2141.6	High	Reroute	Critical
2026-07-11T14:35:02.625256+00:00	CONT-1004	Mango	Bengaluru	Delhi	10.75	80.7	0.021	2145.8	High	Reroute	Critical
2026-07-11T14:35:03.626570+00:00	CONT-1000	Banana	Bengaluru	Delhi	12.09	88.76	0.313	2145.79	High	Reroute	Critical
2026-07-11T14:35:03.629055+00:00	CONT-1002	Strawberry	Bengaluru	Delhi	15.99	94.88	0.59	2141.58	High	Reroute	Critical
2026-07-11T14:35:03.630480+00:00	CONT-1003	Grapes	Bengaluru	Delhi	1.31	94.47	0.11	2141.58	Low	Continue	Normal
2026-07-11T14:35:03.631015+00:00	CONT-1004	Mango	Bengaluru	Delhi	10.89	81.11	0.009	2145.79	High	Reroute	Critical
2026-07-11T14:35:04.632392+00:00	CONT-1000	Banana	Bengaluru	Delhi	12.07	88.64	0.316	2145.78	High	Reroute	Critical
2026-07-11T14:35:04.635610+00:00	CONT-1001	Avocado	Bengaluru	Delhi	4.4	89.54	0.331	2141.56	High	Reroute	Critical
2026-07-11T14:35:04.636625+00:00	CONT-1002	Strawberry	Bengaluru	Delhi	16.02	94.95	0.573	2141.56	High	Reroute	Critical
2026-07-11T14:35:07.660207+00:00	CONT-1001	Avocado	Bengaluru	Delhi	4.36	88.89	0.321	2141.5	High	Reroute	Critical
2026-07-11T14:35:07.664383+00:00	CONT-1004	Mango	Bengaluru	Delhi	11.01	81.05	0.005	2145.75	High	Reroute	Critical
2026-07-11T14:35:08.672009+00:00	CONT-1000	Banana	Bengaluru	Delhi	12.23	88.13	0.3	2145.74	High	Reroute	Critical
2026-07-11T14:35:08.674011+00:00	CONT-1001	Avocado	Bengaluru	Delhi	4.45	88.85	0.333	2141.48	High	Reroute	Critical
2026-07-11T14:35:08.674880+00:00	CONT-1002	Strawberry	Bengaluru	Delhi	16.15	94.93	0.6	2141.48	High	Reroute	Critical
2026-07-11T14:35:08.675322+00:00	CONT-1003	Grapes	Bengaluru	Delhi	1.48	94.24	0.1	2141.48	Low	Continue	Normal
2026-07-11T14:35:08.675653+00:00	CONT-1004	Mango	Bengaluru	Delhi	11	80.89	0.016	2145.74	High	Reroute	Critical
2026-07-11T14:35:09.677074+00:00	CONT-1000	Banana	Bengaluru	Delhi	12.32	88.45	0.289	2145.73	High	Reroute	Critical
2026-07-11T14:35:09.680499+00:00	CONT-1003	Grapes	Bengaluru	Delhi	1.44	94.51	0.116	2141.46	Low	Continue	Normal
2026-07-11T14:35:09.682485+00:00	CONT-1004	Mango	Bengaluru	Delhi	10.98	80.64	0.009	2145.73	High	Reroute	Critical
2026-07-11T14:35:10.684800+00:00	CONT-1001	Avocado	Bengaluru	Delhi	4.36	88.86	0.329	2141.44	High	Reroute	Critical
2026-07-11T14:35:10.689266+00:00	CONT-1004	Mango	Bengaluru	Delhi	11.01	80.71	0	2145.72	High	Reroute	Critical
2026-07-11T14:35:11.701675+00:00	CONT-1004	Mango	Bengaluru	Delhi	11.12	80.83	0.015	2145.71	High	Reroute	Critical
2026-07-11T14:35:14.719722+00:00	CONT-1003	Grapes	Bengaluru	Delhi	1.31	94.55	0.055	2141.36	Low	Continue	Normal
2026-07-11T14:35:15.727831+00:00	CONT-1004	Mango	Bengaluru	Delhi	10.91	80.4	0.032	2145.67	High	Reroute	Critical
2026-07-11T14:35:17.745107+00:00	CONT-1003	Grapes	Bengaluru	Delhi	1.36	94.24	0.086	2141.3	Low	Continue	Normal
2026-07-11T14:35:18.749941+00:00	CONT-1000	Banana	Bengaluru	Delhi	12.25	87.55	0.287	2145.64	High	Reroute	Critical
2026-07-11T14:35:19.758109+00:00	CONT-1000	Banana	Bengaluru	Delhi	12.13	87.22	0.286	2145.63	High	Reroute	Critical
2026-07-11T14:35:19.761744+00:00	CONT-1003	Grapes	Bengaluru	Delhi	1.6	94.38	0.075	2141.26	Low	Continue	Normal
2026-07-11T14:35:20.769183+00:00	CONT-1001	Avocado	Bengaluru	Delhi	4.24	88.98	0.277	2141.24	High	Reroute	Critical
2026-07-11T14:35:20.770548+00:00	CONT-1002	Strawberry	Bengaluru	Delhi	16.61	94.4	0.564	2141.24	High	Reroute	Critical
2026-07-11T14:35:20.771417+00:00	CONT-1003	Grapes	Bengaluru	Delhi	1.54	94.13	0.077	2141.24	Low	Continue	Normal
2026-07-11T14:35:20.774393+00:00	CONT-1004	Mango	Bengaluru	Delhi	11.08	81.45	0.017	2145.62	High	Reroute	Critical
2026-07-11T14:35:21.775566+00:00	CONT-1000	Banana	Bengaluru	Delhi	12.22	87.78	0.285	2145.61	High	Reroute	Critical
2026-07-11T14:35:21.778320+00:00	CONT-1002	Strawberry	Bengaluru	Delhi	16.64	94.16	0.567	2141.22	High	Reroute	Critical
2026-07-11T14:35:21.779848+00:00	CONT-1003	Grapes	Bengaluru	Delhi	1.49	94.48	0.096	2141.22	Low	Continue	Normal
2026-07-11T14:35:23.795411+00:00	CONT-1002	Strawberry	Bengaluru	Delhi	16.71	93.43	0.574	2141.18	High	Reroute	Critical
2026-07-11T14:35:24.801424+00:00	CONT-1002	Strawberry	Bengaluru	Delhi	16.76	93.14	0.589	2141.16	High	Reroute	Critical
2026-07-11T14:35:25.811248+00:00	CONT-1000	Banana	Bengaluru	Delhi	12.17	88.44	0.3	2145.57	High	Reroute	Critical
2026-07-11T14:35:25.817490+00:00	CONT-1004	Mango	Bengaluru	Delhi	11.07	81.5	0.005	2145.57	Medium	Continue	Warning
2026-07-11T14:35:26.819763+00:00	CONT-1000	Banana	Bengaluru	Delhi	12.11	88.82	0.313	2145.56	High	Reroute	Critical
2026-07-11T14:35:27.830122+00:00	CONT-1004	Mango	Bengaluru	Delhi	10.9	81.64	0	2145.55	Medium	Continue	Warning
2026-07-11T14:35:28.833711+00:00	CONT-1001	Avocado	Bengaluru	Delhi	4.32	88.28	0.308	2141.08	High	Reroute	Critical
2026-07-11T14:35:29.843641+00:00	CONT-1002	Strawberry	Bengaluru	Delhi	16.94	93.22	0.58	2141.06	High	Reroute	Critical
2026-07-11T14:35:29.848966+00:00	CONT-1004	Mango	Bengaluru	Delhi	11.08	81.85	0	2145.53	Medium	Continue	Warning
2026-07-11T14:35:31.856996+00:00	CONT-1000	Banana	Bengaluru	Delhi	12.21	88.7	0.293	2145.51	High	Reroute	Critical
2026-07-11T14:35:31.859554+00:00	CONT-1002	Strawberry	Bengaluru	Delhi	17.01	93.39	0.6	2141.02	High	Reroute	Critical
2026-07-11T14:35:31.861416+00:00	CONT-1003	Grapes	Bengaluru	Delhi	1.66	94.44	0.042	2141.02	Low	Continue	Normal
2026-07-11T14:35:32.863402+00:00	CONT-1000	Banana	Bengaluru	Delhi	12.3	88.53	0.306	2145.5	High	Reroute	Critical
2026-07-11T14:35:32.864161+00:00	CONT-1001	Avocado	Bengaluru	Delhi	4.33	88.29	0.324	2141	High	Reroute	Critical
2026-07-11T14:35:32.868637+00:00	CONT-1004	Mango	Bengaluru	Delhi	11.03	81.7	0.025	2145.5	Medium	Continue	Warning
2026-07-11T14:35:33.871132+00:00	CONT-1000	Banana	Bengaluru	Delhi	12.27	88.25	0.313	2145.49	High	Reroute	Critical
2026-07-11T14:35:33.872715+00:00	CONT-1001	Avocado	Bengaluru	Delhi	4.47	88.38	0.33	2140.98	High	Reroute	Critical
2026-07-11T14:35:33.873323+00:00	CONT-1002	Strawberry	Bengaluru	Delhi	17.09	93.65	0.6	2140.98	High	Reroute	Critical
2026-07-11T14:35:34.880807+00:00	CONT-1000	Banana	Bengaluru	Delhi	12.21	88.08	0.326	2145.48	High	Reroute	Critical
2026-07-11T14:35:34.887800+00:00	CONT-1003	Grapes	Bengaluru	Delhi	1.8	94.12	0.025	2140.96	Low	Continue	Normal
2026-07-11T14:35:34.889542+00:00	CONT-1004	Mango	Bengaluru	Delhi	10.93	81.32	0.012	2145.48	Medium	Continue	Warning
2026-07-11T14:35:35.890738+00:00	CONT-1000	Banana	Bengaluru	Delhi	12.32	88.39	0.325	2145.47	High	Reroute	Critical
2026-07-11T14:35:35.893736+00:00	CONT-1002	Strawberry	Bengaluru	Delhi	17.16	93.69	0.6	2140.94	High	Reroute	Critical
2026-07-11T14:35:36.896197+00:00	CONT-1000	Banana	Bengaluru	Delhi	12.4	88.15	0.344	2145.46	High	Reroute	Critical
2026-07-11T14:35:36.898140+00:00	CONT-1001	Avocado	Bengaluru	Delhi	4.43	88.51	0.31	2140.92	High	Reroute	Critical
2026-07-11T14:35:36.904734+00:00	CONT-1003	Grapes	Bengaluru	Delhi	1.73	94.28	0.044	2140.92	Low	Continue	Normal
2026-07-11T14:35:37.912910+00:00	CONT-1002	Strawberry	Bengaluru	Delhi	17.25	93.22	0.576	2140.9	High	Reroute	Critical
2026-07-11T14:35:38.917314+00:00	CONT-1000	Banana	Bengaluru	Delhi	12.26	88.43	0.347	2145.44	High	Reroute	Critical
2026-07-11T14:35:38.918584+00:00	CONT-1001	Avocado	Bengaluru	Delhi	4.34	88.5	0.309	2140.88	High	Reroute	Critical
2026-07-11T14:35:38.922230+00:00	CONT-1003	Grapes	Bengaluru	Delhi	1.5	94.63	0.031	2140.88	Low	Continue	Normal
2026-07-11T14:35:38.922550+00:00	CONT-1004	Mango	Bengaluru	Delhi	10.79	80.52	0.032	2145.44	Medium	Continue	Warning
2026-07-11T14:35:39.923380+00:00	CONT-1000	Banana	Bengaluru	Delhi	12.13	88.09	0.345	2145.43	High	Reroute	Critical
2026-07-11T14:35:39.929503+00:00	CONT-1004	Mango	Bengaluru	Delhi	10.74	80.38	0.038	2145.43	Medium	Continue	Warning
2026-07-11T14:35:40.934386+00:00	CONT-1000	Banana	Bengaluru	Delhi	12.09	88.1	0.36	2145.42	High	Reroute	Critical
2026-07-11T14:35:40.937803+00:00	CONT-1002	Strawberry	Bengaluru	Delhi	17.37	92.49	0.531	2140.84	High	Reroute	Critical
2026-07-11T14:35:40.938937+00:00	CONT-1003	Grapes	Bengaluru	Delhi	1.45	95	0.013	2140.84	Low	Continue	Normal
2026-07-11T14:35:40.939820+00:00	CONT-1004	Mango	Bengaluru	Delhi	10.77	80.38	0.04	2145.42	Medium	Continue	Warning
2026-07-11T14:35:41.945419+00:00	CONT-1004	Mango	Bengaluru	Delhi	10.89	80.19	0.047	2145.41	Medium	Continue	Warning
2026-07-11T14:35:42.949149+00:00	CONT-1001	Avocado	Bengaluru	Delhi	4.43	88.14	0.332	2140.8	High	Reroute	Critical
2026-07-11T14:35:43.954685+00:00	CONT-1000	Banana	Bengaluru	Delhi	12.24	88.31	0.396	2145.39	High	Reroute	Critical
2026-07-11T14:35:43.958846+00:00	CONT-1001	Avocado	Bengaluru	Delhi	4.58	88.32	0.351	2140.78	High	Reroute	Critical
2026-07-11T14:35:43.959892+00:00	CONT-1002	Strawberry	Bengaluru	Delhi	17.48	91.84	0.6	2140.78	High	Reroute	Critical
2026-07-11T14:35:43.960241+00:00	CONT-1003	Grapes	Bengaluru	Delhi	1.39	94.61	0	2140.78	Low	Continue	Normal
2026-07-11T14:35:46.979825+00:00	CONT-1001	Avocado	Bengaluru	Delhi	4.37	88.12	0.352	2140.72	High	Reroute	Critical
2026-07-11T14:35:46.982294+00:00	CONT-1003	Grapes	Bengaluru	Delhi	1.22	94.52	0.015	2140.72	Low	Continue	Normal
2026-07-11T14:35:46.983510+00:00	CONT-1004	Mango	Bengaluru	Delhi	10.7	80.17	0.016	2145.36	Low	Continue	Normal
2026-07-11T14:35:48.993124+00:00	CONT-1003	Grapes	Bengaluru	Delhi	1.46	94.31	0.021	2140.68	Low	Continue	Normal
2026-07-11T14:35:48.993730+00:00	CONT-1004	Mango	Bengaluru	Delhi	10.66	79.73	0.032	2145.34	Low	Continue	Normal
2026-07-11T14:35:51.004146+00:00	CONT-1003	Grapes	Bengaluru	Delhi	1.61	94.38	0.033	2140.64	Low	Continue	Normal
2026-07-11T14:35:52.010619+00:00	CONT-1001	Avocado	Bengaluru	Delhi	4.54	88.68	0.392	2140.62	High	Reroute	Critical
2026-07-11T14:35:52.011298+00:00	CONT-1002	Strawberry	Bengaluru	Delhi	17.75	92.26	0.582	2140.62	High	Reroute	Critical
2026-07-11T14:35:53.020985+00:00	CONT-1002	Strawberry	Bengaluru	Delhi	17.78	92.04	0.566	2140.6	High	Reroute	Critical
2026-07-11T14:35:54.028506+00:00	CONT-1001	Avocado	Bengaluru	Delhi	4.4	88.88	0.415	2140.58	High	Reroute	Critical
2026-07-11T14:35:54.031095+00:00	CONT-1003	Grapes	Bengaluru	Delhi	1.62	94.5	0.031	2140.58	Low	Continue	Normal
2026-07-11T14:35:55.035187+00:00	CONT-1000	Banana	Bengaluru	Delhi	12.25	88.21	0.378	2145.28	High	Reroute	Critical
2026-07-11T14:35:55.037665+00:00	CONT-1002	Strawberry	Bengaluru	Delhi	17.84	92.07	0.592	2140.56	High	Reroute	Critical
2026-07-11T14:35:55.039302+00:00	CONT-1003	Grapes	Bengaluru	Delhi	1.57	94.33	0.028	2140.56	Low	Continue	Normal
2026-07-11T14:35:55.039646+00:00	CONT-1004	Mango	Bengaluru	Delhi	10.47	80.6	0.033	2145.28	Low	Continue	Normal
2026-07-11T14:35:58.054383+00:00	CONT-1001	Avocado	Bengaluru	Delhi	4.23	89.39	0.408	2140.5	High	Reroute	Critical
2026-07-11T14:35:58.057574+00:00	CONT-1004	Mango	Bengaluru	Delhi	10.69	81.38	0.032	2145.25	Low	Continue	Normal
2026-07-11T14:35:59.060256+00:00	CONT-1001	Avocado	Bengaluru	Delhi	4.09	89.53	0.404	2140.48	High	Reroute	Critical
2026-07-11T14:35:59.062623+00:00	CONT-1002	Strawberry	Bengaluru	Delhi	17.99	92.13	0.6	2140.48	High	Reroute	Critical
2026-07-11T14:35:59.063534+00:00	CONT-1003	Grapes	Bengaluru	Delhi	1.58	94.67	0.009	2140.48	Low	Continue	Normal
2026-07-11T14:36:00.067325+00:00	CONT-1000	Banana	Bengaluru	Delhi	12.37	88.46	0.396	2145.23	High	Reroute	Critical
2026-07-11T14:36:00.069499+00:00	CONT-1002	Strawberry	Bengaluru	Delhi	18.02	92.09	1.27	2140.46	High	Reroute	Critical
2026-07-11T14:36:00.071302+00:00	CONT-1003	Grapes	Bengaluru	Delhi	1.67	94.34	0.017	2140.46	Low	Continue	Normal
2026-07-11T14:36:01.078845+00:00	CONT-1004	Mango	Bengaluru	Delhi	10.41	81.16	0.057	2145.22	Low	Continue	Normal
2026-07-11T14:36:04.094059+00:00	CONT-1004	Mango	Bengaluru	Delhi	10.54	81.08	0.089	2145.19	Low	Continue	Normal
2026-07-11T14:36:05.096934+00:00	CONT-1000	Banana	Bengaluru	Delhi	12.12	88.94	0.374	2145.18	High	Reroute	Critical
2026-07-11T14:36:06.105358+00:00	CONT-1000	Banana	Bengaluru	Delhi	12.13	88.76	0.376	2145.17	High	Reroute	Critical
2026-07-11T14:36:06.108100+00:00	CONT-1002	Strawberry	Bengaluru	Delhi	18.23	92.08	0.565	2140.34	High	Reroute	Critical
2026-07-11T14:36:06.108786+00:00	CONT-1003	Grapes	Bengaluru	Delhi	1.41	94.48	0.029	2140.34	Low	Continue	Normal
2026-07-11T14:36:06.109605+00:00	CONT-1004	Mango	Bengaluru	Delhi	10.36	80.64	0.087	2145.17	Low	Continue	Normal
2026-07-11T14:36:07.113264+00:00	CONT-1002	Strawberry	Bengaluru	Delhi	18.28	91.95	0.548	2140.32	High	Reroute	Critical
2026-07-11T14:36:08.119310+00:00	CONT-1000	Banana	Bengaluru	Delhi	12.08	88.42	0.354	2145.15	High	Reroute	Critical
2026-07-11T14:36:08.121901+00:00	CONT-1002	Strawberry	Bengaluru	Delhi	18.32	92.24	0.551	2140.3	High	Reroute	Critical
2026-07-11T14:36:09.133377+00:00	CONT-1003	Grapes	Bengaluru	Delhi	1.46	94.48	0.026	2140.28	Low	Continue	Normal
2026-07-11T14:36:09.136724+00:00	CONT-1004	Mango	Bengaluru	Delhi	10.36	80.96	0.082	2145.14	Low	Continue	Normal
2026-07-11T14:36:11.143762+00:00	CONT-1000	Banana	Bengaluru	Delhi	12.17	88.36	0.357	2145.12	High	Reroute	Critical
2026-07-11T14:36:11.144401+00:00	CONT-1001	Avocado	Bengaluru	Delhi	4	88.74	0.474	2140.24	High	Reroute	Critical
2026-07-11T14:36:11.147621+00:00	CONT-1003	Grapes	Bengaluru	Delhi	1.26	94.94	0.052	2140.24	Low	Continue	Normal
2026-07-11T14:36:12.150300+00:00	CONT-1000	Banana	Bengaluru	Delhi	12.06	88.44	0.366	2145.11	High	Reroute	Critical
2026-07-11T14:36:12.154371+00:00	CONT-1003	Grapes	Bengaluru	Delhi	1.25	95	0.038	2140.22	Low	Continue	Normal
2026-07-11T14:36:13.159391+00:00	CONT-1002	Strawberry	Bengaluru	Delhi	18.49	92.86	0.548	2140.2	High	Reroute	Critical
2026-07-11T14:36:13.161315+00:00	CONT-1004	Mango	Bengaluru	Delhi	10.46	81.38	0.066	2145.1	Low	Continue	Normal
2026-07-11T14:36:14.162595+00:00	CONT-1000	Banana	Bengaluru	Delhi	12	88.5	0.382	2145.09	High	Reroute	Critical
2026-07-11T14:36:14.163604+00:00	CONT-1001	Avocado	Bengaluru	Delhi	4.01	89.11	0.444	2140.18	High	Reroute	Critical
2026-07-11T14:36:14.165290+00:00	CONT-1002	Strawberry	Bengaluru	Delhi	18.53	92.63	0.528	2140.18	High	Reroute	Critical
2026-07-11T14:36:17.185764+00:00	CONT-1001	Avocado	Bengaluru	Delhi	4.33	89.12	0.419	2140.12	High	Reroute	Critical
2026-07-11T14:36:17.189480+00:00	CONT-1003	Grapes	Bengaluru	Delhi	1.37	94.8	0.019	2140.12	Low	Continue	Normal
2026-07-11T14:36:18.191473+00:00	CONT-1000	Banana	Bengaluru	Delhi	12.07	88.22	0.389	2145.05	High	Reroute	Critical
2026-07-11T14:36:18.193440+00:00	CONT-1001	Avocado	Bengaluru	Delhi	4.21	89.15	0.438	2140.1	High	Reroute	Critical
2026-07-11T14:36:18.194067+00:00	CONT-1002	Strawberry	Bengaluru	Delhi	18.67	93.2	0.6	2140.1	High	Reroute	Critical
2026-07-11T14:36:18.194586+00:00	CONT-1003	Grapes	Bengaluru	Delhi	1.27	94.69	0.001	2140.1	Low	Continue	Normal
2026-07-11T14:36:19.198826+00:00	CONT-1001	Avocado	Bengaluru	Delhi	4.2	88.97	0.454	2140.08	High	Reroute	Critical
2026-07-11T14:36:19.200241+00:00	CONT-1002	Strawberry	Bengaluru	Delhi	18.71	93.48	0.6	2140.08	High	Reroute	Critical
2026-07-11T14:36:19.202005+00:00	CONT-1004	Mango	Bengaluru	Delhi	10.42	80.44	0.07	2145.04	Low	Continue	Normal
2026-07-11T14:36:20.205217+00:00	CONT-1001	Avocado	Bengaluru	Delhi	4.25	88.98	0.467	2140.06	High	Reroute	Critical
2026-07-11T14:36:21.211039+00:00	CONT-1001	Avocado	Bengaluru	Delhi	4.25	89.1	0.477	2140.04	High	Reroute	Critical
2026-07-11T14:36:22.217327+00:00	CONT-1001	Avocado	Bengaluru	Delhi	4.12	89.21	0.482	2140.02	High	Reroute	Critical
2026-07-11T14:36:22.219444+00:00	CONT-1002	Strawberry	Bengaluru	Delhi	18.84	93.06	0.596	2140.02	High	Reroute	Critical
2026-07-11T14:36:23.225344+00:00	CONT-1004	Mango	Bengaluru	Delhi	10.49	80.45	0.098	2145	Low	Continue	Normal
2026-07-11T14:36:24.226550+00:00	CONT-1000	Banana	Bengaluru	Delhi	12.17	87.54	0.406	2144.99	High	Reroute	Critical
2026-07-11T14:36:24.230854+00:00	CONT-1002	Strawberry	Bengaluru	Delhi	18.91	92.52	0.594	2139.98	High	Reroute	Critical
2026-07-11T14:36:24.232616+00:00	CONT-1004	Mango	Bengaluru	Delhi	10.41	80.33	0.088	2144.99	Low	Continue	Normal
2026-07-11T14:36:25.236400+00:00	CONT-1001	Avocado	Bengaluru	Delhi	4.12	88.83	0.465	2139.96	High	Reroute	Critical
2026-07-11T14:36:25.239571+00:00	CONT-1004	Mango	Bengaluru	Delhi	10.5	80.37	0.091	2144.98	Low	Continue	Normal
2026-07-11T14:36:26.243348+00:00	CONT-1001	Avocado	Bengaluru	Delhi	4.21	88.49	0.47	2139.94	High	Reroute	Critical
2026-07-11T14:36:27.247024+00:00	CONT-1000	Banana	Bengaluru	Delhi	12.18	86.84	0.376	2144.96	High	Reroute	Critical
2026-07-11T14:36:29.264215+00:00	CONT-1000	Banana	Bengaluru	Delhi	12.25	86.81	0.351	2144.94	High	Reroute	Critical
2026-07-11T14:36:31.278148+00:00	CONT-1000	Banana	Bengaluru	Delhi	12.3	87.05	0.371	2144.92	High	Reroute	Critical
2026-07-11T14:36:31.283722+00:00	CONT-1003	Grapes	Bengaluru	Delhi	1.45	94.24	0.06	2139.84	Low	Continue	Normal
2026-07-11T14:36:32.286217+00:00	CONT-1000	Banana	Bengaluru	Delhi	12.21	87.15	0.39	2144.91	High	Reroute	Critical
2026-07-11T14:36:32.288270+00:00	CONT-1001	Avocado	Bengaluru	Delhi	4.32	89.61	0.529	2139.82	High	Reroute	Critical
2026-07-11T14:36:32.288883+00:00	CONT-1002	Strawberry	Bengaluru	Delhi	19.24	92.79	0.559	2139.82	High	Reroute	Critical
2026-07-11T14:36:32.289375+00:00	CONT-1003	Grapes	Bengaluru	Delhi	1.33	94.23	0.044	2139.82	Low	Continue	Normal
2026-07-11T14:36:32.289848+00:00	CONT-1004	Mango	Bengaluru	Delhi	10.45	80.53	0.075	2144.91	Low	Continue	Normal
2026-07-11T14:36:33.290922+00:00	CONT-1000	Banana	Bengaluru	Delhi	12.32	87.53	0.38	2144.9	High	Reroute	Critical
2026-07-11T14:36:34.297947+00:00	CONT-1000	Banana	Bengaluru	Delhi	12.29	87.84	0.365	2144.89	High	Reroute	Critical
2026-07-11T14:36:34.303461+00:00	CONT-1004	Mango	Bengaluru	Delhi	10.32	81.06	0.066	2144.89	Low	Continue	Normal
2026-07-11T14:36:35.308700+00:00	CONT-1003	Grapes	Bengaluru	Delhi	1.33	94.51	0.011	2139.76	Low	Continue	Normal
2026-07-11T14:36:35.309408+00:00	CONT-1004	Mango	Bengaluru	Delhi	10.43	81.35	0.065	2144.88	Low	Continue	Normal
2026-07-11T14:36:36.313754+00:00	CONT-1001	Avocado	Bengaluru	Delhi	4.16	89.13	0.54	2139.74	High	Reroute	Critical
2026-07-11T14:36:36.315787+00:00	CONT-1002	Strawberry	Bengaluru	Delhi	19.38	93.45	0.556	2139.74	High	Reroute	Critical
2026-07-11T14:36:36.316262+00:00	CONT-1003	Grapes	Bengaluru	Delhi	1.34	94.54	0.021	2139.74	Low	Continue	Normal
2026-07-11T14:36:36.316977+00:00	CONT-1004	Mango	Bengaluru	Delhi	10.51	80.95	0.071	2144.87	Low	Continue	Normal
2026-07-11T14:36:37.318881+00:00	CONT-1000	Banana	Bengaluru	Delhi	12.07	88.28	0.388	2144.86	High	Reroute	Critical
2026-07-11T14:36:38.332829+00:00	CONT-1003	Grapes	Bengaluru	Delhi	1.15	94.44	0.012	2139.7	Low	Continue	Normal
2026-07-11T14:36:41.349388+00:00	CONT-1001	Avocado	Bengaluru	Delhi	4	88.31	0.538	2139.64	High	Reroute	Critical
2026-07-11T14:36:41.349957+00:00	CONT-1002	Strawberry	Bengaluru	Delhi	19.57	94.08	0.563	2139.64	High	Reroute	Critical
2026-07-11T14:36:41.351405+00:00	CONT-1003	Grapes	Bengaluru	Delhi	1.04	94.08	0.01	2139.64	Low	Continue	Normal
2026-07-11T14:36:41.351967+00:00	CONT-1004	Mango	Bengaluru	Delhi	10.33	80.35	0.112	2144.82	Low	Continue	Normal
2026-07-11T14:36:42.356922+00:00	CONT-1003	Grapes	Bengaluru	Delhi	0.92	93.71	0.005	2139.62	Low	Continue	Normal
2026-07-11T14:36:42.357753+00:00	CONT-1004	Mango	Bengaluru	Delhi	10.29	80.58	0.104	2144.81	Low	Continue	Normal
2026-07-11T14:36:43.361692+00:00	CONT-1002	Strawberry	Bengaluru	Delhi	19.66	93.63	0.579	2139.6	High	Reroute	Critical
2026-07-11T14:36:43.362578+00:00	CONT-1003	Grapes	Bengaluru	Delhi	1.02	94.02	0	2139.6	Low	Continue	Normal
2026-07-11T14:36:44.367476+00:00	CONT-1001	Avocado	Bengaluru	Delhi	4	88.61	0.509	2139.58	High	Reroute	Critical
2026-07-11T14:36:45.374151+00:00	CONT-1001	Avocado	Bengaluru	Delhi	4.13	88.67	0.499	2139.56	High	Reroute	Critical
2026-07-11T14:36:46.383780+00:00	CONT-1002	Strawberry	Bengaluru	Delhi	19.78	93.54	0.585	2139.54	High	Reroute	Critical
2026-07-11T14:36:47.389493+00:00	CONT-1000	Banana	Bengaluru	Delhi	12.18	88.12	0.362	2144.76	High	Reroute	Critical
2026-07-11T14:36:47.391285+00:00	CONT-1001	Avocado	Bengaluru	Delhi	4.05	89.12	0.486	2139.52	High	Reroute	Critical
2026-07-11T14:36:47.393778+00:00	CONT-1003	Grapes	Bengaluru	Delhi	0.65	93.26	0	2139.52	Low	Continue	Normal
2026-07-11T14:36:47.394366+00:00	CONT-1004	Mango	Bengaluru	Delhi	10.39	79.3	0.153	2144.76	Low	Continue	Normal
2026-07-11T14:36:48.399179+00:00	CONT-1003	Grapes	Bengaluru	Delhi	0.76	93.19	0	2139.5	Low	Continue	Normal
2026-07-11T14:36:48.399762+00:00	CONT-1004	Mango	Bengaluru	Delhi	10.38	79.14	0.161	2144.75	Low	Continue	Normal
2026-07-11T14:36:49.402818+00:00	CONT-1000	Banana	Bengaluru	Delhi	12.06	88.8	0.352	2144.74	High	Reroute	Critical
2026-07-11T14:36:49.406059+00:00	CONT-1002	Strawberry	Bengaluru	Delhi	19.86	93.7	0.6	2139.48	High	Reroute	Critical
2026-07-11T14:36:49.407578+00:00	CONT-1004	Mango	Bengaluru	Delhi	10.38	79.06	0.167	2144.74	Low	Continue	Normal
2026-07-11T14:36:51.414445+00:00	CONT-1000	Banana	Bengaluru	Delhi	12.15	89.44	0.368	2144.72	High	Reroute	Critical
2026-07-11T14:36:53.430911+00:00	CONT-1000	Banana	Bengaluru	Delhi	12.18	89.78	0.392	2144.7	High	Reroute	Critical
2026-07-11T14:36:53.432797+00:00	CONT-1001	Avocado	Bengaluru	Delhi	4	88.26	0.474	2139.4	High	Reroute	Critical
2026-07-11T14:36:53.434204+00:00	CONT-1003	Grapes	Bengaluru	Delhi	0.65	92.8	0	2139.4	Low	Continue	Normal
2026-07-11T14:36:53.435765+00:00	CONT-1004	Mango	Bengaluru	Delhi	10.45	78.91	0.145	2144.7	Low	Continue	Normal
2026-07-11T14:36:55.443223+00:00	CONT-1000	Banana	Bengaluru	Delhi	12.12	89.99	0.375	2144.68	High	Reroute	Critical
2026-07-11T14:36:55.445056+00:00	CONT-1001	Avocado	Bengaluru	Delhi	4	88.72	0.486	2139.36	High	Reroute	Critical
2026-07-11T14:36:55.446157+00:00	CONT-1002	Strawberry	Bengaluru	Delhi	20.04	93.52	0.6	2139.36	High	Reroute	Critical
2026-07-11T14:36:55.446477+00:00	CONT-1003	Grapes	Bengaluru	Delhi	0.62	92.47	0.001	2139.36	Low	Continue	Normal
2026-07-11T14:36:55.446869+00:00	CONT-1004	Mango	Bengaluru	Delhi	10.52	78.93	0.134	2144.68	Low	Continue	Normal
2026-07-11T14:36:56.449659+00:00	CONT-1001	Avocado	Bengaluru	Delhi	4.01	88.87	0.484	2139.34	High	Reroute	Critical
2026-07-11T14:36:57.456407+00:00	CONT-1000	Banana	Bengaluru	Delhi	12.18	89.41	0.358	2144.66	High	Reroute	Critical
2026-07-11T14:36:57.459521+00:00	CONT-1003	Grapes	Bengaluru	Delhi	0.65	92.28	0	2139.32	Low	Continue	Normal
2026-07-11T14:36:57.460274+00:00	CONT-1004	Mango	Bengaluru	Delhi	10.4	78.38	0.103	2144.66	Low	Continue	Normal
2026-07-11T14:36:58.464468+00:00	CONT-1001	Avocado	Bengaluru	Delhi	4.02	88.84	0.469	2139.3	High	Reroute	Critical
2026-07-11T14:36:59.482102+00:00	CONT-1000	Banana	Bengaluru	Delhi	12.18	88.91	0.338	2144.64	High	Reroute	Critical
2026-07-11T14:36:59.489678+00:00	CONT-1001	Avocado	Bengaluru	Delhi	4.06	88.67	0.453	2139.28	High	Reroute	Critical
2026-07-11T14:37:00.517071+00:00	CONT-1000	Banana	Bengaluru	Delhi	12.22	89.14	0.353	2144.63	High	Reroute	Critical
2026-07-11T14:37:00.517849+00:00	CONT-1001	Avocado	Bengaluru	Delhi	4.2	88.63	0.467	2139.26	High	Reroute	Critical
2026-07-11T14:37:00.519534+00:00	CONT-1002	Strawberry	Bengaluru	Delhi	20.22	93.04	0.54	2139.26	High	Reroute	Critical
2026-07-11T14:37:01.524235+00:00	CONT-1001	Avocado	Bengaluru	Delhi	4.13	88.31	0.474	2139.24	High	Reroute	Critical
2026-07-11T14:37:01.528567+00:00	CONT-1004	Mango	Bengaluru	Delhi	10.35	79.08	0.088	2144.62	Low	Continue	Normal
2026-07-11T14:37:02.529998+00:00	CONT-1000	Banana	Bengaluru	Delhi	12.35	89.17	0.367	2144.61	High	Reroute	Critical
2026-07-11T14:37:02.532523+00:00	CONT-1002	Strawberry	Bengaluru	Delhi	20.3	92.96	1.224	2139.22	High	Reroute	Critical
2026-07-11T14:37:02.534503+00:00	CONT-1003	Grapes	Bengaluru	Delhi	0.54	92.58	0.034	2139.22	Low	Continue	Normal
2026-07-11T14:37:02.534949+00:00	CONT-1004	Mango	Bengaluru	Delhi	10.46	78.84	0.075	2144.61	Low	Continue	Normal
2026-07-11T14:37:03.540293+00:00	CONT-1003	Grapes	Bengaluru	Delhi	0.52	92.71	0.03	2139.2	Low	Continue	Normal
2026-07-11T14:37:05.549480+00:00	CONT-1000	Banana	Bengaluru	Delhi	12.49	89.01	0.406	2144.58	High	Reroute	Critical
2026-07-11T14:37:05.555070+00:00	CONT-1004	Mango	Bengaluru	Delhi	10.43	78.52	0.035	2144.58	Low	Continue	Normal
2026-07-11T14:37:06.557962+00:00	CONT-1001	Avocado	Bengaluru	Delhi	4.48	88.42	0.487	2139.14	High	Reroute	Critical
2026-07-11T14:37:07.567277+00:00	CONT-1003	Grapes	Bengaluru	Delhi	0.61	93.11	0	2139.12	Low	Continue	Normal
2026-07-11T14:37:08.572731+00:00	CONT-1002	Strawberry	Bengaluru	Delhi	20.5	92.53	0.571	2139.1	High	Reroute	Critical
2026-07-11T14:37:09.576585+00:00	CONT-1000	Banana	Bengaluru	Delhi	12.4	88.54	0.415	2144.54	High	Reroute	Critical
2026-07-11T14:37:09.582763+00:00	CONT-1002	Strawberry	Bengaluru	Delhi	20.53	92.21	0.551	2139.08	High	Reroute	Critical
2026-07-11T14:37:10.598044+00:00	CONT-1004	Mango	Bengaluru	Delhi	10.13	77.7	0.042	2144.53	Low	Continue	Normal
2026-07-11T14:37:11.600182+00:00	CONT-1000	Banana	Bengaluru	Delhi	12.32	88.02	0.415	2144.52	High	Reroute	Critical
2026-07-11T14:37:11.603798+00:00	CONT-1002	Strawberry	Bengaluru	Delhi	20.62	92.7	0.546	2139.04	High	Reroute	Critical
2026-07-11T14:37:11.605850+00:00	CONT-1004	Mango	Bengaluru	Delhi	9.99	77.44	0.057	2144.52	Low	Continue	Normal
2026-07-11T14:37:12.607391+00:00	CONT-1000	Banana	Bengaluru	Delhi	12.31	87.75	0.396	2144.51	High	Reroute	Critical
2026-07-11T14:37:12.610712+00:00	CONT-1003	Grapes	Bengaluru	Delhi	0.01	93.6	0.064	2139.02	Low	Continue	Normal
2026-07-11T14:37:12.615856+00:00	CONT-1004	Mango	Bengaluru	Delhi	9.85	77.4	0.043	2144.51	Low	Continue	Normal
2026-07-11T14:37:13.618973+00:00	CONT-1000	Banana	Bengaluru	Delhi	12.31	87.79	0.407	2144.5	High	Reroute	Critical
2026-07-11T14:37:14.629419+00:00	CONT-1002	Strawberry	Bengaluru	Delhi	20.76	92.14	0.541	2138.98	High	Reroute	Critical
2026-07-11T14:37:15.635966+00:00	CONT-1001	Avocado	Bengaluru	Delhi	4.59	87.11	0.528	2138.96	High	Reroute	Critical
2026-07-11T14:37:16.644513+00:00	CONT-1004	Mango	Bengaluru	Delhi	9.85	77.53	0.069	2144.47	Low	Continue	Normal
2026-07-11T14:37:17.646173+00:00	CONT-1000	Banana	Bengaluru	Delhi	12.37	87.99	0.448	2144.46	High	Reroute	Critical
2026-07-11T14:37:17.651170+00:00	CONT-1003	Grapes	Bengaluru	Delhi	-0.14	94.27	0.083	2138.92	Low	Continue	Normal
2026-07-11T14:37:17.651986+00:00	CONT-1004	Mango	Bengaluru	Delhi	9.92	77.84	0.058	2144.46	Low	Continue	Normal
2026-07-11T14:37:18.654696+00:00	CONT-1001	Avocado	Bengaluru	Delhi	4.71	87.25	0.539	2138.9	High	Reroute	Critical
2026-07-11T14:37:18.656698+00:00	CONT-1003	Grapes	Bengaluru	Delhi	0	94.45	0.087	2138.9	Low	Continue	Normal
2026-07-11T14:37:20.685255+00:00	CONT-1001	Avocado	Bengaluru	Delhi	4.64	87.2	0.558	2138.86	High	Reroute	Critical
2026-07-11T14:37:21.697593+00:00	CONT-1004	Mango	Bengaluru	Delhi	10.12	77.57	0.07	2144.42	Low	Continue	Normal
2026-07-11T14:37:22.701611+00:00	CONT-1002	Strawberry	Bengaluru	Delhi	20.99	91.16	0.529	2138.82	High	Reroute	Critical
2026-07-11T14:37:23.705698+00:00	CONT-1000	Banana	Bengaluru	Delhi	12.18	86.65	0.488	2144.4	High	Reroute	Critical
2026-07-11T14:37:23.706586+00:00	CONT-1001	Avocado	Bengaluru	Delhi	4.49	87.7	0.569	2138.8	High	Reroute	Critical
2026-07-11T14:37:23.708061+00:00	CONT-1002	Strawberry	Bengaluru	Delhi	21.03	90.97	0.511	2138.8	High	Reroute	Critical
2026-07-11T14:37:23.708493+00:00	CONT-1003	Grapes	Bengaluru	Delhi	-0.34	94.43	0.087	2138.8	Low	Continue	Normal
2026-07-11T14:37:23.708832+00:00	CONT-1004	Mango	Bengaluru	Delhi	10.09	78.28	0.066	2144.4	Low	Continue	Normal
2026-07-11T14:37:24.712142+00:00	CONT-1001	Avocado	Bengaluru	Delhi	4.56	88	0.579	2138.78	High	Reroute	Critical
2026-07-11T14:37:25.719330+00:00	CONT-1002	Strawberry	Bengaluru	Delhi	21.1	91.35	0.515	2138.76	High	Reroute	Critical
2026-07-11T14:37:26.726021+00:00	CONT-1001	Avocado	Bengaluru	Delhi	4.63	87.8	0.557	2138.74	High	Reroute	Critical
2026-07-11T14:37:27.733131+00:00	CONT-1000	Banana	Bengaluru	Delhi	12.14	86.85	0.465	2144.36	High	Reroute	Critical
2026-07-11T14:37:27.736937+00:00	CONT-1002	Strawberry	Bengaluru	Delhi	21.15	91.73	0.521	2138.72	High	Reroute	Critical
2026-07-11T14:37:27.738057+00:00	CONT-1003	Grapes	Bengaluru	Delhi	-0.29	94.35	0.102	2138.72	Low	Continue	Normal
2026-07-11T14:37:28.740146+00:00	CONT-1000	Banana	Bengaluru	Delhi	12.15	86.59	0.455	2144.35	High	Reroute	Critical
2026-07-11T14:37:29.747229+00:00	CONT-1000	Banana	Bengaluru	Delhi	12.07	86.93	0.466	2144.34	High	Reroute	Critical
2026-07-11T14:37:29.749399+00:00	CONT-1001	Avocado	Bengaluru	Delhi	4.4	88.4	0.53	2138.68	High	Reroute	Critical
2026-07-11T14:37:30.756996+00:00	CONT-1004	Mango	Bengaluru	Delhi	10.07	78.02	0.137	2144.33	Low	Continue	Normal
2026-07-11T14:37:32.764128+00:00	CONT-1000	Banana	Bengaluru	Delhi	12.3	86.9	0.469	2144.31	High	Reroute	Critical
2026-07-11T14:37:32.766946+00:00	CONT-1002	Strawberry	Bengaluru	Delhi	21.35	90.97	0.516	2138.62	High	Reroute	Critical
2026-07-11T14:37:32.768177+00:00	CONT-1004	Mango	Bengaluru	Delhi	10.34	77.59	0.135	2144.31	Low	Continue	Normal
2026-07-11T14:37:33.773675+00:00	CONT-1003	Grapes	Bengaluru	Delhi	0.09	93.58	0.066	2138.6	Low	Continue	Normal
2026-07-11T14:37:34.779003+00:00	CONT-1001	Avocado	Bengaluru	Delhi	4.26	88.03	0.529	2138.58	High	Reroute	Critical
2026-07-11T14:37:35.785189+00:00	CONT-1000	Banana	Bengaluru	Delhi	12.25	87.25	0.472	2144.28	High	Reroute	Critical
2026-07-11T14:37:36.792518+00:00	CONT-1000	Banana	Bengaluru	Delhi	12.37	87.27	0.454	2144.27	High	Reroute	Critical
2026-07-11T14:37:36.795802+00:00	CONT-1002	Strawberry	Bengaluru	Delhi	21.48	90.2	0.973	2138.54	High	Reroute	Critical
2026-07-11T14:37:36.796687+00:00	CONT-1003	Grapes	Bengaluru	Delhi	0.16	93.06	0.034	2138.54	Low	Continue	Normal
2026-07-11T14:37:37.803196+00:00	CONT-1002	Strawberry	Bengaluru	Delhi	21.5	90.04	0.6	2138.52	High	Reroute	Critical
2026-07-11T14:37:38.807362+00:00	CONT-1000	Banana	Bengaluru	Delhi	12.36	87.32	0.477	2144.25	High	Reroute	Critical
2026-07-11T14:37:39.814461+00:00	CONT-1001	Avocado	Bengaluru	Delhi	4.73	87.63	0.535	2138.48	High	Reroute	Critical
2026-07-11T14:37:39.815180+00:00	CONT-1002	Strawberry	Bengaluru	Delhi	21.6	90.22	1.223	2138.48	High	Reroute	Critical
2026-07-11T14:37:39.817033+00:00	CONT-1003	Grapes	Bengaluru	Delhi	0.31	93.37	0.053	2138.48	Low	Continue	Normal
2026-07-11T14:37:39.817464+00:00	CONT-1004	Mango	Bengaluru	Delhi	10.47	78.77	0.169	2144.24	Low	Continue	Normal
2026-07-11T14:37:40.819077+00:00	CONT-1000	Banana	Bengaluru	Delhi	12.25	87.99	0.474	2144.23	High	Reroute	Critical
2026-07-11T14:37:41.826540+00:00	CONT-1000	Banana	Bengaluru	Delhi	12.29	88.34	0.485	2144.22	High	Reroute	Critical
2026-07-11T14:37:41.827295+00:00	CONT-1001	Avocado	Bengaluru	Delhi	4.85	88.23	0.528	2138.44	High	Reroute	Critical
2026-07-11T14:37:41.829164+00:00	CONT-1002	Strawberry	Bengaluru	Delhi	21.68	90.47	0.586	2138.44	High	Reroute	Critical
2026-07-11T14:37:41.829530+00:00	CONT-1003	Grapes	Bengaluru	Delhi	0.42	93.82	0.048	2138.44	Low	Continue	Normal
2026-07-11T14:37:41.830033+00:00	CONT-1004	Mango	Bengaluru	Delhi	10.25	78.74	0.168	2144.22	Low	Continue	Normal
2026-07-11T14:37:42.831241+00:00	CONT-1000	Banana	Bengaluru	Delhi	12.44	88.04	0.483	2144.21	High	Reroute	Critical
2026-07-11T14:37:44.845900+00:00	CONT-1000	Banana	Bengaluru	Delhi	12.62	88.18	0.496	2144.19	High	Reroute	Critical
2026-07-11T14:37:44.851456+00:00	CONT-1003	Grapes	Bengaluru	Delhi	0.34	94.75	0.027	2138.38	Low	Continue	Normal
2026-07-11T14:37:46.861702+00:00	CONT-1000	Banana	Bengaluru	Delhi	12.74	88.56	0.526	2144.17	High	Reroute	Critical
2026-07-11T14:37:47.869820+00:00	CONT-1001	Avocado	Bengaluru	Delhi	4.94	89.06	0.553	2138.32	High	Reroute	Critical
2026-07-11T14:37:47.874426+00:00	CONT-1004	Mango	Bengaluru	Delhi	9.98	78.08	0.191	2144.16	Low	Continue	Normal
2026-07-11T14:37:48.877256+00:00	CONT-1000	Banana	Bengaluru	Delhi	12.59	88.76	0.533	2144.15	High	Reroute	Critical
2026-07-11T14:37:48.881265+00:00	CONT-1002	Strawberry	Bengaluru	Delhi	21.93	91.4	0.571	2138.3	High	Reroute	Critical
2026-07-11T14:37:49.887772+00:00	CONT-1000	Banana	Bengaluru	Delhi	12.73	89.01	0.52	2144.14	High	Reroute	Critical
2026-07-11T14:37:49.892627+00:00	CONT-1003	Grapes	Bengaluru	Delhi	0.29	95	0.1	2138.28	Low	Continue	Normal
2026-07-11T14:37:50.896976+00:00	CONT-1000	Banana	Bengaluru	Delhi	12.83	88.78	0.501	2144.13	High	Reroute	Critical
2026-07-11T14:37:50.900462+00:00	CONT-1002	Strawberry	Bengaluru	Delhi	22.01	91.55	0.566	2138.26	High	Reroute	Critical
2026-07-11T14:37:50.901072+00:00	CONT-1003	Grapes	Bengaluru	Delhi	0.4	94.97	0.111	2138.26	Low	Continue	Normal
2026-07-11T14:37:51.902972+00:00	CONT-1000	Banana	Bengaluru	Delhi	12.68	89.02	0.515	2144.12	High	Reroute	Critical
2026-07-11T14:37:51.905753+00:00	CONT-1002	Strawberry	Bengaluru	Delhi	22.03	91.53	0.58	2138.24	High	Reroute	Critical
2026-07-11T14:37:51.910607+00:00	CONT-1004	Mango	Bengaluru	Delhi	10.15	77.99	0.164	2144.12	Low	Continue	Normal
2026-07-11T14:37:52.913653+00:00	CONT-1000	Banana	Bengaluru	Delhi	12.63	89.15	0.503	2144.11	High	Reroute	Critical
2026-07-11T14:37:52.918694+00:00	CONT-1003	Grapes	Bengaluru	Delhi	0.32	94.98	0.089	2138.22	Low	Continue	Normal
2026-07-11T14:37:52.919886+00:00	CONT-1004	Mango	Bengaluru	Delhi	10.29	77.64	0.146	2144.11	Low	Continue	Normal
2026-07-11T14:37:53.923384+00:00	CONT-1001	Avocado	Bengaluru	Delhi	4.77	89.36	0.582	2138.2	High	Reroute	Critical
2026-07-11T14:37:53.925827+00:00	CONT-1002	Strawberry	Bengaluru	Delhi	22.11	91.15	0.574	2138.2	High	Reroute	Critical
2026-07-11T14:37:55.936773+00:00	CONT-1000	Banana	Bengaluru	Delhi	12.78	89.34	0.534	2144.08	High	Reroute	Critical
2026-07-11T14:37:55.944471+00:00	CONT-1003	Grapes	Bengaluru	Delhi	0.42	94.75	0.053	2138.16	Low	Continue	Normal
2026-07-11T14:37:57.954344+00:00	CONT-1000	Banana	Bengaluru	Delhi	12.62	89.15	0.511	2144.06	High	Reroute	Critical
2026-07-11T14:37:58.965234+00:00	CONT-1002	Strawberry	Bengaluru	Delhi	22.3	91.74	0.597	2138.1	High	Reroute	Critical
2026-07-11T14:38:00.975613+00:00	CONT-1000	Banana	Bengaluru	Delhi	12.59	88.78	0.486	2144.03	High	Reroute	Critical
2026-07-11T14:38:00.980404+00:00	CONT-1004	Mango	Bengaluru	Delhi	10.46	77.36	0.143	2144.03	Low	Continue	Normal
2026-07-11T14:38:01.986490+00:00	CONT-1004	Mango	Bengaluru	Delhi	10.4	77.71	0.127	2144.02	Low	Continue	Normal
2026-07-11T14:38:03.999467+00:00	CONT-1001	Avocado	Bengaluru	Delhi	5.06	90.05	0.591	2138	High	Reroute	Critical
2026-07-11T14:38:04.002078+00:00	CONT-1003	Grapes	Bengaluru	Delhi	0.23	94.45	0.035	2138	Low	Continue	Normal
2026-07-11T14:38:04.003026+00:00	CONT-1004	Mango	Bengaluru	Delhi	10.5	77.67	0.102	2144	Low	Continue	Normal
2026-07-11T14:38:06.013366+00:00	CONT-1000	Banana	Bengaluru	Delhi	12.58	88.43	0.548	2143.98	High	Reroute	Critical
2026-07-11T14:38:06.015314+00:00	CONT-1001	Avocado	Bengaluru	Delhi	4.9	90.15	0.595	2137.96	High	Reroute	Critical
2026-07-11T14:38:06.015945+00:00	CONT-1002	Strawberry	Bengaluru	Delhi	22.56	91.6	0.586	2137.96	High	Reroute	Critical
2026-07-11T14:38:06.016421+00:00	CONT-1003	Grapes	Bengaluru	Delhi	0.32	94.9	0.019	2137.96	Low	Continue	Normal
2026-07-11T14:38:08.033899+00:00	CONT-1003	Grapes	Bengaluru	Delhi	0.25	94.44	0.004	2137.92	Low	Continue	Normal
2026-07-11T14:38:08.035471+00:00	CONT-1004	Mango	Bengaluru	Delhi	10.7	77.65	0.115	2143.96	Low	Continue	Normal
2026-07-11T14:38:09.038332+00:00	CONT-1000	Banana	Bengaluru	Delhi	12.51	87.87	0.529	2143.95	High	Reroute	Critical
2026-07-11T14:38:09.045012+00:00	CONT-1003	Grapes	Bengaluru	Delhi	0.16	94.19	0	2137.9	Low	Continue	Normal
2026-07-11T14:38:09.046820+00:00	CONT-1004	Mango	Bengaluru	Delhi	10.68	77.89	0.106	2143.95	Low	Continue	Normal
2026-07-11T14:38:11.066848+00:00	CONT-1003	Grapes	Bengaluru	Delhi	0.12	94.17	0	2137.86	Low	Continue	Normal
2026-07-11T14:38:13.076624+00:00	CONT-1001	Avocado	Bengaluru	Delhi	4.55	89.7	0.559	2137.82	High	Reroute	Critical
2026-07-11T14:38:13.079879+00:00	CONT-1003	Grapes	Bengaluru	Delhi	-0.07	93.94	0	2137.82	Low	Continue	Normal
2026-07-11T14:38:13.080721+00:00	CONT-1004	Mango	Bengaluru	Delhi	10.96	78.56	0.112	2143.91	Low	Continue	Normal
2026-07-11T14:38:14.085523+00:00	CONT-1004	Mango	Bengaluru	Delhi	10.97	78.44	0.126	2143.9	Low	Continue	Normal
2026-07-11T14:38:15.089945+00:00	CONT-1001	Avocado	Bengaluru	Delhi	4.62	90.16	0.57	2137.78	High	Reroute	Critical
2026-07-11T14:38:16.097868+00:00	CONT-1001	Avocado	Bengaluru	Delhi	4.52	89.96	0.56	2137.76	High	Reroute	Critical
2026-07-11T14:38:16.100161+00:00	CONT-1002	Strawberry	Bengaluru	Delhi	22.86	91.76	0.6	2137.76	High	Reroute	Critical
2026-07-11T14:38:18.108022+00:00	CONT-1001	Avocado	Bengaluru	Delhi	4.38	89.74	0.538	2137.72	High	Reroute	Critical
2026-07-11T14:38:19.115119+00:00	CONT-1002	Strawberry	Bengaluru	Delhi	22.97	91.59	0.571	2137.7	High	Reroute	Critical
2026-07-11T14:38:19.117227+00:00	CONT-1003	Grapes	Bengaluru	Delhi	-0.43	93.86	0.013	2137.7	Low	Continue	Normal
2026-07-11T14:38:19.117882+00:00	CONT-1004	Mango	Bengaluru	Delhi	10.85	78.25	0.119	2143.85	Low	Continue	Normal
2026-07-11T14:38:20.121943+00:00	CONT-1002	Strawberry	Bengaluru	Delhi	22.99	91.96	0.56	2137.68	High	Reroute	Critical
2026-07-11T14:38:21.128934+00:00	CONT-1003	Grapes	Bengaluru	Delhi	-0.3	93.12	0.023	2137.66	Low	Continue	Normal
2026-07-11T14:38:22.132640+00:00	CONT-1000	Banana	Bengaluru	Delhi	12.06	88.52	0.444	2143.82	High	Reroute	Critical
2026-07-11T14:38:22.135173+00:00	CONT-1002	Strawberry	Bengaluru	Delhi	23.06	92.31	0.558	2137.64	High	Reroute	Critical
2026-07-11T14:38:22.137308+00:00	CONT-1003	Grapes	Bengaluru	Delhi	-0.23	92.95	0.011	2137.64	Low	Continue	Normal
2026-07-11T14:38:23.140967+00:00	CONT-1000	Banana	Bengaluru	Delhi	12.2	88.27	0.427	2143.81	High	Reroute	Critical
2026-07-11T14:38:24.148329+00:00	CONT-1000	Banana	Bengaluru	Delhi	12.26	88.18	0.422	2143.8	High	Reroute	Critical
2026-07-11T14:38:24.149084+00:00	CONT-1001	Avocado	Bengaluru	Delhi	4.23	90.61	0.546	2137.6	High	Reroute	Critical
2026-07-11T14:38:24.150614+00:00	CONT-1002	Strawberry	Bengaluru	Delhi	23.14	92.37	0.56	2137.6	High	Reroute	Critical
2026-07-11T14:38:24.150956+00:00	CONT-1003	Grapes	Bengaluru	Delhi	-0.5	92.65	0.01	2137.6	Low	Continue	Normal
2026-07-11T14:38:25.152454+00:00	CONT-1000	Banana	Bengaluru	Delhi	12.4	88.41	0.405	2143.79	High	Reroute	Critical
2026-07-11T14:38:26.168186+00:00	CONT-1002	Strawberry	Bengaluru	Delhi	23.2	92.32	0.579	2137.56	High	Reroute	Critical
2026-07-11T14:38:27.177261+00:00	CONT-1003	Grapes	Bengaluru	Delhi	-0.41	92.42	0.041	2137.54	Low	Continue	Normal
2026-07-11T14:38:27.178624+00:00	CONT-1004	Mango	Bengaluru	Delhi	11.02	78.25	0.097	2143.77	Low	Continue	Normal
2026-07-11T14:38:28.180257+00:00	CONT-1000	Banana	Bengaluru	Delhi	12.41	88.55	0.43	2143.76	High	Reroute	Critical
2026-07-11T14:38:29.187334+00:00	CONT-1000	Banana	Bengaluru	Delhi	12.37	88.93	0.441	2143.75	High	Reroute	Critical
2026-07-11T14:38:30.200652+00:00	CONT-1000	Banana	Bengaluru	Delhi	12.51	88.78	0.431	2143.74	High	Reroute	Critical
2026-07-11T14:38:30.203771+00:00	CONT-1002	Strawberry	Bengaluru	Delhi	23.35	91.79	0.581	2137.48	High	Reroute	Critical
2026-07-11T14:38:30.206666+00:00	CONT-1003	Grapes	Bengaluru	Delhi	-0.29	92.18	0.029	2137.48	Medium	Continue	Warning
2026-07-11T14:38:30.211874+00:00	CONT-1004	Mango	Bengaluru	Delhi	11.11	78.42	0.08	2143.74	Low	Continue	Normal
2026-07-11T14:38:31.214499+00:00	CONT-1001	Avocado	Bengaluru	Delhi	4.28	90.61	0.553	2137.46	High	Reroute	Critical
2026-07-11T14:38:31.216303+00:00	CONT-1002	Strawberry	Bengaluru	Delhi	23.38	91.63	0.599	2137.46	High	Reroute	Critical
2026-07-11T14:38:31.216854+00:00	CONT-1003	Grapes	Bengaluru	Delhi	-0.27	92.03	0.033	2137.46	Medium	Continue	Warning
2026-07-11T14:38:31.217561+00:00	CONT-1004	Mango	Bengaluru	Delhi	11.02	78.61	0.08	2143.73	Low	Continue	Normal
2026-07-11T14:38:32.218872+00:00	CONT-1000	Banana	Bengaluru	Delhi	12.58	89.46	0.436	2143.72	High	Reroute	Critical
2026-07-11T14:38:32.221153+00:00	CONT-1002	Strawberry	Bengaluru	Delhi	23.42	91.66	0.584	2137.44	High	Reroute	Critical
2026-07-11T14:38:32.224062+00:00	CONT-1004	Mango	Bengaluru	Delhi	10.87	78.48	0.09	2143.72	Low	Continue	Normal
2026-07-11T14:38:33.227330+00:00	CONT-1002	Strawberry	Bengaluru	Delhi	23.46	91.73	0.593	2137.42	High	Reroute	Critical
2026-07-11T14:38:33.231209+00:00	CONT-1003	Grapes	Bengaluru	Delhi	-0.17	91.98	0.066	2137.42	Medium	Continue	Warning
2026-07-11T14:38:34.233388+00:00	CONT-1000	Banana	Bengaluru	Delhi	12.44	89.57	0.433	2143.7	High	Reroute	Critical
2026-07-11T14:38:34.235336+00:00	CONT-1002	Strawberry	Bengaluru	Delhi	23.51	91.53	0.59	2137.4	High	Reroute	Critical
2026-07-11T14:38:34.239071+00:00	CONT-1003	Grapes	Bengaluru	Delhi	-0.22	92.26	0.071	2137.4	Medium	Continue	Warning
2026-07-11T14:38:35.245042+00:00	CONT-1001	Avocado	Bengaluru	Delhi	4.38	90.34	0.548	2137.38	High	Reroute	Critical
2026-07-11T14:38:35.248628+00:00	CONT-1004	Mango	Bengaluru	Delhi	10.64	78.93	0.119	2143.69	Low	Continue	Normal
2026-07-11T14:38:36.250547+00:00	CONT-1000	Banana	Bengaluru	Delhi	12.62	89.38	0.456	2143.68	High	Reroute	Critical
2026-07-11T14:38:36.254804+00:00	CONT-1004	Mango	Bengaluru	Delhi	10.52	78.82	0.128	2143.68	Low	Continue	Normal
2026-07-11T14:38:37.259116+00:00	CONT-1003	Grapes	Bengaluru	Delhi	-0.16	92.32	0.074	2137.34	Medium	Continue	Warning
2026-07-11T14:38:37.259701+00:00	CONT-1004	Mango	Bengaluru	Delhi	10.43	78.84	0.13	2143.67	Low	Continue	Normal
2026-07-11T14:38:38.266309+00:00	CONT-1002	Strawberry	Bengaluru	Delhi	23.67	91.2	0.6	2137.32	High	Reroute	Critical
2026-07-11T14:38:39.273987+00:00	CONT-1001	Avocado	Bengaluru	Delhi	4.39	90.51	0.545	2137.3	High	Reroute	Critical
2026-07-11T14:38:40.286068+00:00	CONT-1000	Banana	Bengaluru	Delhi	12.66	89.48	0.488	2143.64	High	Reroute	Critical
2026-07-11T14:38:40.304282+00:00	CONT-1002	Strawberry	Bengaluru	Delhi	23.74	91.3	0.579	2137.28	High	Reroute	Critical
2026-07-11T14:38:40.310644+00:00	CONT-1004	Mango	Bengaluru	Delhi	10.43	79.26	0.123	2143.64	Low	Continue	Normal
2026-07-11T14:38:41.319799+00:00	CONT-1000	Banana	Bengaluru	Delhi	12.8	89.79	0.498	2143.63	High	Reroute	Critical
2026-07-11T14:38:41.322978+00:00	CONT-1001	Avocado	Bengaluru	Delhi	4.29	90.32	0.551	2137.26	High	Reroute	Critical
2026-07-11T14:38:41.323571+00:00	CONT-1002	Strawberry	Bengaluru	Delhi	23.79	91.61	0.583	2137.26	High	Reroute	Critical
2026-07-11T14:38:41.332911+00:00	CONT-1004	Mango	Bengaluru	Delhi	10.47	79.06	0.106	2143.63	Low	Continue	Normal
2026-07-11T14:38:42.346142+00:00	CONT-1003	Grapes	Bengaluru	Delhi	-0.4	91.43	0.083	2137.24	Medium	Continue	Warning
2026-07-11T14:38:43.348812+00:00	CONT-1000	Banana	Bengaluru	Delhi	12.87	89.65	0.486	2143.61	High	Reroute	Critical
2026-07-11T14:38:44.357292+00:00	CONT-1001	Avocado	Bengaluru	Delhi	4.31	90.49	0.579	2137.2	High	Reroute	Critical
2026-07-11T14:38:44.361010+00:00	CONT-1004	Mango	Bengaluru	Delhi	10.61	78.61	0.138	2143.6	Low	Continue	Normal
2026-07-11T14:38:45.363093+00:00	CONT-1001	Avocado	Bengaluru	Delhi	4.41	90.51	0.579	2137.18	High	Reroute	Critical
2026-07-11T14:38:45.366623+00:00	CONT-1003	Grapes	Bengaluru	Delhi	-0.4	91.57	0.036	2137.18	Medium	Continue	Warning
2026-07-11T14:38:46.370301+00:00	CONT-1000	Banana	Bengaluru	Delhi	12.79	89.53	0.463	2143.58	High	Reroute	Critical
2026-07-11T14:38:46.373044+00:00	CONT-1002	Strawberry	Bengaluru	Delhi	24	91.51	0.556	2137.16	High	Reroute	Critical
2026-07-11T14:38:46.373704+00:00	CONT-1003	Grapes	Bengaluru	Delhi	-0.33	91.64	0.039	2137.16	Medium	Continue	Warning
2026-07-11T14:38:47.377908+00:00	CONT-1001	Avocado	Bengaluru	Delhi	4.43	90.5	0.599	2137.14	High	Reroute	Critical
2026-07-11T14:38:47.384728+00:00	CONT-1004	Mango	Bengaluru	Delhi	10.73	79.28	0.113	2143.57	Low	Continue	Normal
2026-07-11T14:38:48.387062+00:00	CONT-1000	Banana	Bengaluru	Delhi	12.81	89.79	0.467	2143.56	High	Reroute	Critical
2026-07-11T14:38:48.387818+00:00	CONT-1001	Avocado	Bengaluru	Delhi	4.4	90.39	0.6	2137.12	High	Reroute	Critical
2026-07-11T14:38:48.392393+00:00	CONT-1004	Mango	Bengaluru	Delhi	10.63	79.41	0.117	2143.56	Low	Continue	Normal
2026-07-11T14:38:49.394588+00:00	CONT-1000	Banana	Bengaluru	Delhi	12.85	89.72	0.453	2143.55	High	Reroute	Critical
2026-07-11T14:38:49.399527+00:00	CONT-1004	Mango	Bengaluru	Delhi	10.72	79.39	0.135	2143.55	Low	Continue	Normal
2026-07-11T14:38:52.413369+00:00	CONT-1000	Banana	Bengaluru	Delhi	13.09	90.12	0.434	2143.52	High	Reroute	Critical
2026-07-11T14:38:52.415049+00:00	CONT-1001	Avocado	Bengaluru	Delhi	4.48	90.8	0.564	2137.04	High	Reroute	Critical
2026-07-11T14:38:53.422632+00:00	CONT-1001	Avocado	Bengaluru	Delhi	4.55	90.8	0.573	2137.02	High	Reroute	Critical
2026-07-11T14:38:53.424705+00:00	CONT-1004	Mango	Bengaluru	Delhi	10.53	79.58	0.157	2143.51	Low	Continue	Normal
2026-07-11T14:38:54.430310+00:00	CONT-1004	Mango	Bengaluru	Delhi	10.66	79.61	0.143	2143.5	Low	Continue	Normal
2026-07-11T14:38:55.434525+00:00	CONT-1003	Grapes	Bengaluru	Delhi	-0.1	91.61	0.056	2136.98	Medium	Continue	Warning
2026-07-11T14:38:56.440581+00:00	CONT-1003	Grapes	Bengaluru	Delhi	-0.15	91.56	0.048	2136.96	Medium	Continue	Warning
2026-07-11T14:38:56.442945+00:00	CONT-1004	Mango	Bengaluru	Delhi	10.78	79.6	0.155	2143.48	Low	Continue	Normal
2026-07-11T14:38:57.446022+00:00	CONT-1001	Avocado	Bengaluru	Delhi	4.91	91.42	0.574	2136.94	High	Reroute	Critical
2026-07-11T14:38:58.451187+00:00	CONT-1000	Banana	Bengaluru	Delhi	13.43	89.44	0.491	2143.46	High	Reroute	Critical
2026-07-11T14:38:58.452987+00:00	CONT-1001	Avocado	Bengaluru	Delhi	5.03	91.66	0.571	2136.92	High	Reroute	Critical
2026-07-11T14:38:58.453635+00:00	CONT-1002	Strawberry	Bengaluru	Delhi	24.48	91.07	0.551	2136.92	High	Reroute	Critical
2026-07-11T14:38:58.454087+00:00	CONT-1003	Grapes	Bengaluru	Delhi	-0.08	91.51	0.065	2136.92	Medium	Continue	Warning
2026-07-11T14:39:00.461704+00:00	CONT-1001	Avocado	Bengaluru	Delhi	5.09	91.66	0.591	2136.88	High	Reroute	Critical
2026-07-11T14:39:00.465698+00:00	CONT-1003	Grapes	Bengaluru	Delhi	0.01	91.11	0.062	2136.88	Medium	Continue	Warning
2026-07-11T14:39:00.466821+00:00	CONT-1004	Mango	Bengaluru	Delhi	10.54	79.7	0.155	2143.44	Low	Continue	Normal
2026-07-11T14:39:02.479406+00:00	CONT-1003	Grapes	Bengaluru	Delhi	0.22	91.25	0.083	2136.84	Medium	Continue	Warning
2026-07-11T14:39:02.480144+00:00	CONT-1004	Mango	Bengaluru	Delhi	10.62	79.76	0.158	2143.42	Low	Continue	Normal
2026-07-11T14:39:03.481572+00:00	CONT-1000	Banana	Bengaluru	Delhi	13.41	89.66	0.516	2143.41	High	Reroute	Critical
2026-07-11T14:39:04.490830+00:00	CONT-1002	Strawberry	Bengaluru	Delhi	24.73	91.46	0.6	2136.8	High	Reroute	Critical
2026-07-11T14:39:05.494978+00:00	CONT-1001	Avocado	Bengaluru	Delhi	5.56	92.7	0.595	2136.78	High	Reroute	Critical
2026-07-11T14:39:06.502763+00:00	CONT-1002	Strawberry	Bengaluru	Delhi	24.82	92.08	0.6	2136.76	High	Reroute	Critical
2026-07-11T14:39:07.527741+00:00	CONT-1003	Grapes	Bengaluru	Delhi	-0.09	90.68	0.081	2136.74	Medium	Continue	Warning
2026-07-11T14:39:09.537094+00:00	CONT-1003	Grapes	Bengaluru	Delhi	0.03	90.39	0.083	2136.7	Medium	Continue	Warning
2026-07-11T14:39:09.540526+00:00	CONT-1004	Mango	Bengaluru	Delhi	10.59	79.61	0.204	2143.35	Low	Continue	Normal
2026-07-11T14:39:10.543590+00:00	CONT-1000	Banana	Bengaluru	Delhi	13.16	89.59	0.474	2143.34	High	Reroute	Critical
2026-07-11T14:39:10.546802+00:00	CONT-1002	Strawberry	Bengaluru	Delhi	24.97	91.78	0.562	2136.68	High	Reroute	Critical
2026-07-11T14:39:10.547326+00:00	CONT-1003	Grapes	Bengaluru	Delhi	0.08	90.05	0.064	2136.68	Medium	Continue	Warning
2026-07-11T14:39:11.549813+00:00	CONT-1001	Avocado	Bengaluru	Delhi	5.74	92.41	0.6	2136.66	High	Reroute	Critical
2026-07-11T14:39:11.552726+00:00	CONT-1003	Grapes	Bengaluru	Delhi	0.06	90.01	0.06	2136.66	Medium	Continue	Warning
2026-07-11T14:39:11.554382+00:00	CONT-1004	Mango	Bengaluru	Delhi	10.6	80.12	0.206	2143.33	Low	Continue	Normal
2026-07-11T14:39:12.558414+00:00	CONT-1002	Strawberry	Bengaluru	Delhi	25.05	91.65	0.56	2136.64	High	Reroute	Critical
2026-07-11T14:39:13.566187+00:00	CONT-1002	Strawberry	Bengaluru	Delhi	25.09	91.59	0.554	2136.62	High	Reroute	Critical
2026-07-11T14:39:14.570194+00:00	CONT-1000	Banana	Bengaluru	Delhi	13.4	89.07	0.44	2143.3	High	Reroute	Critical
2026-07-11T14:39:15.576693+00:00	CONT-1000	Banana	Bengaluru	Delhi	13.42	89.3	0.432	2143.29	High	Reroute	Critical
2026-07-11T14:39:15.577506+00:00	CONT-1001	Avocado	Bengaluru	Delhi	5.98	92.07	0.562	2136.58	High	Reroute	Critical
2026-07-11T14:39:16.583964+00:00	CONT-1000	Banana	Bengaluru	Delhi	13.38	89.12	0.451	2143.28	High	Reroute	Critical
2026-07-11T14:39:16.590625+00:00	CONT-1003	Grapes	Bengaluru	Delhi	0.41	90.36	0.058	2136.56	Medium	Continue	Warning
2026-07-11T14:39:18.602751+00:00	CONT-1001	Avocado	Bengaluru	Delhi	6.18	92.78	0.574	2136.52	High	Reroute	Critical
2026-07-11T14:39:18.604660+00:00	CONT-1002	Strawberry	Bengaluru	Delhi	25.25	91.79	0.542	2136.52	High	Reroute	Critical
2026-07-11T14:39:18.606622+00:00	CONT-1004	Mango	Bengaluru	Delhi	10.89	80.25	0.222	2143.26	Low	Continue	Normal
2026-07-11T14:39:19.609911+00:00	CONT-1001	Avocado	Bengaluru	Delhi	6.08	92.56	0.56	2136.5	High	Reroute	Critical
2026-07-11T14:39:19.613777+00:00	CONT-1004	Mango	Bengaluru	Delhi	10.94	80.57	0.205	2143.25	Low	Continue	Normal
2026-07-11T14:39:20.615136+00:00	CONT-1000	Banana	Bengaluru	Delhi	13.25	89.07	0.424	2143.24	High	Reroute	Critical
2026-07-11T14:39:21.629028+00:00	CONT-1003	Grapes	Bengaluru	Delhi	0.55	90.08	0.051	2136.46	Medium	Continue	Warning
2026-07-11T14:39:21.629886+00:00	CONT-1004	Mango	Bengaluru	Delhi	10.81	80.47	0.2	2143.23	Low	Continue	Normal
2026-07-11T14:39:22.634842+00:00	CONT-1002	Strawberry	Bengaluru	Delhi	25.39	92.19	0.591	2136.44	High	Reroute	Critical
2026-07-11T14:39:23.640407+00:00	CONT-1001	Avocado	Bengaluru	Delhi	6.26	92.06	0.576	2136.42	High	Reroute	Critical
2026-07-11T14:39:23.641011+00:00	CONT-1002	Strawberry	Bengaluru	Delhi	25.42	91.96	0.576	2136.42	High	Reroute	Critical
2026-07-11T14:39:23.644990+00:00	CONT-1004	Mango	Bengaluru	Delhi	10.85	81	0.215	2143.21	Low	Continue	Normal
2026-07-11T14:39:24.646699+00:00	CONT-1000	Banana	Bengaluru	Delhi	13.42	89.04	0.474	2143.2	High	Reroute	Critical
2026-07-11T14:39:24.648456+00:00	CONT-1001	Avocado	Bengaluru	Delhi	6.23	91.9	0.559	2136.4	High	Reroute	Critical
2026-07-11T14:39:24.650950+00:00	CONT-1003	Grapes	Bengaluru	Delhi	0.93	90.62	0.065	2136.4	Low	Continue	Normal
2026-07-11T14:39:26.665678+00:00	CONT-1002	Strawberry	Bengaluru	Delhi	25.51	91.76	0.593	2136.36	High	Reroute	Critical
2026-07-11T14:39:26.668253+00:00	CONT-1004	Mango	Bengaluru	Delhi	10.68	80.99	0.251	2143.18	Low	Continue	Normal
2026-07-11T14:39:27.670229+00:00	CONT-1000	Banana	Bengaluru	Delhi	13.75	89.22	0.52	2143.17	High	Reroute	Critical
2026-07-11T14:39:27.680801+00:00	CONT-1003	Grapes	Bengaluru	Delhi	0.78	90.56	0.057	2136.34	Low	Continue	Normal
2026-07-11T14:39:29.695944+00:00	CONT-1004	Mango	Bengaluru	Delhi	10.56	80.93	0.223	2143.15	Low	Continue	Normal
2026-07-11T14:39:30.700729+00:00	CONT-1004	Mango	Bengaluru	Delhi	10.47	80.72	0.232	2143.14	Low	Continue	Normal
2026-07-11T14:39:32.715766+00:00	CONT-1004	Mango	Bengaluru	Delhi	10.38	80.46	0.227	2143.12	Low	Continue	Normal
2026-07-11T14:39:33.716919+00:00	CONT-1000	Banana	Bengaluru	Delhi	13.71	88.93	0.55	2143.11	High	Reroute	Critical
2026-07-11T14:39:33.721403+00:00	CONT-1003	Grapes	Bengaluru	Delhi	0.71	90.09	0.085	2136.22	Low	Continue	Normal
2026-07-11T14:39:33.722258+00:00	CONT-1004	Mango	Bengaluru	Delhi	10.27	80.3	0.231	2143.11	Low	Continue	Normal
2026-07-11T14:39:34.725755+00:00	CONT-1001	Avocado	Bengaluru	Delhi	5.88	91.51	0.57	2136.2	High	Reroute	Critical
2026-07-11T14:39:34.727493+00:00	CONT-1002	Strawberry	Bengaluru	Delhi	25.82	92.44	0.564	2136.2	High	Reroute	Critical
2026-07-11T14:39:34.729699+00:00	CONT-1004	Mango	Bengaluru	Delhi	10.15	80.36	0.235	2143.1	Low	Continue	Normal
2026-07-11T14:39:35.731547+00:00	CONT-1000	Banana	Bengaluru	Delhi	13.77	88.51	0.55	2143.09	High	Reroute	Critical
2026-07-11T14:39:36.741065+00:00	CONT-1000	Banana	Bengaluru	Delhi	13.84	88.36	0.537	2143.08	High	Reroute	Critical
2026-07-11T14:39:37.753065+00:00	CONT-1004	Mango	Bengaluru	Delhi	10.13	80.04	0.276	2143.07	Low	Continue	Normal
2026-07-11T14:39:39.767434+00:00	CONT-1001	Avocado	Bengaluru	Delhi	5.68	91.28	0.563	2136.1	High	Reroute	Critical
2026-07-11T14:39:39.769778+00:00	CONT-1003	Grapes	Bengaluru	Delhi	0.71	89.4	0.085	2136.1	Low	Continue	Normal
2026-07-11T14:39:40.774028+00:00	CONT-1001	Avocado	Bengaluru	Delhi	5.83	91.49	0.561	2136.08	High	Reroute	Critical
2026-07-11T14:39:40.774595+00:00	CONT-1002	Strawberry	Bengaluru	Delhi	26.03	92.86	0.581	2136.08	High	Reroute	Critical
2026-07-11T14:39:42.791395+00:00	CONT-1003	Grapes	Bengaluru	Delhi	0.71	90.04	0.074	2136.04	Low	Continue	Normal
2026-07-11T14:39:44.805166+00:00	CONT-1002	Strawberry	Bengaluru	Delhi	26.18	92.31	0.6	2136	High	Reroute	Critical
2026-07-11T14:39:44.811022+00:00	CONT-1004	Mango	Bengaluru	Delhi	10.38	80.75	0.288	2143	Low	Continue	Normal
2026-07-11T14:39:46.820710+00:00	CONT-1004	Mango	Bengaluru	Delhi	10.42	81.27	0.296	2142.98	Low	Continue	Normal
2026-07-11T14:39:48.831130+00:00	CONT-1002	Strawberry	Bengaluru	Delhi	26.32	92.71	0.589	2135.92	High	Reroute	Critical
2026-07-11T14:39:50.843105+00:00	CONT-1002	Strawberry	Bengaluru	Delhi	26.4	93.25	0.597	2135.88	High	Reroute	Critical
2026-07-11T14:39:51.846865+00:00	CONT-1000	Banana	Bengaluru	Delhi	13.74	87.1	0.538	2142.93	High	Reroute	Critical
2026-07-11T14:39:51.848686+00:00	CONT-1002	Strawberry	Bengaluru	Delhi	26.43	93.46	0.585	2135.86	High	Reroute	Critical
2026-07-11T14:39:51.852062+00:00	CONT-1004	Mango	Bengaluru	Delhi	10.35	80.23	0.296	2142.93	Low	Continue	Normal
2026-07-11T14:39:52.857835+00:00	CONT-1003	Grapes	Bengaluru	Delhi	0.37	90.18	0.058	2135.84	Low	Continue	Normal
2026-07-11T14:39:52.860062+00:00	CONT-1004	Mango	Bengaluru	Delhi	10.28	80.21	0.282	2142.92	Low	Continue	Normal
2026-07-11T14:39:53.864591+00:00	CONT-1001	Avocado	Bengaluru	Delhi	5.75	92.8	0.583	2135.82	High	Reroute	Critical
2026-07-11T14:39:53.865181+00:00	CONT-1002	Strawberry	Bengaluru	Delhi	26.48	93.68	0.572	2135.82	High	Reroute	Critical
2026-07-11T14:39:53.866599+00:00	CONT-1003	Grapes	Bengaluru	Delhi	0.34	90.17	0.049	2135.82	Low	Continue	Normal
2026-07-11T14:39:53.866953+00:00	CONT-1004	Mango	Bengaluru	Delhi	10.27	80.39	0.271	2142.91	Low	Continue	Normal
2026-07-11T14:39:54.868773+00:00	CONT-1001	Avocado	Bengaluru	Delhi	5.65	92.45	0.567	2135.8	High	Reroute	Critical
2026-07-11T14:39:55.884492+00:00	CONT-1003	Grapes	Bengaluru	Delhi	0.51	90.35	0.033	2135.78	Low	Continue	Normal
2026-07-11T14:39:56.888909+00:00	CONT-1001	Avocado	Bengaluru	Delhi	5.58	92.25	0.564	2135.76	High	Reroute	Critical
2026-07-11T14:39:56.891306+00:00	CONT-1002	Strawberry	Bengaluru	Delhi	26.58	93.57	0.6	2135.76	High	Reroute	Critical
2026-07-11T14:39:57.896070+00:00	CONT-1000	Banana	Bengaluru	Delhi	13.43	87.17	0.555	2142.87	High	Reroute	Critical
2026-07-11T14:39:57.901210+00:00	CONT-1003	Grapes	Bengaluru	Delhi	0.39	90.57	0.031	2135.74	Low	Continue	Normal
2026-07-11T14:39:57.901768+00:00	CONT-1004	Mango	Bengaluru	Delhi	10.28	80.39	0.257	2142.87	Low	Continue	Normal
2026-07-11T14:39:58.906463+00:00	CONT-1004	Mango	Bengaluru	Delhi	10.31	80.07	0.242	2142.86	Low	Continue	Normal
2026-07-11T14:40:00.914257+00:00	CONT-1001	Avocado	Bengaluru	Delhi	5.42	92.87	0.572	2135.68	High	Reroute	Critical
2026-07-11T14:40:01.923997+00:00	CONT-1002	Strawberry	Bengaluru	Delhi	26.78	93.57	0.562	2135.66	High	Reroute	Critical
2026-07-11T14:40:02.928443+00:00	CONT-1000	Banana	Bengaluru	Delhi	13.47	88.01	0.582	2142.82	High	Reroute	Critical
2026-07-11T14:40:03.938711+00:00	CONT-1000	Banana	Bengaluru	Delhi	13.61	87.84	0.566	2142.81	High	Reroute	Critical
2026-07-11T14:40:03.939558+00:00	CONT-1001	Avocado	Bengaluru	Delhi	5.25	92.44	0.6	2135.62	High	Reroute	Critical
2026-07-11T14:40:03.942744+00:00	CONT-1003	Grapes	Bengaluru	Delhi	0.78	90.57	0.018	2135.62	Low	Continue	Normal
2026-07-11T14:40:03.943323+00:00	CONT-1004	Mango	Bengaluru	Delhi	9.87	78.9	0.256	2142.81	Low	Continue	Normal
2026-07-11T14:40:04.944793+00:00	CONT-1000	Banana	Bengaluru	Delhi	13.48	87.88	0.557	2142.8	High	Reroute	Critical
2026-07-11T14:40:04.948832+00:00	CONT-1003	Grapes	Bengaluru	Delhi	0.73	90.58	0.014	2135.6	Low	Continue	Normal
2026-07-11T14:40:05.952331+00:00	CONT-1001	Avocado	Bengaluru	Delhi	5.42	92.23	0.6	2135.58	High	Reroute	Critical
2026-07-11T14:40:05.955014+00:00	CONT-1004	Mango	Bengaluru	Delhi	9.9	79.01	0.274	2142.79	Low	Continue	Normal
2026-07-11T14:40:06.960929+00:00	CONT-1003	Grapes	Bengaluru	Delhi	0.78	90.32	0.036	2135.56	Low	Continue	Normal
2026-07-11T14:40:07.969375+00:00	CONT-1001	Avocado	Bengaluru	Delhi	5.33	92.22	0.587	2135.54	High	Reroute	Critical
2026-07-11T14:40:07.971313+00:00	CONT-1003	Grapes	Bengaluru	Delhi	0.67	90.28	0.018	2135.54	Low	Continue	Normal
2026-07-11T14:40:08.974745+00:00	CONT-1000	Banana	Bengaluru	Delhi	13.5	87.39	0.594	2142.76	High	Reroute	Critical
2026-07-11T14:40:09.984123+00:00	CONT-1000	Banana	Bengaluru	Delhi	13.38	87.09	0.6	2142.75	High	Reroute	Critical
2026-07-11T14:40:09.984968+00:00	CONT-1001	Avocado	Bengaluru	Delhi	5.23	92.32	0.592	2135.5	High	Reroute	Critical
2026-07-11T14:40:09.986524+00:00	CONT-1002	Strawberry	Bengaluru	Delhi	27.07	92.04	0.591	2135.5	High	Reroute	Critical
2026-07-11T14:40:14.011584+00:00	CONT-1002	Strawberry	Bengaluru	Delhi	27.22	92.13	0.594	2135.42	High	Reroute	Critical
2026-07-11T14:40:14.013996+00:00	CONT-1004	Mango	Bengaluru	Delhi	10.06	80.14	0.28	2142.71	Low	Continue	Normal
2026-07-11T14:40:15.021152+00:00	CONT-1003	Grapes	Bengaluru	Delhi	0.85	89.03	0.033	2135.4	Low	Continue	Normal
2026-07-11T14:40:16.023440+00:00	CONT-1000	Banana	Bengaluru	Delhi	13.5	87.41	0.583	2142.69	High	Reroute	Critical
2026-07-11T14:40:16.028366+00:00	CONT-1004	Mango	Bengaluru	Delhi	10.13	80.92	0.247	2142.69	Low	Continue	Normal
2026-07-11T14:40:18.058471+00:00	CONT-1000	Banana	Bengaluru	Delhi	13.4	86.97	0.588	2142.67	High	Reroute	Critical
2026-07-11T14:40:19.064597+00:00	CONT-1000	Banana	Bengaluru	Delhi	13.55	87.29	0.57	2142.66	High	Reroute	Critical
2026-07-11T14:40:19.068640+00:00	CONT-1002	Strawberry	Bengaluru	Delhi	27.41	91.29	0.596	2135.32	High	Reroute	Critical
2026-07-11T14:40:19.069666+00:00	CONT-1003	Grapes	Bengaluru	Delhi	0.82	88.95	0.048	2135.32	Low	Continue	Normal
2026-07-11T14:40:19.070228+00:00	CONT-1004	Mango	Bengaluru	Delhi	9.9	80.99	0.234	2142.66	Low	Continue	Normal
2026-07-11T14:40:20.072938+00:00	CONT-1001	Avocado	Bengaluru	Delhi	5.57	92.59	0.6	2135.3	High	Reroute	Critical
2026-07-11T14:40:22.086526+00:00	CONT-1000	Banana	Bengaluru	Delhi	13.44	87.51	0.585	2142.63	High	Reroute	Critical
2026-07-11T14:40:22.088751+00:00	CONT-1002	Strawberry	Bengaluru	Delhi	27.5	91.13	0.58	2135.26	High	Reroute	Critical
2026-07-11T14:40:22.090146+00:00	CONT-1003	Grapes	Bengaluru	Delhi	1.02	89.5	0.036	2135.26	Low	Continue	Normal
2026-07-11T14:40:23.157573+00:00	CONT-1001	Avocado	Bengaluru	Delhi	5.75	92.35	0.585	2135.24	High	Reroute	Critical
2026-07-11T14:40:23.160402+00:00	CONT-1003	Grapes	Bengaluru	Delhi	0.93	89.34	0.019	2135.24	Low	Continue	Normal
2026-07-11T14:40:23.161289+00:00	CONT-1004	Mango	Bengaluru	Delhi	9.66	81.18	0.218	2142.62	Low	Continue	Normal
2026-07-11T14:40:25.168117+00:00	CONT-1000	Banana	Bengaluru	Delhi	13.47	87.55	0.6	2142.6	High	Reroute	Critical
2026-07-11T14:40:25.171445+00:00	CONT-1002	Strawberry	Bengaluru	Delhi	27.59	91.53	0.547	2135.2	High	Reroute	Critical
2026-07-11T14:40:26.177932+00:00	CONT-1000	Banana	Bengaluru	Delhi	13.59	87.91	0.599	2142.59	High	Reroute	Critical
2026-07-11T14:40:28.190545+00:00	CONT-1000	Banana	Bengaluru	Delhi	13.7	88.26	0.584	2142.57	High	Reroute	Critical
2026-07-11T14:40:28.191535+00:00	CONT-1001	Avocado	Bengaluru	Delhi	5.6	91.72	0.574	2135.14	High	Reroute	Critical
2026-07-11T14:40:28.195620+00:00	CONT-1004	Mango	Bengaluru	Delhi	9.75	80.97	0.207	2142.57	Low	Continue	Normal
2026-07-11T14:40:29.198707+00:00	CONT-1001	Avocado	Bengaluru	Delhi	5.55	91.65	0.578	2135.12	High	Reroute	Critical
2026-07-11T14:40:30.205571+00:00	CONT-1000	Banana	Bengaluru	Delhi	13.79	88.4	0.565	2142.55	High	Reroute	Critical
2026-07-11T14:40:30.212128+00:00	CONT-1003	Grapes	Bengaluru	Delhi	0.98	89.31	0.034	2135.1	Low	Continue	Normal
2026-07-11T14:40:32.223365+00:00	CONT-1001	Avocado	Bengaluru	Delhi	5.37	92.17	0.565	2135.06	High	Reroute	Critical
2026-07-11T14:40:32.227597+00:00	CONT-1003	Grapes	Bengaluru	Delhi	1.25	89.13	0.033	2135.06	Low	Continue	Normal
2026-07-11T14:40:32.229454+00:00	CONT-1004	Mango	Bengaluru	Delhi	9.72	80.92	0.256	2142.53	Low	Continue	Normal
2026-07-11T14:40:34.237092+00:00	CONT-1000	Banana	Bengaluru	Delhi	13.66	88.71	0.584	2142.51	High	Reroute	Critical
2026-07-11T14:40:35.247603+00:00	CONT-1001	Avocado	Bengaluru	Delhi	5.41	91.75	0.534	2135	High	Reroute	Critical
2026-07-11T14:40:35.249301+00:00	CONT-1002	Strawberry	Bengaluru	Delhi	27.96	92.19	0.544	2135	High	Reroute	Critical
2026-07-11T14:40:35.254022+00:00	CONT-1004	Mango	Bengaluru	Delhi	9.48	81.45	0.247	2142.5	Medium	Continue	Warning
2026-07-11T14:40:36.258326+00:00	CONT-1003	Grapes	Bengaluru	Delhi	1.31	89.07	0.04	2134.98	Low	Continue	Normal
2026-07-11T14:40:37.262736+00:00	CONT-1000	Banana	Bengaluru	Delhi	13.6	88.14	0.579	2142.48	High	Reroute	Critical
2026-07-11T14:40:38.270265+00:00	CONT-1000	Banana	Bengaluru	Delhi	13.71	88.19	0.588	2142.47	High	Reroute	Critical
2026-07-11T14:40:38.272089+00:00	CONT-1001	Avocado	Bengaluru	Delhi	5.46	91.7	0.537	2134.94	High	Reroute	Critical
2026-07-11T14:40:38.272713+00:00	CONT-1002	Strawberry	Bengaluru	Delhi	28.09	92.2	0.888	2134.94	High	Reroute	Critical
2026-07-11T14:40:38.273571+00:00	CONT-1003	Grapes	Bengaluru	Delhi	1.3	89.28	0.065	2134.94	Low	Continue	Normal
2026-07-11T14:40:38.273944+00:00	CONT-1004	Mango	Bengaluru	Delhi	9.46	81.34	0.21	2142.47	Medium	Continue	Warning
2026-07-11T14:40:39.276750+00:00	CONT-1000	Banana	Bengaluru	Delhi	13.7	88.13	0.591	2142.46	High	Reroute	Critical
2026-07-11T14:40:39.281634+00:00	CONT-1001	Avocado	Bengaluru	Delhi	5.6	91.3	0.533	2134.92	High	Reroute	Critical
2026-07-11T14:40:39.282309+00:00	CONT-1002	Strawberry	Bengaluru	Delhi	28.11	92.37	0.6	2134.92	High	Reroute	Critical
2026-07-11T14:40:40.290549+00:00	CONT-1000	Banana	Bengaluru	Delhi	13.79	88.26	0.572	2142.45	High	Reroute	Critical
2026-07-11T14:40:40.291346+00:00	CONT-1001	Avocado	Bengaluru	Delhi	5.52	91.53	0.534	2134.9	High	Reroute	Critical
2026-07-11T14:40:41.297025+00:00	CONT-1000	Banana	Bengaluru	Delhi	13.93	88.02	0.575	2142.44	High	Reroute	Critical
2026-07-11T14:40:41.299387+00:00	CONT-1002	Strawberry	Bengaluru	Delhi	28.19	91.99	0.586	2134.88	High	Reroute	Critical
2026-07-11T14:40:42.306740+00:00	CONT-1001	Avocado	Bengaluru	Delhi	5.66	91.4	0.507	2134.86	High	Reroute	Critical
2026-07-11T14:40:44.319649+00:00	CONT-1001	Avocado	Bengaluru	Delhi	5.55	91.71	0.495	2134.82	High	Reroute	Critical
2026-07-11T14:40:44.321948+00:00	CONT-1003	Grapes	Bengaluru	Delhi	1.5	88.89	0.056	2134.82	Low	Continue	Normal
2026-07-11T14:40:45.323743+00:00	CONT-1000	Banana	Bengaluru	Delhi	14.09	88.19	0.548	2142.4	High	Reroute	Critical
2026-07-11T14:40:46.334976+00:00	CONT-1003	Grapes	Bengaluru	Delhi	1.37	88.52	0.049	2134.78	Low	Continue	Normal
2026-07-11T14:40:48.349157+00:00	CONT-1003	Grapes	Bengaluru	Delhi	1.3	87.98	0.04	2134.74	Low	Continue	Normal
2026-07-11T14:40:49.351772+00:00	CONT-1000	Banana	Bengaluru	Delhi	14.02	88.56	0.541	2142.36	High	Reroute	Critical
2026-07-11T14:40:49.358125+00:00	CONT-1004	Mango	Bengaluru	Delhi	9.72	81.85	0.223	2142.36	Medium	Continue	Warning
2026-07-11T14:40:50.360272+00:00	CONT-1000	Banana	Bengaluru	Delhi	13.96	88.3	0.551	2142.35	High	Reroute	Critical
2026-07-11T14:40:51.368452+00:00	CONT-1000	Banana	Bengaluru	Delhi	13.91	88.22	0.554	2142.34	High	Reroute	Critical
2026-07-11T14:40:51.370319+00:00	CONT-1001	Avocado	Bengaluru	Delhi	5.92	90.68	0.498	2134.68	High	Reroute	Critical
2026-07-11T14:40:51.372441+00:00	CONT-1003	Grapes	Bengaluru	Delhi	1.58	87.63	0.052	2134.68	Low	Continue	Normal
2026-07-11T14:40:51.373376+00:00	CONT-1004	Mango	Bengaluru	Delhi	9.62	81.52	0.2	2142.34	Medium	Continue	Warning
2026-07-11T14:40:52.374767+00:00	CONT-1000	Banana	Bengaluru	Delhi	13.99	88.24	0.554	2142.33	High	Reroute	Critical
2026-07-11T14:40:52.376064+00:00	CONT-1001	Avocado	Bengaluru	Delhi	5.89	91.05	0.489	2134.66	High	Reroute	Critical
2026-07-11T14:40:52.380283+00:00	CONT-1003	Grapes	Bengaluru	Delhi	1.63	87.39	0.039	2134.66	Low	Continue	Normal
2026-07-11T14:40:53.384491+00:00	CONT-1001	Avocado	Bengaluru	Delhi	5.76	91.33	0.504	2134.64	High	Reroute	Critical
2026-07-11T14:40:54.391226+00:00	CONT-1000	Banana	Bengaluru	Delhi	14.11	88.76	0.539	2142.31	High	Reroute	Critical
2026-07-11T14:40:55.400449+00:00	CONT-1000	Banana	Bengaluru	Delhi	14.14	88.92	0.528	2142.3	High	Reroute	Critical
2026-07-11T14:40:55.407232+00:00	CONT-1004	Mango	Bengaluru	Delhi	9.55	81.13	0.142	2142.3	High	Reroute	Critical
2026-07-11T14:40:56.416471+00:00	CONT-1002	Strawberry	Bengaluru	Delhi	28.7	91.94	0.56	2134.58	High	Reroute	Critical
2026-07-11T14:40:56.417670+00:00	CONT-1003	Grapes	Bengaluru	Delhi	1.96	87.03	0.079	2134.58	Low	Continue	Normal
2026-07-11T14:40:57.422032+00:00	CONT-1001	Avocado	Bengaluru	Delhi	5.89	91.26	0.464	2134.56	High	Reroute	Critical
2026-07-11T14:40:58.432428+00:00	CONT-1000	Banana	Bengaluru	Delhi	14.16	88.68	0.53	2142.27	High	Reroute	Critical
2026-07-11T14:40:59.442234+00:00	CONT-1001	Avocado	Bengaluru	Delhi	5.72	91.53	0.48	2134.52	High	Reroute	Critical
2026-07-11T14:41:00.449989+00:00	CONT-1001	Avocado	Bengaluru	Delhi	5.65	91.83	0.476	2134.5	Medium	Continue	Warning
2026-07-11T14:41:00.452706+00:00	CONT-1002	Strawberry	Bengaluru	Delhi	28.82	91.22	0.574	2134.5	High	Reroute	Critical
2026-07-11T14:41:01.456746+00:00	CONT-1001	Avocado	Bengaluru	Delhi	5.65	91.66	0.456	2134.48	Medium	Continue	Warning
2026-07-11T14:41:02.474909+00:00	CONT-1004	Mango	Bengaluru	Delhi	9.68	82.61	0.144	2142.23	High	Reroute	Critical
2026-07-11T14:41:03.479104+00:00	CONT-1001	Avocado	Bengaluru	Delhi	5.79	92.25	0.469	2134.44	Medium	Continue	Warning
2026-07-11T14:41:03.481353+00:00	CONT-1002	Strawberry	Bengaluru	Delhi	28.93	91.18	0.555	2134.44	High	Reroute	Critical
2026-07-11T14:41:03.482206+00:00	CONT-1003	Grapes	Bengaluru	Delhi	1.92	87.39	0.082	2134.44	Low	Continue	Normal
2026-07-11T14:41:05.493291+00:00	CONT-1003	Grapes	Bengaluru	Delhi	1.64	87.91	0.091	2134.4	Low	Continue	Normal
2026-07-11T14:41:05.495128+00:00	CONT-1004	Mango	Bengaluru	Delhi	9.9	82.48	0.112	2142.2	High	Reroute	Critical
2026-07-11T14:41:06.502105+00:00	CONT-1003	Grapes	Bengaluru	Delhi	1.59	87.75	0.087	2134.38	Low	Continue	Normal
2026-07-11T14:41:08.513623+00:00	CONT-1002	Strawberry	Bengaluru	Delhi	29.14	90.45	0.569	2134.34	High	Reroute	Critical
2026-07-11T14:41:09.520535+00:00	CONT-1000	Banana	Bengaluru	Delhi	14.35	89.25	0.479	2142.16	High	Reroute	Critical
2026-07-11T14:41:09.521347+00:00	CONT-1001	Avocado	Bengaluru	Delhi	5.63	92.03	0.487	2134.32	Medium	Continue	Warning
2026-07-11T14:41:09.524886+00:00	CONT-1003	Grapes	Bengaluru	Delhi	1.42	87.67	0.067	2134.32	Low	Continue	Normal
2026-07-11T14:41:10.529087+00:00	CONT-1001	Avocado	Bengaluru	Delhi	5.71	92.06	0.488	2134.3	Medium	Continue	Warning
2026-07-11T14:41:10.531366+00:00	CONT-1003	Grapes	Bengaluru	Delhi	1.4	87.88	0.049	2134.3	Low	Continue	Normal
2026-07-11T14:41:15.557126+00:00	CONT-1000	Banana	Bengaluru	Delhi	14.49	88.6	0.446	2142.1	High	Reroute	Critical
2026-07-11T14:41:15.559463+00:00	CONT-1001	Avocado	Bengaluru	Delhi	5.82	92.31	0.534	2134.2	Medium	Continue	Warning
2026-07-11T14:41:15.560153+00:00	CONT-1002	Strawberry	Bengaluru	Delhi	29.41	90.46	0.58	2134.2	High	Reroute	Critical
2026-07-11T14:41:15.560727+00:00	CONT-1003	Grapes	Bengaluru	Delhi	1.47	88.57	0.088	2134.2	Low	Continue	Normal
2026-07-11T14:41:16.565999+00:00	CONT-1002	Strawberry	Bengaluru	Delhi	29.46	90.16	0.588	2134.18	High	Reroute	Critical
2026-07-11T14:41:18.578106+00:00	CONT-1001	Avocado	Bengaluru	Delhi	5.77	91.9	0.54	2134.14	High	Reroute	Critical
2026-07-11T14:41:18.578751+00:00	CONT-1002	Strawberry	Bengaluru	Delhi	29.53	90.56	0.56	2134.14	High	Reroute	Critical
2026-07-11T14:41:18.580279+00:00	CONT-1003	Grapes	Bengaluru	Delhi	1.69	88.65	0.105	2134.14	Low	Continue	Normal
2026-07-11T14:41:20.594035+00:00	CONT-1002	Strawberry	Bengaluru	Delhi	29.6	90.33	0.578	2134.1	High	Reroute	Critical
2026-07-11T14:41:21.603494+00:00	CONT-1003	Grapes	Bengaluru	Delhi	1.73	89.39	0.133	2134.08	Low	Continue	Normal
2026-07-11T14:41:21.605707+00:00	CONT-1004	Mango	Bengaluru	Delhi	9.74	82.82	0.058	2142.04	High	Reroute	Critical
2026-07-11T14:41:22.610062+00:00	CONT-1001	Avocado	Bengaluru	Delhi	5.95	93	0.597	2134.06	High	Reroute	Critical
2026-07-11T14:41:22.612060+00:00	CONT-1002	Strawberry	Bengaluru	Delhi	29.65	89.78	0.598	2134.06	High	Reroute	Critical
2026-07-11T14:41:22.613303+00:00	CONT-1004	Mango	Bengaluru	Delhi	9.61	83.19	0.04	2142.03	High	Reroute	Critical
2026-07-11T14:41:23.615402+00:00	CONT-1000	Banana	Bengaluru	Delhi	14.62	89.79	0.418	2142.02	Medium	Continue	Warning
2026-07-11T14:41:23.620782+00:00	CONT-1004	Mango	Bengaluru	Delhi	9.53	83.31	0.058	2142.02	High	Reroute	Critical
2026-07-11T14:41:24.622954+00:00	CONT-1000	Banana	Bengaluru	Delhi	14.58	89.52	0.433	2142.01	Medium	Continue	Warning
2026-07-11T14:41:24.630350+00:00	CONT-1004	Mango	Bengaluru	Delhi	9.41	83.57	0.063	2142.01	High	Reroute	Critical
2026-07-11T14:41:25.632682+00:00	CONT-1000	Banana	Bengaluru	Delhi	14.59	89.38	0.434	2142	Medium	Continue	Warning
2026-07-11T14:41:26.642261+00:00	CONT-1002	Strawberry	Bengaluru	Delhi	29.8	89.6	0.6	2133.98	High	Reroute	Critical
2026-07-11T14:41:26.643179+00:00	CONT-1003	Grapes	Bengaluru	Delhi	1.66	89.55	0.145	2133.98	Low	Continue	Normal
2026-07-11T14:41:27.645627+00:00	CONT-1001	Avocado	Bengaluru	Delhi	6.03	91.7	0.6	2133.96	High	Reroute	Critical
2026-07-11T14:41:27.650321+00:00	CONT-1004	Mango	Bengaluru	Delhi	9.54	83.35	0.076	2141.98	High	Reroute	Critical
2026-07-11T14:41:28.652390+00:00	CONT-1000	Banana	Bengaluru	Delhi	14.48	89.65	0.41	2141.97	Medium	Continue	Warning
2026-07-11T14:41:28.654051+00:00	CONT-1001	Avocado	Bengaluru	Delhi	5.99	91.84	0.595	2133.94	High	Reroute	Critical
2026-07-11T14:41:28.657423+00:00	CONT-1004	Mango	Bengaluru	Delhi	9.68	83.2	0.087	2141.97	High	Reroute	Critical
2026-07-11T14:41:29.660232+00:00	CONT-1000	Banana	Bengaluru	Delhi	14.53	89.61	0.42	2141.96	Medium	Continue	Warning
2026-07-11T14:41:30.670959+00:00	CONT-1000	Banana	Bengaluru	Delhi	14.61	89.96	0.427	2141.95	Medium	Continue	Warning
2026-07-11T14:41:30.675475+00:00	CONT-1003	Grapes	Bengaluru	Delhi	1.61	89.09	0.139	2133.9	Low	Continue	Normal
2026-07-11T14:41:30.676710+00:00	CONT-1004	Mango	Bengaluru	Delhi	9.77	82.84	0.06	2141.95	High	Reroute	Critical
2026-07-11T14:41:31.682100+00:00	CONT-1003	Grapes	Bengaluru	Delhi	1.53	88.92	0.135	2133.88	Low	Continue	Normal
2026-07-11T14:41:32.686142+00:00	CONT-1000	Banana	Bengaluru	Delhi	14.52	89.44	0.428	2141.93	Medium	Continue	Warning
2026-07-11T14:41:32.689704+00:00	CONT-1002	Strawberry	Bengaluru	Delhi	30.01	88.92	0.56	2133.86	High	Reroute	Critical
2026-07-11T14:41:32.691303+00:00	CONT-1004	Mango	Bengaluru	Delhi	9.81	83	0.086	2141.93	High	Reroute	Critical
2026-07-11T14:41:33.697515+00:00	CONT-1004	Mango	Bengaluru	Delhi	9.82	82.8	0.083	2141.92	High	Reroute	Critical
2026-07-11T14:41:34.700717+00:00	CONT-1000	Banana	Bengaluru	Delhi	14.4	89.18	0.451	2141.91	Medium	Continue	Warning
2026-07-11T14:41:34.706238+00:00	CONT-1003	Grapes	Bengaluru	Delhi	1.53	89.39	0.147	2133.82	Low	Continue	Normal
2026-07-11T14:41:35.715139+00:00	CONT-1001	Avocado	Bengaluru	Delhi	6.39	91.37	0.6	2133.8	High	Reroute	Critical
2026-07-11T14:41:37.725715+00:00	CONT-1000	Banana	Bengaluru	Delhi	14.45	89.2	0.427	2141.88	Low	Continue	Normal
2026-07-11T14:41:37.729660+00:00	CONT-1002	Strawberry	Bengaluru	Delhi	30.16	88.79	0.518	2133.76	High	Reroute	Critical
2026-07-11T14:41:37.734637+00:00	CONT-1003	Grapes	Bengaluru	Delhi	1.61	89.46	0.131	2133.76	Low	Continue	Normal
2026-07-11T14:41:38.741803+00:00	CONT-1003	Grapes	Bengaluru	Delhi	1.69	89.32	0.117	2133.74	Low	Continue	Normal
2026-07-11T14:41:38.742368+00:00	CONT-1004	Mango	Bengaluru	Delhi	9.8	82.35	0.093	2141.87	High	Reroute	Critical
2026-07-11T14:41:39.751622+00:00	CONT-1002	Strawberry	Bengaluru	Delhi	30.25	88.4	0.499	2133.72	High	Reroute	Critical
2026-07-11T14:41:40.755988+00:00	CONT-1000	Banana	Bengaluru	Delhi	14.46	88.75	0.397	2141.85	Low	Continue	Normal
2026-07-11T14:41:40.758908+00:00	CONT-1002	Strawberry	Bengaluru	Delhi	30.3	88.51	0.512	2133.7	High	Reroute	Critical
2026-07-11T14:41:40.759681+00:00	CONT-1003	Grapes	Bengaluru	Delhi	1.68	88.88	0.099	2133.7	Low	Continue	Normal
2026-07-11T14:41:40.760414+00:00	CONT-1004	Mango	Bengaluru	Delhi	9.94	82.93	0.129	2141.85	High	Reroute	Critical
2026-07-11T14:41:41.761173+00:00	CONT-1000	Banana	Bengaluru	Delhi	14.42	88.43	0.377	2141.84	Low	Continue	Normal
2026-07-11T14:41:41.766088+00:00	CONT-1003	Grapes	Bengaluru	Delhi	1.68	88.65	0.115	2133.68	Low	Continue	Normal
2026-07-11T14:41:41.766650+00:00	CONT-1004	Mango	Bengaluru	Delhi	9.89	83.3	0.143	2141.84	High	Reroute	Critical
2026-07-11T14:41:42.770139+00:00	CONT-1002	Strawberry	Bengaluru	Delhi	30.37	88.35	0.514	2133.66	High	Reroute	Critical
2026-07-11T14:41:43.774201+00:00	CONT-1000	Banana	Bengaluru	Delhi	14.39	88.37	0.38	2141.82	Low	Continue	Normal
2026-07-11T14:41:43.774910+00:00	CONT-1001	Avocado	Bengaluru	Delhi	6.24	91	0.592	2133.64	High	Reroute	Critical
2026-07-11T14:41:43.776423+00:00	CONT-1002	Strawberry	Bengaluru	Delhi	30.41	88.41	0.528	2133.64	High	Reroute	Critical
2026-07-11T14:41:43.776798+00:00	CONT-1003	Grapes	Bengaluru	Delhi	1.58	88.35	0.125	2133.64	Low	Continue	Normal
2026-07-11T14:41:43.777438+00:00	CONT-1004	Mango	Bengaluru	Delhi	9.84	83.68	0.161	2141.82	High	Reroute	Critical
2026-07-11T14:41:46.790387+00:00	CONT-1000	Banana	Bengaluru	Delhi	14.2	88.33	0.374	2141.79	Low	Continue	Normal
2026-07-11T14:41:46.795825+00:00	CONT-1003	Grapes	Bengaluru	Delhi	1.65	88.75	0.117	2133.58	Low	Continue	Normal
2026-07-11T14:41:46.797128+00:00	CONT-1004	Mango	Bengaluru	Delhi	9.9	84.12	0.144	2141.79	High	Reroute	Critical
2026-07-11T14:41:47.802572+00:00	CONT-1004	Mango	Bengaluru	Delhi	9.81	84.15	0.164	2141.78	High	Reroute	Critical
2026-07-11T14:41:50.826523+00:00	CONT-1001	Avocado	Bengaluru	Delhi	6.17	90.12	0.6	2133.5	High	Reroute	Critical
2026-07-11T14:41:50.830319+00:00	CONT-1002	Strawberry	Bengaluru	Delhi	30.68	88.72	0.6	2133.5	High	Reroute	Critical
2026-07-11T14:41:50.831052+00:00	CONT-1003	Grapes	Bengaluru	Delhi	1.95	88.79	0.151	2133.5	Low	Continue	Normal
2026-07-11T14:41:50.832370+00:00	CONT-1004	Mango	Bengaluru	Delhi	9.66	84.2	0.148	2141.75	High	Reroute	Critical
2026-07-11T14:41:51.833908+00:00	CONT-1000	Banana	Bengaluru	Delhi	14.04	88.05	0.357	2141.74	Low	Continue	Normal
2026-07-11T14:41:51.837659+00:00	CONT-1003	Grapes	Bengaluru	Delhi	1.94	89.08	0.155	2133.48	Low	Continue	Normal
2026-07-11T14:41:54.856482+00:00	CONT-1002	Strawberry	Bengaluru	Delhi	30.86	88.59	0.582	2133.42	High	Reroute	Critical
2026-07-11T14:41:55.865326+00:00	CONT-1002	Strawberry	Bengaluru	Delhi	30.9	88.88	0.6	2133.4	High	Reroute	Critical
2026-07-11T14:41:55.867247+00:00	CONT-1004	Mango	Bengaluru	Delhi	9.86	84.58	0.149	2141.7	High	Reroute	Critical
2026-07-11T14:41:56.871985+00:00	CONT-1003	Grapes	Bengaluru	Delhi	2.1	88.9	0.129	2133.38	Low	Continue	Normal
2026-07-11T14:41:57.875492+00:00	CONT-1000	Banana	Bengaluru	Delhi	13.91	88.72	0.356	2141.68	Low	Continue	Normal
2026-07-11T14:41:57.879145+00:00	CONT-1003	Grapes	Bengaluru	Delhi	2	89.05	0.149	2133.36	Low	Continue	Normal
2026-07-11T14:41:58.884163+00:00	CONT-1001	Avocado	Bengaluru	Delhi	6.38	90.5	0.599	2133.34	High	Reroute	Critical
2026-07-11T14:41:58.888469+00:00	CONT-1003	Grapes	Bengaluru	Delhi	1.94	88.98	0.145	2133.34	Low	Continue	Normal
2026-07-11T14:41:58.889152+00:00	CONT-1004	Mango	Bengaluru	Delhi	9.77	84.62	0.147	2141.67	High	Reroute	Critical
2026-07-11T14:41:59.897543+00:00	CONT-1003	Grapes	Bengaluru	Delhi	1.8	89.29	0.128	2133.32	Low	Continue	Normal
2026-07-11T14:42:00.902768+00:00	CONT-1001	Avocado	Bengaluru	Delhi	6.5	90.03	0.577	2133.3	High	Reroute	Critical
2026-07-11T14:42:01.912743+00:00	CONT-1002	Strawberry	Bengaluru	Delhi	31.08	89.98	0.6	2133.28	High	Reroute	Critical
2026-07-11T14:42:03.923837+00:00	CONT-1000	Banana	Bengaluru	Delhi	13.72	88.85	0.398	2141.62	Low	Continue	Normal
2026-07-11T14:42:03.929433+00:00	CONT-1002	Strawberry	Bengaluru	Delhi	31.14	90.17	0.595	2133.24	High	Reroute	Critical
2026-07-11T14:42:03.934655+00:00	CONT-1004	Mango	Bengaluru	Delhi	9.85	84.55	0.136	2141.62	High	Reroute	Critical
2026-07-11T14:42:04.939388+00:00	CONT-1002	Strawberry	Bengaluru	Delhi	31.17	90.16	0.585	2133.22	High	Reroute	Critical
2026-07-11T14:42:04.941547+00:00	CONT-1003	Grapes	Bengaluru	Delhi	1.8	90.04	0.176	2133.22	Low	Continue	Normal
2026-07-11T14:42:05.950127+00:00	CONT-1002	Strawberry	Bengaluru	Delhi	31.21	90.44	0.571	2133.2	High	Reroute	Critical
2026-07-11T14:42:06.957795+00:00	CONT-1003	Grapes	Bengaluru	Delhi	1.89	89.84	0.142	2133.18	Low	Continue	Normal
2026-07-11T14:42:07.963221+00:00	CONT-1000	Banana	Bengaluru	Delhi	13.85	88.81	0.404	2141.58	Low	Continue	Normal
2026-07-11T14:42:08.970398+00:00	CONT-1000	Banana	Bengaluru	Delhi	13.93	88.89	0.406	2141.57	Low	Continue	Normal
2026-07-11T14:42:08.974125+00:00	CONT-1003	Grapes	Bengaluru	Delhi	1.85	89.72	0.17	2133.14	Low	Continue	Normal
2026-07-11T14:42:09.975839+00:00	CONT-1000	Banana	Bengaluru	Delhi	13.99	89.08	0.414	2141.56	Low	Continue	Normal
2026-07-11T14:42:09.977988+00:00	CONT-1001	Avocado	Bengaluru	Delhi	6.62	90.4	0.6	2133.12	High	Reroute	Critical
2026-07-11T14:42:09.980443+00:00	CONT-1003	Grapes	Bengaluru	Delhi	1.77	89.46	0.178	2133.12	Low	Continue	Normal
2026-07-11T14:42:10.982914+00:00	CONT-1000	Banana	Bengaluru	Delhi	14.13	89.24	0.398	2141.55	Low	Continue	Normal
2026-07-11T14:42:10.984999+00:00	CONT-1001	Avocado	Bengaluru	Delhi	6.61	90.06	0.6	2133.1	High	Reroute	Critical
2026-07-11T14:42:10.985721+00:00	CONT-1002	Strawberry	Bengaluru	Delhi	31.41	90.82	0.568	2133.1	High	Reroute	Critical
2026-07-11T14:42:10.986202+00:00	CONT-1003	Grapes	Bengaluru	Delhi	1.64	89.17	0.169	2133.1	Low	Continue	Normal
2026-07-11T14:42:11.989172+00:00	CONT-1000	Banana	Bengaluru	Delhi	14.04	89.28	0.387	2141.54	Low	Continue	Normal
2026-07-11T14:42:12.995892+00:00	CONT-1000	Banana	Bengaluru	Delhi	14.08	89.19	0.392	2141.53	Low	Continue	Normal
2026-07-11T14:42:14.008612+00:00	CONT-1003	Grapes	Bengaluru	Delhi	1.55	89.18	0.21	2133.04	Low	Continue	Normal
2026-07-11T14:42:15.016164+00:00	CONT-1001	Avocado	Bengaluru	Delhi	6.71	90.02	0.577	2133.02	High	Reroute	Critical
2026-07-11T14:42:17.030187+00:00	CONT-1002	Strawberry	Bengaluru	Delhi	31.64	91.15	0.986	2132.98	High	Reroute	Critical
2026-07-11T14:42:17.032730+00:00	CONT-1003	Grapes	Bengaluru	Delhi	1.64	89.34	0.235	2132.98	Low	Continue	Normal
2026-07-11T14:42:17.034399+00:00	CONT-1004	Mango	Bengaluru	Delhi	9.61	85.06	0.069	2141.49	High	Reroute	Critical
2026-07-11T14:42:19.041767+00:00	CONT-1000	Banana	Bengaluru	Delhi	14.31	88.87	0.354	2141.47	Low	Continue	Normal
2026-07-11T14:42:20.048542+00:00	CONT-1001	Avocado	Bengaluru	Delhi	6.74	90.15	0.553	2132.92	High	Reroute	Critical
2026-07-11T14:42:20.049830+00:00	CONT-1002	Strawberry	Bengaluru	Delhi	31.75	91.48	0.583	2132.92	High	Reroute	Critical
2026-07-11T14:42:20.052130+00:00	CONT-1004	Mango	Bengaluru	Delhi	9.94	85.18	0.054	2141.46	High	Reroute	Critical
2026-07-11T14:42:21.054498+00:00	CONT-1001	Avocado	Bengaluru	Delhi	6.68	90.06	0.563	2132.9	High	Reroute	Critical
2026-07-11T14:42:22.061221+00:00	CONT-1001	Avocado	Bengaluru	Delhi	6.55	90.19	0.552	2132.88	High	Reroute	Critical
2026-07-11T14:42:22.063181+00:00	CONT-1003	Grapes	Bengaluru	Delhi	1.99	89.93	0.256	2132.88	Low	Continue	Normal
2026-07-11T14:42:23.068970+00:00	CONT-1001	Avocado	Bengaluru	Delhi	6.54	90.22	0.554	2132.86	High	Reroute	Critical
2026-07-11T14:42:23.072310+00:00	CONT-1004	Mango	Bengaluru	Delhi	10.07	85.53	0.065	2141.43	High	Reroute	Critical
2026-07-11T14:42:24.081760+00:00	CONT-1002	Strawberry	Bengaluru	Delhi	31.91	91.98	0.575	2132.84	High	Reroute	Critical
2026-07-11T14:42:25.087174+00:00	CONT-1000	Banana	Bengaluru	Delhi	14.35	89.68	0.331	2141.41	Low	Continue	Normal
2026-07-11T14:42:25.089409+00:00	CONT-1001	Avocado	Bengaluru	Delhi	6.48	90.17	0.579	2132.82	High	Reroute	Critical
2026-07-11T14:42:25.090104+00:00	CONT-1002	Strawberry	Bengaluru	Delhi	31.96	91.83	0.594	2132.82	High	Reroute	Critical
2026-07-11T14:42:26.093213+00:00	CONT-1000	Banana	Bengaluru	Delhi	14.45	89.95	0.33	2141.4	Low	Continue	Normal
2026-07-11T14:42:26.097747+00:00	CONT-1003	Grapes	Bengaluru	Delhi	2.01	89.64	0.244	2132.8	Low	Continue	Normal
2026-07-11T14:42:27.104269+00:00	CONT-1001	Avocado	Bengaluru	Delhi	6.66	90.63	0.572	2132.78	High	Reroute	Critical
2026-07-11T14:42:27.105661+00:00	CONT-1002	Strawberry	Bengaluru	Delhi	32.04	92.23	0.577	2132.78	High	Reroute	Critical
2026-07-11T14:42:29.116945+00:00	CONT-1001	Avocado	Bengaluru	Delhi	6.62	90.78	0.575	2132.74	High	Reroute	Critical
2026-07-11T14:42:29.117624+00:00	CONT-1002	Strawberry	Bengaluru	Delhi	32.13	92.22	0.542	2132.74	High	Reroute	Critical
2026-07-11T14:42:30.123441+00:00	CONT-1001	Avocado	Bengaluru	Delhi	6.65	90.41	0.582	2132.72	High	Reroute	Critical
2026-07-11T14:42:31.129163+00:00	CONT-1000	Banana	Bengaluru	Delhi	14.2	90.04	0.34	2141.35	Low	Continue	Normal
2026-07-11T14:42:33.147494+00:00	CONT-1000	Banana	Bengaluru	Delhi	14.22	90.14	0.331	2141.33	Low	Continue	Normal
2026-07-11T14:42:33.149362+00:00	CONT-1001	Avocado	Bengaluru	Delhi	6.57	90.57	0.597	2132.66	High	Reroute	Critical
2026-07-11T14:42:33.150090+00:00	CONT-1002	Strawberry	Bengaluru	Delhi	32.23	92.05	0.588	2132.66	High	Reroute	Critical
2026-07-11T14:42:33.150536+00:00	CONT-1003	Grapes	Bengaluru	Delhi	2.45	89.69	0.266	2132.66	Low	Continue	Normal
2026-07-11T14:42:33.150904+00:00	CONT-1004	Mango	Bengaluru	Delhi	10.17	85.87	0.038	2141.33	High	Reroute	Critical
2026-07-11T14:42:34.156197+00:00	CONT-1002	Strawberry	Bengaluru	Delhi	32.27	92.41	0.597	2132.64	High	Reroute	Critical
2026-07-11T14:42:34.156845+00:00	CONT-1003	Grapes	Bengaluru	Delhi	2.37	89.72	0.268	2132.64	Low	Continue	Normal
2026-07-11T14:42:35.163145+00:00	CONT-1002	Strawberry	Bengaluru	Delhi	32.31	92.8	0.589	2132.62	High	Reroute	Critical
2026-07-11T14:42:35.163752+00:00	CONT-1003	Grapes	Bengaluru	Delhi	2.25	89.62	0.28	2132.62	Low	Continue	Normal
2026-07-11T14:42:37.173884+00:00	CONT-1000	Banana	Bengaluru	Delhi	14.31	90.57	0.301	2141.29	Low	Continue	Normal
2026-07-11T14:42:37.175775+00:00	CONT-1001	Avocado	Bengaluru	Delhi	6.82	89.66	0.563	2132.58	High	Reroute	Critical
2026-07-11T14:42:37.176389+00:00	CONT-1002	Strawberry	Bengaluru	Delhi	32.36	93.27	0.6	2132.58	High	Reroute	Critical
2026-07-11T14:42:37.178255+00:00	CONT-1004	Mango	Bengaluru	Delhi	10.09	85	0.065	2141.29	High	Reroute	Critical
2026-07-11T14:42:38.182496+00:00	CONT-1002	Strawberry	Bengaluru	Delhi	32.38	93.63	0.6	2132.56	High	Reroute	Critical
2026-07-11T14:42:38.183834+00:00	CONT-1003	Grapes	Bengaluru	Delhi	2.38	89.77	0.27	2132.56	Low	Continue	Normal
2026-07-11T14:42:39.190105+00:00	CONT-1001	Avocado	Bengaluru	Delhi	6.88	89.34	0.575	2132.54	High	Reroute	Critical
2026-07-11T14:42:39.193372+00:00	CONT-1004	Mango	Bengaluru	Delhi	10.01	84.63	0.08	2141.27	High	Reroute	Critical
2026-07-11T14:42:40.196303+00:00	CONT-1000	Banana	Bengaluru	Delhi	14.32	90.12	0.26	2141.26	Low	Continue	Normal
2026-07-11T14:42:40.200279+00:00	CONT-1002	Strawberry	Bengaluru	Delhi	32.44	94.17	0.57	2132.52	High	Reroute	Critical
2026-07-11T14:42:40.203405+00:00	CONT-1004	Mango	Bengaluru	Delhi	10.01	84.81	0.069	2141.26	High	Reroute	Critical
2026-07-11T14:42:41.206954+00:00	CONT-1001	Avocado	Bengaluru	Delhi	6.87	88.81	0.563	2132.5	High	Reroute	Critical
2026-07-11T14:42:41.209327+00:00	CONT-1002	Strawberry	Bengaluru	Delhi	32.47	94.25	1.298	2132.5	High	Reroute	Critical
2026-07-11T14:42:41.210366+00:00	CONT-1003	Grapes	Bengaluru	Delhi	2.63	89.88	0.246	2132.5	Medium	Continue	Warning
2026-07-11T14:42:42.216545+00:00	CONT-1002	Strawberry	Bengaluru	Delhi	32.5	94.01	0.6	2132.48	High	Reroute	Critical
2026-07-11T14:42:43.221678+00:00	CONT-1001	Avocado	Bengaluru	Delhi	6.7	88.77	0.568	2132.46	High	Reroute	Critical
2026-07-11T14:42:43.225175+00:00	CONT-1003	Grapes	Bengaluru	Delhi	2.68	89.88	0.253	2132.46	Medium	Continue	Warning
2026-07-11T14:42:43.226456+00:00	CONT-1004	Mango	Bengaluru	Delhi	10.03	85.02	0.044	2141.23	Medium	Continue	Warning
2026-07-11T14:42:44.228870+00:00	CONT-1001	Avocado	Bengaluru	Delhi	6.67	89.03	0.569	2132.44	High	Reroute	Critical
2026-07-11T14:42:44.230752+00:00	CONT-1002	Strawberry	Bengaluru	Delhi	32.56	93.51	0.6	2132.44	High	Reroute	Critical
2026-07-11T14:42:44.231296+00:00	CONT-1003	Grapes	Bengaluru	Delhi	2.7	89.93	0.25	2132.44	Medium	Continue	Warning
2026-07-11T14:42:44.231771+00:00	CONT-1004	Mango	Bengaluru	Delhi	10.17	85.39	0.058	2141.22	Medium	Continue	Warning
2026-07-11T14:42:45.236265+00:00	CONT-1002	Strawberry	Bengaluru	Delhi	32.6	93.61	0.593	2132.42	High	Reroute	Critical
2026-07-11T14:42:47.247413+00:00	CONT-1001	Avocado	Bengaluru	Delhi	6.66	89.33	0.546	2132.38	High	Reroute	Critical
2026-07-11T14:42:49.259525+00:00	CONT-1001	Avocado	Bengaluru	Delhi	6.5	89.22	0.55	2132.34	High	Reroute	Critical
2026-07-11T14:42:50.270912+00:00	CONT-1001	Avocado	Bengaluru	Delhi	6.55	89.33	0.566	2132.32	High	Reroute	Critical
2026-07-11T14:42:50.272070+00:00	CONT-1002	Strawberry	Bengaluru	Delhi	32.78	94.07	0.525	2132.32	High	Reroute	Critical
2026-07-11T14:42:51.279281+00:00	CONT-1003	Grapes	Bengaluru	Delhi	2.81	89.7	0.277	2132.3	High	Reroute	Critical
2026-07-11T14:42:52.286904+00:00	CONT-1003	Grapes	Bengaluru	Delhi	2.88	90.03	0.277	2132.28	High	Reroute	Critical
2026-07-11T14:42:53.292932+00:00	CONT-1002	Strawberry	Bengaluru	Delhi	32.88	93.4	0.5	2132.26	High	Reroute	Critical
2026-07-11T14:42:54.300181+00:00	CONT-1001	Avocado	Bengaluru	Delhi	6.27	89.89	0.573	2132.24	High	Reroute	Critical
2026-07-11T14:42:55.307586+00:00	CONT-1001	Avocado	Bengaluru	Delhi	6.21	89.84	0.58	2132.22	High	Reroute	Critical
2026-07-11T14:42:55.309508+00:00	CONT-1002	Strawberry	Bengaluru	Delhi	32.95	93.5	0.49	2132.22	High	Reroute	Critical
2026-07-11T14:42:55.310771+00:00	CONT-1004	Mango	Bengaluru	Delhi	10.57	85.22	0.017	2141.11	Medium	Continue	Warning
2026-07-11T14:42:56.316861+00:00	CONT-1004	Mango	Bengaluru	Delhi	10.57	85.54	0.033	2141.1	Medium	Continue	Warning
2026-07-11T14:42:58.323732+00:00	CONT-1000	Banana	Bengaluru	Delhi	14.01	90.42	0.248	2141.08	Low	Continue	Normal
2026-07-11T14:42:58.326807+00:00	CONT-1002	Strawberry	Bengaluru	Delhi	33.08	94.12	0.505	2132.16	High	Reroute	Critical
2026-07-11T14:42:58.327575+00:00	CONT-1003	Grapes	Bengaluru	Delhi	2.82	90.27	0.326	2132.16	High	Reroute	Critical
2026-07-11T14:42:58.327935+00:00	CONT-1004	Mango	Bengaluru	Delhi	10.65	85.11	0.027	2141.08	Medium	Continue	Warning
2026-07-11T14:43:00.336559+00:00	CONT-1001	Avocado	Bengaluru	Delhi	6.58	89.27	0.588	2132.12	High	Reroute	Critical
2026-07-11T14:43:01.347311+00:00	CONT-1001	Avocado	Bengaluru	Delhi	6.53	88.93	0.569	2132.1	High	Reroute	Critical
2026-07-11T14:43:01.350075+00:00	CONT-1003	Grapes	Bengaluru	Delhi	2.78	90.75	0.34	2132.1	High	Reroute	Critical
2026-07-11T14:43:01.350986+00:00	CONT-1004	Mango	Bengaluru	Delhi	10.51	84.54	0.035	2141.05	Low	Continue	Normal
2026-07-11T14:43:02.352639+00:00	CONT-1000	Banana	Bengaluru	Delhi	14.08	90.3	0.251	2141.04	Low	Continue	Normal
2026-07-11T14:43:02.354868+00:00	CONT-1001	Avocado	Bengaluru	Delhi	6.5	88.76	0.573	2132.08	High	Reroute	Critical
2026-07-11T14:43:02.355820+00:00	CONT-1002	Strawberry	Bengaluru	Delhi	33.2	92.99	0.531	2132.08	High	Reroute	Critical
2026-07-11T14:43:02.356261+00:00	CONT-1003	Grapes	Bengaluru	Delhi	2.84	90.88	0.33	2132.08	High	Reroute	Critical
2026-07-11T14:43:04.365046+00:00	CONT-1001	Avocado	Bengaluru	Delhi	6.56	89.1	0.578	2132.04	High	Reroute	Critical
2026-07-11T14:43:04.371130+00:00	CONT-1004	Mango	Bengaluru	Delhi	10.57	84.17	0.049	2141.02	Low	Continue	Normal
2026-07-11T14:43:05.372964+00:00	CONT-1000	Banana	Bengaluru	Delhi	13.71	91.29	0.241	2141.01	Low	Continue	Normal
2026-07-11T14:43:07.391355+00:00	CONT-1001	Avocado	Bengaluru	Delhi	6.7	88.74	0.582	2131.98	High	Reroute	Critical
2026-07-11T14:43:07.391970+00:00	CONT-1002	Strawberry	Bengaluru	Delhi	33.36	91.99	1.174	2131.98	High	Reroute	Critical
2026-07-11T14:43:07.393740+00:00	CONT-1003	Grapes	Bengaluru	Delhi	2.79	91.74	0.3	2131.98	High	Reroute	Critical
2026-07-11T14:43:07.394547+00:00	CONT-1004	Mango	Bengaluru	Delhi	10.41	83.99	0.059	2140.99	Low	Continue	Normal
2026-07-11T14:43:10.423132+00:00	CONT-1002	Strawberry	Bengaluru	Delhi	33.5	92.67	0.591	2131.92	High	Reroute	Critical
2026-07-11T14:43:10.423776+00:00	CONT-1003	Grapes	Bengaluru	Delhi	2.89	91.73	0.302	2131.92	High	Reroute	Critical
2026-07-11T14:43:10.425958+00:00	CONT-1004	Mango	Bengaluru	Delhi	10.38	83.38	0.036	2140.96	Low	Continue	Normal
2026-07-11T14:43:11.430177+00:00	CONT-1002	Strawberry	Bengaluru	Delhi	33.54	92.56	0.6	2131.9	High	Reroute	Critical
2026-07-11T14:43:12.434933+00:00	CONT-1001	Avocado	Bengaluru	Delhi	6.74	89.6	0.576	2131.88	High	Reroute	Critical
2026-07-11T14:43:13.440865+00:00	CONT-1000	Banana	Bengaluru	Delhi	13.52	89.93	0.252	2140.93	Low	Continue	Normal
2026-07-11T14:43:14.452810+00:00	CONT-1002	Strawberry	Bengaluru	Delhi	33.65	92.91	0.6	2131.84	High	Reroute	Critical
2026-07-11T14:43:15.457828+00:00	CONT-1000	Banana	Bengaluru	Delhi	13.43	89.99	0.236	2140.91	Low	Continue	Normal
2026-07-11T14:43:15.460354+00:00	CONT-1002	Strawberry	Bengaluru	Delhi	33.68	93.03	0.583	2131.82	High	Reroute	Critical
2026-07-11T14:43:15.463486+00:00	CONT-1003	Grapes	Bengaluru	Delhi	2.68	91.51	0.281	2131.82	High	Reroute	Critical
2026-07-11T14:43:17.474097+00:00	CONT-1000	Banana	Bengaluru	Delhi	13.32	90.26	0.238	2140.89	Low	Continue	Normal
2026-07-11T14:43:17.475914+00:00	CONT-1001	Avocado	Bengaluru	Delhi	6.49	89.41	0.546	2131.78	High	Reroute	Critical
2026-07-11T14:43:17.476937+00:00	CONT-1002	Strawberry	Bengaluru	Delhi	33.76	92.7	0.595	2131.78	High	Reroute	Critical
2026-07-11T14:43:17.479585+00:00	CONT-1004	Mango	Bengaluru	Delhi	10.29	83.53	0.027	2140.89	Low	Continue	Normal
2026-07-11T14:43:19.490015+00:00	CONT-1001	Avocado	Bengaluru	Delhi	6.41	89.42	0.552	2131.74	High	Reroute	Critical
2026-07-11T14:43:19.492883+00:00	CONT-1003	Grapes	Bengaluru	Delhi	2.58	91.13	0.306	2131.74	High	Reroute	Critical
2026-07-11T14:43:20.498179+00:00	CONT-1004	Mango	Bengaluru	Delhi	10.39	83.14	0.011	2140.86	Low	Continue	Normal
2026-07-11T14:43:22.522895+00:00	CONT-1003	Grapes	Bengaluru	Delhi	2.4	91.63	0.31	2131.68	High	Reroute	Critical
2026-07-11T14:43:23.528946+00:00	CONT-1002	Strawberry	Bengaluru	Delhi	33.99	92.55	0.593	2131.66	High	Reroute	Critical
2026-07-11T14:43:23.529742+00:00	CONT-1003	Grapes	Bengaluru	Delhi	2.39	92.01	0.303	2131.66	High	Reroute	Critical
2026-07-11T14:43:23.532519+00:00	CONT-1004	Mango	Bengaluru	Delhi	10.37	83.42	0.015	2140.83	Low	Continue	Normal
2026-07-11T14:43:24.534205+00:00	CONT-1000	Banana	Bengaluru	Delhi	12.98	88.74	0.294	2140.82	Low	Continue	Normal
2026-07-11T14:43:24.534950+00:00	CONT-1001	Avocado	Bengaluru	Delhi	6.24	89.83	0.588	2131.64	High	Reroute	Critical
2026-07-11T14:43:26.552108+00:00	CONT-1003	Grapes	Bengaluru	Delhi	2.05	92.17	0.318	2131.6	High	Reroute	Critical
2026-07-11T14:43:26.553933+00:00	CONT-1004	Mango	Bengaluru	Delhi	10.32	83.29	0.031	2140.8	Low	Continue	Normal
2026-07-11T14:43:27.557891+00:00	CONT-1001	Avocado	Bengaluru	Delhi	6.12	89.56	0.6	2131.58	High	Reroute	Critical
2026-07-11T14:43:28.565071+00:00	CONT-1000	Banana	Bengaluru	Delhi	13.1	88.38	0.301	2140.78	Low	Continue	Normal
2026-07-11T14:43:29.572823+00:00	CONT-1000	Banana	Bengaluru	Delhi	13.09	88.34	0.29	2140.77	Low	Continue	Normal
2026-07-11T14:43:29.574474+00:00	CONT-1001	Avocado	Bengaluru	Delhi	6.17	89.97	0.6	2131.54	High	Reroute	Critical
2026-07-11T14:43:29.575109+00:00	CONT-1002	Strawberry	Bengaluru	Delhi	34.2	92.04	0.576	2131.54	High	Reroute	Critical
2026-07-11T14:43:29.575773+00:00	CONT-1003	Grapes	Bengaluru	Delhi	2.05	92.7	0.296	2131.54	High	Reroute	Critical
2026-07-11T14:43:30.581207+00:00	CONT-1004	Mango	Bengaluru	Delhi	10.55	83.99	0.044	2140.76	Low	Continue	Normal
2026-07-11T14:43:31.582459+00:00	CONT-1000	Banana	Bengaluru	Delhi	13.21	88.12	0.274	2140.75	Low	Continue	Normal
2026-07-11T14:43:31.583227+00:00	CONT-1001	Avocado	Bengaluru	Delhi	6.08	90.29	0.56	2131.5	High	Reroute	Critical
2026-07-11T14:43:31.585737+00:00	CONT-1003	Grapes	Bengaluru	Delhi	2.14	92.46	0.285	2131.5	High	Reroute	Critical
2026-07-11T14:43:32.588433+00:00	CONT-1000	Banana	Bengaluru	Delhi	13.17	88.3	0.275	2140.74	Low	Continue	Normal
2026-07-11T14:43:32.594575+00:00	CONT-1004	Mango	Bengaluru	Delhi	10.45	84.23	0.034	2140.74	Low	Continue	Normal
2026-07-11T14:43:33.599972+00:00	CONT-1001	Avocado	Bengaluru	Delhi	5.9	90.03	0.554	2131.46	High	Reroute	Critical
2026-07-11T14:43:33.601739+00:00	CONT-1002	Strawberry	Bengaluru	Delhi	34.36	92.19	0.587	2131.46	High	Reroute	Critical
2026-07-11T14:43:33.606686+00:00	CONT-1004	Mango	Bengaluru	Delhi	10.37	83.98	0.02	2140.73	Low	Continue	Normal
2026-07-11T14:43:34.608552+00:00	CONT-1000	Banana	Bengaluru	Delhi	13.01	88.08	0.259	2140.72	Low	Continue	Normal
2026-07-11T14:43:34.610578+00:00	CONT-1001	Avocado	Bengaluru	Delhi	5.99	90.06	0.557	2131.44	High	Reroute	Critical
2026-07-11T14:43:34.613863+00:00	CONT-1004	Mango	Bengaluru	Delhi	10.5	84.17	0.01	2140.72	Low	Continue	Normal
2026-07-11T14:43:35.617629+00:00	CONT-1001	Avocado	Bengaluru	Delhi	5.95	89.99	0.556	2131.42	High	Reroute	Critical
2026-07-11T14:43:36.623710+00:00	CONT-1000	Banana	Bengaluru	Delhi	13.07	87.52	0.23	2140.7	Low	Continue	Normal
2026-07-11T14:43:36.625447+00:00	CONT-1001	Avocado	Bengaluru	Delhi	5.87	90.02	0.57	2131.4	High	Reroute	Critical
2026-07-11T14:43:37.636410+00:00	CONT-1003	Grapes	Bengaluru	Delhi	1.91	92.85	0.292	2131.38	High	Reroute	Critical
2026-07-11T14:43:37.637609+00:00	CONT-1004	Mango	Bengaluru	Delhi	10.56	83.84	0.011	2140.69	Low	Continue	Normal
2026-07-11T14:43:38.639142+00:00	CONT-1000	Banana	Bengaluru	Delhi	13.06	87.62	0.254	2140.68	Low	Continue	Normal
2026-07-11T14:43:38.640150+00:00	CONT-1001	Avocado	Bengaluru	Delhi	5.93	90.2	0.568	2131.36	High	Reroute	Critical
2026-07-11T14:43:38.641957+00:00	CONT-1002	Strawberry	Bengaluru	Delhi	34.55	92.43	0.6	2131.36	High	Reroute	Critical
2026-07-11T14:43:40.650072+00:00	CONT-1000	Banana	Bengaluru	Delhi	12.8	87.28	0.248	2140.66	Low	Continue	Normal
2026-07-11T14:43:40.651945+00:00	CONT-1001	Avocado	Bengaluru	Delhi	5.92	90.23	0.585	2131.32	High	Reroute	Critical
2026-07-11T14:43:40.652912+00:00	CONT-1002	Strawberry	Bengaluru	Delhi	34.62	92.58	0.586	2131.32	High	Reroute	Critical
2026-07-11T14:43:40.654102+00:00	CONT-1004	Mango	Bengaluru	Delhi	10.69	84.2	0	2140.66	Low	Continue	Normal
2026-07-11T14:43:42.662340+00:00	CONT-1000	Banana	Bengaluru	Delhi	12.9	86.59	0.263	2140.64	Low	Continue	Normal
2026-07-11T14:43:42.663339+00:00	CONT-1001	Avocado	Bengaluru	Delhi	5.84	90.46	0.581	2131.28	High	Reroute	Critical
2026-07-11T14:43:44.683373+00:00	CONT-1002	Strawberry	Bengaluru	Delhi	34.78	92.15	0.583	2131.24	High	Reroute	Critical
2026-07-11T14:43:44.685369+00:00	CONT-1003	Grapes	Bengaluru	Delhi	2.13	93.18	0.239	2131.24	High	Reroute	Critical
2026-07-11T14:43:44.686023+00:00	CONT-1004	Mango	Bengaluru	Delhi	10.41	84.96	0	2140.62	Low	Continue	Normal
2026-07-11T14:43:45.689174+00:00	CONT-1001	Avocado	Bengaluru	Delhi	5.85	90.88	0.583	2131.22	High	Reroute	Critical
2026-07-11T14:43:45.690501+00:00	CONT-1002	Strawberry	Bengaluru	Delhi	34.8	92.3	0.6	2131.22	High	Reroute	Critical
2026-07-11T14:43:45.691307+00:00	CONT-1003	Grapes	Bengaluru	Delhi	2.21	93.31	0.255	2131.22	High	Reroute	Critical
2026-07-11T14:43:45.692530+00:00	CONT-1004	Mango	Bengaluru	Delhi	10.44	84.66	0	2140.61	Low	Continue	Normal
2026-07-11T14:43:46.696727+00:00	CONT-1002	Strawberry	Bengaluru	Delhi	34.85	92.41	0.6	2131.2	High	Reroute	Critical
2026-07-11T14:43:47.704907+00:00	CONT-1000	Banana	Bengaluru	Delhi	12.9	86.84	0.273	2140.59	Low	Continue	Normal
2026-07-11T14:43:47.708542+00:00	CONT-1002	Strawberry	Bengaluru	Delhi	34.9	92.62	0.6	2131.18	High	Reroute	Critical
2026-07-11T14:43:47.710784+00:00	CONT-1004	Mango	Bengaluru	Delhi	10.42	84.83	0.018	2140.59	Low	Continue	Normal
2026-07-11T14:43:48.717453+00:00	CONT-1002	Strawberry	Bengaluru	Delhi	34.92	92.98	0.598	2131.16	High	Reroute	Critical
2026-07-11T14:43:48.718140+00:00	CONT-1003	Grapes	Bengaluru	Delhi	2.23	93.11	0.271	2131.16	High	Reroute	Critical
2026-07-11T14:43:48.719391+00:00	CONT-1004	Mango	Bengaluru	Delhi	10.55	85.19	0.031	2140.58	Low	Continue	Normal
2026-07-11T14:43:50.729286+00:00	CONT-1002	Strawberry	Bengaluru	Delhi	35.01	93.2	0.6	2131.12	High	Reroute	Critical
2026-07-11T14:43:50.731259+00:00	CONT-1003	Grapes	Bengaluru	Delhi	2.19	92.9	0.257	2131.12	High	Reroute	Critical
2026-07-11T14:43:52.742068+00:00	CONT-1003	Grapes	Bengaluru	Delhi	2.35	93.14	0.259	2131.08	High	Reroute	Critical
2026-07-11T14:43:54.754244+00:00	CONT-1000	Banana	Bengaluru	Delhi	13.12	86.33	0.285	2140.52	Low	Continue	Normal
2026-07-11T14:43:54.755097+00:00	CONT-1001	Avocado	Bengaluru	Delhi	5.91	91.05	0.582	2131.04	High	Reroute	Critical
2026-07-11T14:43:54.756692+00:00	CONT-1002	Strawberry	Bengaluru	Delhi	35.13	92.34	0.555	2131.04	High	Reroute	Critical
2026-07-11T14:43:54.757593+00:00	CONT-1004	Mango	Bengaluru	Delhi	10.55	85.78	0.02	2140.52	Low	Continue	Normal
2026-07-11T14:43:55.762538+00:00	CONT-1002	Strawberry	Bengaluru	Delhi	35.17	92.69	0.544	2131.02	High	Reroute	Critical
2026-07-11T14:43:55.765032+00:00	CONT-1004	Mango	Bengaluru	Delhi	10.43	85.84	0.029	2140.51	Low	Continue	Normal
2026-07-11T14:43:56.769099+00:00	CONT-1001	Avocado	Bengaluru	Delhi	5.77	91.24	0.579	2131	High	Reroute	Critical
2026-07-11T14:43:57.780375+00:00	CONT-1003	Grapes	Bengaluru	Delhi	2.75	93.6	0.309	2130.98	High	Reroute	Critical
2026-07-11T14:43:58.785995+00:00	CONT-1001	Avocado	Bengaluru	Delhi	5.61	91.07	0.564	2130.96	High	Reroute	Critical
2026-07-11T14:43:59.793794+00:00	CONT-1003	Grapes	Bengaluru	Delhi	2.6	94.18	0.298	2130.94	High	Reroute	Critical
2026-07-11T14:44:00.800383+00:00	CONT-1001	Avocado	Bengaluru	Delhi	5.46	91	0.57	2130.92	High	Reroute	Critical
2026-07-11T14:44:01.805804+00:00	CONT-1000	Banana	Bengaluru	Delhi	13.23	87.15	0.33	2140.45	Low	Continue	Normal
2026-07-11T14:44:01.811768+00:00	CONT-1004	Mango	Bengaluru	Delhi	10.64	84.73	0.04	2140.45	Low	Continue	Normal
2026-07-11T14:44:02.820006+00:00	CONT-1004	Mango	Bengaluru	Delhi	10.78	84.58	0.02	2140.44	Low	Continue	Normal
2026-07-11T14:44:03.824311+00:00	CONT-1002	Strawberry	Bengaluru	Delhi	35.47	93.39	0.6	2130.86	High	Reroute	Critical
2026-07-11T14:44:04.828114+00:00	CONT-1000	Banana	Bengaluru	Delhi	13.13	87.22	0.31	2140.42	Low	Continue	Normal
2026-07-11T14:44:05.839758+00:00	CONT-1000	Banana	Bengaluru	Delhi	13.02	87.06	0.32	2140.41	Low	Continue	Normal
2026-07-11T14:44:05.842928+00:00	CONT-1002	Strawberry	Bengaluru	Delhi	35.52	92.89	0.6	2130.82	High	Reroute	Critical
2026-07-11T14:44:05.846432+00:00	CONT-1003	Grapes	Bengaluru	Delhi	2.83	94.57	0.266	2130.82	High	Reroute	Critical
2026-07-11T14:44:05.847606+00:00	CONT-1004	Mango	Bengaluru	Delhi	10.73	84.48	0.054	2140.41	Low	Continue	Normal
2026-07-11T14:44:08.866699+00:00	CONT-1003	Grapes	Bengaluru	Delhi	2.66	94.31	0.257	2130.76	High	Reroute	Critical
2026-07-11T14:44:10.878694+00:00	CONT-1002	Strawberry	Bengaluru	Delhi	35.69	92.47	0.585	2130.72	High	Reroute	Critical
2026-07-11T14:44:10.880501+00:00	CONT-1003	Grapes	Bengaluru	Delhi	2.82	94.39	0.256	2130.72	High	Reroute	Critical
2026-07-11T14:44:11.884838+00:00	CONT-1001	Avocado	Bengaluru	Delhi	5.58	92.08	0.582	2130.7	High	Reroute	Critical
2026-07-11T14:44:11.886957+00:00	CONT-1002	Strawberry	Bengaluru	Delhi	35.71	92.78	0.579	2130.7	High	Reroute	Critical
2026-07-11T14:44:11.887510+00:00	CONT-1003	Grapes	Bengaluru	Delhi	2.67	94.15	0.265	2130.7	High	Reroute	Critical
2026-07-11T14:44:11.888087+00:00	CONT-1004	Mango	Bengaluru	Delhi	10.71	83.87	0.033	2140.35	Low	Continue	Normal
2026-07-11T14:44:12.894366+00:00	CONT-1003	Grapes	Bengaluru	Delhi	2.58	94.36	0.25	2130.68	High	Reroute	Critical
2026-07-11T14:44:12.894997+00:00	CONT-1004	Mango	Bengaluru	Delhi	10.83	84.01	0.046	2140.34	Low	Continue	Normal
2026-07-11T14:44:14.905273+00:00	CONT-1001	Avocado	Bengaluru	Delhi	5.57	92.21	0.598	2130.64	High	Reroute	Critical
2026-07-11T14:44:14.907602+00:00	CONT-1003	Grapes	Bengaluru	Delhi	2.46	94.25	0.224	2130.64	High	Reroute	Critical
2026-07-11T14:44:14.908818+00:00	CONT-1004	Mango	Bengaluru	Delhi	10.69	84	0.017	2140.32	Low	Continue	Normal
2026-07-11T14:44:15.910378+00:00	CONT-1000	Banana	Bengaluru	Delhi	13.27	88.39	0.333	2140.31	Low	Continue	Normal
2026-07-11T14:44:15.916510+00:00	CONT-1004	Mango	Bengaluru	Delhi	10.72	84.36	0.007	2140.31	Low	Continue	Normal
2026-07-11T14:44:17.929102+00:00	CONT-1000	Banana	Bengaluru	Delhi	13.09	87.94	0.336	2140.29	Low	Continue	Normal
2026-07-11T14:44:17.933937+00:00	CONT-1002	Strawberry	Bengaluru	Delhi	35.96	92.45	0.592	2130.58	High	Reroute	Critical
2026-07-11T14:44:17.935202+00:00	CONT-1003	Grapes	Bengaluru	Delhi	2.37	93.93	0.237	2130.58	High	Reroute	Critical
2026-07-11T14:44:17.936283+00:00	CONT-1004	Mango	Bengaluru	Delhi	10.75	83.8	0.015	2140.29	Low	Continue	Normal
2026-07-11T14:44:18.940330+00:00	CONT-1003	Grapes	Bengaluru	Delhi	2.42	93.98	0.22	2130.56	High	Reroute	Critical
2026-07-11T14:44:19.943182+00:00	CONT-1000	Banana	Bengaluru	Delhi	13.31	87.81	0.32	2140.27	Low	Continue	Normal
2026-07-11T14:44:19.945284+00:00	CONT-1001	Avocado	Bengaluru	Delhi	5.48	91.48	0.593	2130.54	High	Reroute	Critical
2026-07-11T14:44:19.950596+00:00	CONT-1003	Grapes	Bengaluru	Delhi	2.54	93.66	0.238	2130.54	High	Reroute	Critical
2026-07-11T14:44:20.953207+00:00	CONT-1000	Banana	Bengaluru	Delhi	13.17	87.77	0.321	2140.26	Low	Continue	Normal
2026-07-11T14:44:20.955187+00:00	CONT-1001	Avocado	Bengaluru	Delhi	5.56	91.31	0.588	2130.52	High	Reroute	Critical
2026-07-11T14:44:20.957876+00:00	CONT-1003	Grapes	Bengaluru	Delhi	2.41	93.26	0.227	2130.52	High	Reroute	Critical
2026-07-11T14:44:21.964773+00:00	CONT-1002	Strawberry	Bengaluru	Delhi	36.13	93.05	0.588	2130.5	High	Reroute	Critical
2026-07-11T14:44:21.966219+00:00	CONT-1003	Grapes	Bengaluru	Delhi	2.45	93.19	0.219	2130.5	High	Reroute	Critical
2026-07-11T14:44:23.983818+00:00	CONT-1001	Avocado	Bengaluru	Delhi	5.53	91.51	0.6	2130.46	High	Reroute	Critical
2026-07-11T14:44:24.996916+00:00	CONT-1003	Grapes	Bengaluru	Delhi	2.34	92.52	0.232	2130.44	High	Reroute	Critical
2026-07-11T14:44:24.999603+00:00	CONT-1004	Mango	Bengaluru	Delhi	10.79	83.31	0.072	2140.22	Low	Continue	Normal
2026-07-11T14:44:26.001452+00:00	CONT-1000	Banana	Bengaluru	Delhi	13.25	86.99	0.307	2140.21	Low	Continue	Normal
2026-07-11T14:44:26.003481+00:00	CONT-1001	Avocado	Bengaluru	Delhi	5.61	91.09	0.6	2130.42	High	Reroute	Critical
2026-07-11T14:44:26.006833+00:00	CONT-1004	Mango	Bengaluru	Delhi	10.73	83.2	0.067	2140.21	Low	Continue	Normal
2026-07-11T14:44:28.022129+00:00	CONT-1003	Grapes	Bengaluru	Delhi	2.29	92.14	0.229	2130.38	High	Reroute	Critical
2026-07-11T14:44:29.026769+00:00	CONT-1001	Avocado	Bengaluru	Delhi	5.5	90.27	0.597	2130.36	High	Reroute	Critical
2026-07-11T14:44:29.027385+00:00	CONT-1002	Strawberry	Bengaluru	Delhi	36.37	92.92	0.6	2130.36	High	Reroute	Critical
2026-07-11T14:44:29.030141+00:00	CONT-1004	Mango	Bengaluru	Delhi	10.45	83.44	0.098	2140.18	Low	Continue	Normal
2026-07-11T14:44:30.033116+00:00	CONT-1001	Avocado	Bengaluru	Delhi	5.52	90.2	0.58	2130.34	High	Reroute	Critical
2026-07-11T14:44:31.041056+00:00	CONT-1001	Avocado	Bengaluru	Delhi	5.39	90.39	0.583	2130.32	High	Reroute	Critical
2026-07-11T14:44:31.044397+00:00	CONT-1004	Mango	Bengaluru	Delhi	10.31	83.36	0.111	2140.16	Low	Continue	Normal
2026-07-11T14:44:32.049152+00:00	CONT-1002	Strawberry	Bengaluru	Delhi	36.47	92.87	0.584	2130.3	High	Reroute	Critical
2026-07-11T14:44:32.049932+00:00	CONT-1003	Grapes	Bengaluru	Delhi	2.06	91.67	0.203	2130.3	High	Reroute	Critical
2026-07-11T14:44:32.053147+00:00	CONT-1004	Mango	Bengaluru	Delhi	10.42	82.99	0.128	2140.15	Low	Continue	Normal
2026-07-11T14:44:33.057352+00:00	CONT-1001	Avocado	Bengaluru	Delhi	5.44	89.97	0.586	2130.28	High	Reroute	Critical
2026-07-11T14:44:33.057957+00:00	CONT-1002	Strawberry	Bengaluru	Delhi	36.51	92.81	0.593	2130.28	High	Reroute	Critical
2026-07-11T14:44:34.067707+00:00	CONT-1003	Grapes	Bengaluru	Delhi	2	91.94	0.197	2130.26	High	Reroute	Critical
2026-07-11T14:44:36.082678+00:00	CONT-1001	Avocado	Bengaluru	Delhi	5.55	89.67	0.592	2130.22	High	Reroute	Critical
2026-07-11T14:44:36.084675+00:00	CONT-1003	Grapes	Bengaluru	Delhi	1.94	91.73	0.18	2130.22	High	Reroute	Critical
2026-07-11T14:44:36.085615+00:00	CONT-1004	Mango	Bengaluru	Delhi	10.7	83.31	0.135	2140.11	Low	Continue	Normal
2026-07-11T14:44:37.087342+00:00	CONT-1000	Banana	Bengaluru	Delhi	13.56	87.55	0.342	2140.1	Low	Continue	Normal
2026-07-11T14:44:37.089252+00:00	CONT-1001	Avocado	Bengaluru	Delhi	5.52	89.93	0.6	2130.2	High	Reroute	Critical
2026-07-11T14:44:37.089856+00:00	CONT-1002	Strawberry	Bengaluru	Delhi	36.66	93.45	0.6	2130.2	High	Reroute	Critical
2026-07-11T14:44:37.090523+00:00	CONT-1003	Grapes	Bengaluru	Delhi	2.04	92.08	0.174	2130.2	High	Reroute	Critical
2026-07-11T14:44:37.090904+00:00	CONT-1004	Mango	Bengaluru	Delhi	10.74	83.37	0.142	2140.1	Low	Continue	Normal
2026-07-11T14:44:38.091904+00:00	CONT-1000	Banana	Bengaluru	Delhi	13.63	87.8	0.333	2140.09	Low	Continue	Normal
2026-07-11T14:44:38.093729+00:00	CONT-1001	Avocado	Bengaluru	Delhi	5.46	90.02	0.6	2130.18	High	Reroute	Critical
2026-07-11T14:44:38.094431+00:00	CONT-1002	Strawberry	Bengaluru	Delhi	36.7	93.12	0.6	2130.18	High	Reroute	Critical
2026-07-11T14:44:38.094960+00:00	CONT-1003	Grapes	Bengaluru	Delhi	2.03	92.02	0.179	2130.18	High	Reroute	Critical
2026-07-11T14:44:38.095434+00:00	CONT-1004	Mango	Bengaluru	Delhi	10.75	83.53	0.124	2140.09	Low	Continue	Normal
2026-07-11T14:44:40.100797+00:00	CONT-1000	Banana	Bengaluru	Delhi	13.79	87.5	0.352	2140.07	Low	Continue	Normal
2026-07-11T14:44:40.102953+00:00	CONT-1001	Avocado	Bengaluru	Delhi	5.39	90.45	0.587	2130.14	High	Reroute	Critical
2026-07-11T14:44:40.105588+00:00	CONT-1004	Mango	Bengaluru	Delhi	10.96	83.3	0.12	2140.07	Low	Continue	Normal
2026-07-11T14:44:41.110176+00:00	CONT-1001	Avocado	Bengaluru	Delhi	5.46	90.81	0.571	2130.12	High	Reroute	Critical
2026-07-11T14:44:41.110787+00:00	CONT-1002	Strawberry	Bengaluru	Delhi	36.79	92.6	0.563	2130.12	High	Reroute	Critical
2026-07-11T14:44:41.112527+00:00	CONT-1003	Grapes	Bengaluru	Delhi	2.01	92.21	0.178	2130.12	High	Reroute	Critical
2026-07-11T14:44:42.116093+00:00	CONT-1000	Banana	Bengaluru	Delhi	13.72	87.48	0.371	2140.05	Low	Continue	Normal
2026-07-11T14:44:42.117727+00:00	CONT-1001	Avocado	Bengaluru	Delhi	5.61	90.73	0.575	2130.1	High	Reroute	Critical
2026-07-11T14:44:42.118355+00:00	CONT-1002	Strawberry	Bengaluru	Delhi	36.84	92.48	0.573	2130.1	High	Reroute	Critical
2026-07-11T14:44:42.118849+00:00	CONT-1003	Grapes	Bengaluru	Delhi	1.94	92.3	0.163	2130.1	High	Reroute	Critical
2026-07-11T14:44:42.119368+00:00	CONT-1004	Mango	Bengaluru	Delhi	11.13	83.33	0.101	2140.05	Low	Continue	Normal
2026-07-11T14:44:43.121496+00:00	CONT-1001	Avocado	Bengaluru	Delhi	5.73	90.72	0.594	2130.08	High	Reroute	Critical
2026-07-11T14:44:43.124608+00:00	CONT-1003	Grapes	Bengaluru	Delhi	1.82	92.11	0.178	2130.08	High	Reroute	Critical
2026-07-11T14:44:44.127566+00:00	CONT-1000	Banana	Bengaluru	Delhi	13.76	87.38	0.375	2140.03	Low	Continue	Normal
2026-07-11T14:44:44.128294+00:00	CONT-1001	Avocado	Bengaluru	Delhi	5.69	90.68	0.599	2130.06	High	Reroute	Critical
2026-07-11T14:44:45.136076+00:00	CONT-1000	Banana	Bengaluru	Delhi	13.63	87.5	0.358	2140.02	Low	Continue	Normal
2026-07-11T14:44:45.155459+00:00	CONT-1004	Mango	Bengaluru	Delhi	11.09	83.57	0.109	2140.02	Low	Continue	Normal
2026-07-11T14:44:46.168442+00:00	CONT-1001	Avocado	Bengaluru	Delhi	5.73	90.75	0.596	2130.02	High	Reroute	Critical
2026-07-11T14:44:47.177786+00:00	CONT-1001	Avocado	Bengaluru	Delhi	5.7	90.39	0.6	2130	High	Reroute	Critical
2026-07-11T14:44:48.184112+00:00	CONT-1000	Banana	Bengaluru	Delhi	13.52	87.62	0.376	2139.99	Low	Continue	Normal
2026-07-11T14:44:48.186174+00:00	CONT-1001	Avocado	Bengaluru	Delhi	5.79	90.3	0.584	2129.98	High	Reroute	Critical
2026-07-11T14:44:48.186767+00:00	CONT-1002	Strawberry	Bengaluru	Delhi	37.04	91.88	0.557	2129.98	High	Reroute	Critical
2026-07-11T14:44:48.187554+00:00	CONT-1004	Mango	Bengaluru	Delhi	11.3	83.04	0.096	2139.99	Low	Continue	Normal
2026-07-11T14:44:49.189666+00:00	CONT-1000	Banana	Bengaluru	Delhi	13.63	87.95	0.361	2139.98	Low	Continue	Normal
2026-07-11T14:44:50.199036+00:00	CONT-1002	Strawberry	Bengaluru	Delhi	37.11	91.82	0.549	2129.94	High	Reroute	Critical
2026-07-11T14:44:50.201419+00:00	CONT-1004	Mango	Bengaluru	Delhi	11.3	82.77	0.084	2139.97	Low	Continue	Normal
2026-07-11T14:44:51.207514+00:00	CONT-1003	Grapes	Bengaluru	Delhi	1.66	92	0.153	2129.92	High	Reroute	Critical
2026-07-11T14:44:51.208212+00:00	CONT-1004	Mango	Bengaluru	Delhi	11.16	82.47	0.07	2139.96	Low	Continue	Normal
2026-07-11T14:44:52.210371+00:00	CONT-1000	Banana	Bengaluru	Delhi	13.55	87.53	0.333	2139.95	Low	Continue	Normal
2026-07-11T14:44:52.213245+00:00	CONT-1002	Strawberry	Bengaluru	Delhi	37.2	91.87	0.537	2129.9	High	Reroute	Critical
2026-07-11T14:44:53.217210+00:00	CONT-1000	Banana	Bengaluru	Delhi	13.43	87.28	0.351	2139.94	Low	Continue	Normal
2026-07-11T14:44:53.223385+00:00	CONT-1003	Grapes	Bengaluru	Delhi	1.76	92.09	0.156	2129.88	High	Reroute	Critical
2026-07-11T14:44:53.224618+00:00	CONT-1004	Mango	Bengaluru	Delhi	11.08	81.86	0.057	2139.94	Low	Continue	Normal
2026-07-11T14:44:54.227149+00:00	CONT-1000	Banana	Bengaluru	Delhi	13.35	86.91	0.332	2139.93	Low	Continue	Normal
2026-07-11T14:44:55.237815+00:00	CONT-1002	Strawberry	Bengaluru	Delhi	37.3	91.73	0.6	2129.84	High	Reroute	Critical
2026-07-11T14:44:56.241792+00:00	CONT-1000	Banana	Bengaluru	Delhi	13.21	87.03	0.304	2139.91	Low	Continue	Normal
2026-07-11T14:44:56.244706+00:00	CONT-1002	Strawberry	Bengaluru	Delhi	37.34	91.73	0.6	2129.82	High	Reroute	Critical
2026-07-11T14:44:56.245703+00:00	CONT-1003	Grapes	Bengaluru	Delhi	1.87	92.06	0.148	2129.82	High	Reroute	Critical
2026-07-11T14:44:57.248155+00:00	CONT-1001	Avocado	Bengaluru	Delhi	5.62	90.97	0.594	2129.8	High	Reroute	Critical
2026-07-11T14:44:57.250681+00:00	CONT-1003	Grapes	Bengaluru	Delhi	1.89	92.35	0.155	2129.8	High	Reroute	Critical
2026-07-11T14:44:58.255791+00:00	CONT-1003	Grapes	Bengaluru	Delhi	1.94	92.34	0.141	2129.78	High	Reroute	Critical
2026-07-11T14:44:58.257274+00:00	CONT-1004	Mango	Bengaluru	Delhi	10.94	82.49	0.064	2139.89	Low	Continue	Normal
2026-07-11T14:44:59.261194+00:00	CONT-1002	Strawberry	Bengaluru	Delhi	37.42	91.98	0.592	2129.76	High	Reroute	Critical
2026-07-11T14:45:00.269740+00:00	CONT-1003	Grapes	Bengaluru	Delhi	1.91	92.21	0.155	2129.74	High	Reroute	Critical
2026-07-11T14:45:01.271400+00:00	CONT-1000	Banana	Bengaluru	Delhi	13.48	86.4	0.291	2139.86	Low	Continue	Normal
2026-07-11T14:45:02.282130+00:00	CONT-1000	Banana	Bengaluru	Delhi	13.46	86.35	0.308	2139.85	Low	Continue	Normal
2026-07-11T14:45:02.282771+00:00	CONT-1001	Avocado	Bengaluru	Delhi	5.49	90.87	0.57	2129.7	High	Reroute	Critical
2026-07-11T14:45:02.285828+00:00	CONT-1003	Grapes	Bengaluru	Delhi	1.82	92.03	0.124	2129.7	High	Reroute	Critical
2026-07-11T14:45:03.293529+00:00	CONT-1004	Mango	Bengaluru	Delhi	11.25	82.06	0.017	2139.84	Low	Continue	Normal
2026-07-11T14:45:05.307296+00:00	CONT-1001	Avocado	Bengaluru	Delhi	5.18	91.03	0.6	2129.64	High	Reroute	Critical
2026-07-11T14:45:05.309856+00:00	CONT-1003	Grapes	Bengaluru	Delhi	1.68	91.98	0.139	2129.64	High	Reroute	Critical
2026-07-11T14:45:06.323034+00:00	CONT-1004	Mango	Bengaluru	Delhi	11.16	83.06	0	2139.81	Low	Continue	Normal
2026-07-11T14:45:07.328288+00:00	CONT-1002	Strawberry	Bengaluru	Delhi	37.7	92.06	0.565	2129.6	High	Reroute	Critical
2026-07-11T14:45:08.331259+00:00	CONT-1000	Banana	Bengaluru	Delhi	13.74	87.08	0.339	2139.79	Low	Continue	Normal
2026-07-11T14:45:08.334510+00:00	CONT-1002	Strawberry	Bengaluru	Delhi	37.73	91.95	0.557	2129.58	High	Reroute	Critical
2026-07-11T14:45:09.346175+00:00	CONT-1002	Strawberry	Bengaluru	Delhi	37.77	92.06	0.545	2129.56	High	Reroute	Critical
2026-07-11T14:45:10.356649+00:00	CONT-1001	Avocado	Bengaluru	Delhi	5.37	91.07	0.6	2129.54	High	Reroute	Critical
2026-07-11T14:45:11.363643+00:00	CONT-1000	Banana	Bengaluru	Delhi	13.67	86.49	0.347	2139.76	Low	Continue	Normal
2026-07-11T14:45:11.364402+00:00	CONT-1001	Avocado	Bengaluru	Delhi	5.26	91.29	0.595	2129.52	High	Reroute	Critical
2026-07-11T14:45:11.366258+00:00	CONT-1002	Strawberry	Bengaluru	Delhi	37.83	91.49	0.569	2129.52	High	Reroute	Critical
2026-07-11T14:45:11.366687+00:00	CONT-1003	Grapes	Bengaluru	Delhi	1.51	92.66	0.142	2129.52	Medium	Continue	Warning
2026-07-11T14:45:12.370077+00:00	CONT-1000	Banana	Bengaluru	Delhi	13.66	86.27	0.361	2139.75	Low	Continue	Normal
2026-07-11T14:45:12.375821+00:00	CONT-1004	Mango	Bengaluru	Delhi	11.33	82.24	0	2139.75	Low	Continue	Normal
2026-07-11T14:45:13.377353+00:00	CONT-1000	Banana	Bengaluru	Delhi	13.65	86.53	0.378	2139.74	Low	Continue	Normal
2026-07-11T14:45:14.388394+00:00	CONT-1000	Banana	Bengaluru	Delhi	13.61	86.47	0.398	2139.73	Low	Continue	Normal
2026-07-11T14:45:15.397890+00:00	CONT-1001	Avocado	Bengaluru	Delhi	5.56	90.55	0.579	2129.44	High	Reroute	Critical
2026-07-11T14:45:15.403088+00:00	CONT-1003	Grapes	Bengaluru	Delhi	1.61	91.94	0.156	2129.44	Medium	Continue	Warning
2026-07-11T14:45:16.410526+00:00	CONT-1002	Strawberry	Bengaluru	Delhi	38.01	91.93	0.559	2129.42	High	Reroute	Critical
2026-07-11T14:45:16.411764+00:00	CONT-1003	Grapes	Bengaluru	Delhi	1.49	91.77	0.151	2129.42	Medium	Continue	Warning
2026-07-11T14:45:16.413877+00:00	CONT-1004	Mango	Bengaluru	Delhi	11.48	82.51	0.03	2139.71	Low	Continue	Normal
2026-07-11T14:45:17.415834+00:00	CONT-1000	Banana	Bengaluru	Delhi	13.56	86.53	0.399	2139.7	Low	Continue	Normal
2026-07-11T14:45:18.421399+00:00	CONT-1000	Banana	Bengaluru	Delhi	13.51	86.64	0.397	2139.69	Low	Continue	Normal
2026-07-11T14:45:18.425196+00:00	CONT-1004	Mango	Bengaluru	Delhi	11.55	82.41	0.045	2139.69	Low	Continue	Normal
2026-07-11T14:45:19.429287+00:00	CONT-1001	Avocado	Bengaluru	Delhi	5.89	90.03	0.6	2129.36	High	Reroute	Critical
2026-07-11T14:45:21.443175+00:00	CONT-1000	Banana	Bengaluru	Delhi	13.14	86.95	0.36	2139.66	Low	Continue	Normal
2026-07-11T14:45:21.445348+00:00	CONT-1001	Avocado	Bengaluru	Delhi	5.64	89.48	0.588	2129.32	High	Reroute	Critical
2026-07-11T14:45:21.445962+00:00	CONT-1002	Strawberry	Bengaluru	Delhi	38.18	91.36	0.581	2129.32	High	Reroute	Critical
2026-07-11T14:45:22.451894+00:00	CONT-1000	Banana	Bengaluru	Delhi	13.03	87.24	0.356	2139.65	Low	Continue	Normal
2026-07-11T14:45:22.453596+00:00	CONT-1001	Avocado	Bengaluru	Delhi	5.77	89.12	0.574	2129.3	High	Reroute	Critical
2026-07-11T14:45:22.454392+00:00	CONT-1002	Strawberry	Bengaluru	Delhi	38.21	91.55	0.568	2129.3	High	Reroute	Critical
2026-07-11T14:45:22.454823+00:00	CONT-1003	Grapes	Bengaluru	Delhi	1.98	92.18	0.17	2129.3	Medium	Continue	Warning
2026-07-11T14:45:23.458043+00:00	CONT-1000	Banana	Bengaluru	Delhi	13.05	87.58	0.361	2139.64	Low	Continue	Normal
2026-07-11T14:45:23.461912+00:00	CONT-1002	Strawberry	Bengaluru	Delhi	38.26	91.34	0.568	2129.28	High	Reroute	Critical
2026-07-11T14:45:24.469868+00:00	CONT-1000	Banana	Bengaluru	Delhi	12.99	87.35	0.378	2139.63	Low	Continue	Normal
2026-07-11T14:45:24.473095+00:00	CONT-1003	Grapes	Bengaluru	Delhi	1.9	91.97	0.169	2129.26	Medium	Continue	Warning
2026-07-11T14:45:26.486780+00:00	CONT-1001	Avocado	Bengaluru	Delhi	5.92	89.06	0.544	2129.22	High	Reroute	Critical
2026-07-11T14:45:27.493626+00:00	CONT-1000	Banana	Bengaluru	Delhi	13.17	87.28	0.383	2139.6	Low	Continue	Normal
2026-07-11T14:45:27.494418+00:00	CONT-1001	Avocado	Bengaluru	Delhi	5.92	89.44	0.532	2129.2	High	Reroute	Critical
2026-07-11T14:45:27.497819+00:00	CONT-1003	Grapes	Bengaluru	Delhi	1.69	91.66	0.154	2129.2	Low	Continue	Normal
2026-07-11T14:45:27.499695+00:00	CONT-1004	Mango	Bengaluru	Delhi	11.84	81.99	0.048	2139.6	Low	Continue	Normal
2026-07-11T14:45:30.515441+00:00	CONT-1001	Avocado	Bengaluru	Delhi	6.05	89.61	0.552	2129.14	High	Reroute	Critical
2026-07-11T14:45:30.522162+00:00	CONT-1003	Grapes	Bengaluru	Delhi	1.35	91.54	0.133	2129.14	Low	Continue	Normal
2026-07-11T14:45:31.530782+00:00	CONT-1001	Avocado	Bengaluru	Delhi	5.99	89.64	0.547	2129.12	High	Reroute	Critical
2026-07-11T14:45:31.535442+00:00	CONT-1002	Strawberry	Bengaluru	Delhi	38.53	90.48	0.582	2129.12	High	Reroute	Critical
2026-07-11T14:45:31.537929+00:00	CONT-1003	Grapes	Bengaluru	Delhi	1.33	91.39	0.131	2129.12	Low	Continue	Normal
2026-07-11T14:45:31.539573+00:00	CONT-1004	Mango	Bengaluru	Delhi	12.01	82.41	0.022	2139.56	Low	Continue	Normal
2026-07-11T14:45:33.559737+00:00	CONT-1001	Avocado	Bengaluru	Delhi	6.16	89.01	0.559	2129.08	High	Reroute	Critical
2026-07-11T14:45:34.569872+00:00	CONT-1000	Banana	Bengaluru	Delhi	12.89	86.59	0.403	2139.53	Low	Continue	Normal
2026-07-11T14:45:35.584796+00:00	CONT-1004	Mango	Bengaluru	Delhi	12.22	82.56	0.025	2139.52	Low	Continue	Normal
2026-07-11T14:45:38.610109+00:00	CONT-1000	Banana	Bengaluru	Delhi	12.89	85.79	0.399	2139.49	Low	Continue	Normal
2026-07-11T14:45:38.612953+00:00	CONT-1002	Strawberry	Bengaluru	Delhi	38.79	91.12	0.597	2128.98	High	Reroute	Critical
2026-07-11T14:45:38.614337+00:00	CONT-1003	Grapes	Bengaluru	Delhi	0.98	91.81	0.166	2128.98	Low	Continue	Normal
2026-07-11T14:45:39.618983+00:00	CONT-1002	Strawberry	Bengaluru	Delhi	38.83	90.78	0.587	2128.96	High	Reroute	Critical
2026-07-11T14:45:40.627184+00:00	CONT-1003	Grapes	Bengaluru	Delhi	0.93	91.5	0.138	2128.94	Low	Continue	Normal
2026-07-11T14:45:41.631290+00:00	CONT-1000	Banana	Bengaluru	Delhi	13.05	86.03	0.42	2139.46	Low	Continue	Normal
2026-07-11T14:45:41.636656+00:00	CONT-1003	Grapes	Bengaluru	Delhi	0.95	91.42	0.128	2128.92	Low	Continue	Normal
2026-07-11T14:45:42.639584+00:00	CONT-1001	Avocado	Bengaluru	Delhi	6.13	89.34	0.522	2128.9	High	Reroute	Critical
2026-07-11T14:45:42.641739+00:00	CONT-1002	Strawberry	Bengaluru	Delhi	38.94	91.19	0.578	2128.9	High	Reroute	Critical
2026-07-11T14:45:42.643925+00:00	CONT-1004	Mango	Bengaluru	Delhi	12.09	83.06	0.078	2139.45	Low	Continue	Normal
2026-07-11T14:45:43.646647+00:00	CONT-1001	Avocado	Bengaluru	Delhi	6.12	89.11	0.519	2128.88	High	Reroute	Critical
2026-07-11T14:45:43.647238+00:00	CONT-1002	Strawberry	Bengaluru	Delhi	38.96	91.06	0.585	2128.88	High	Reroute	Critical
2026-07-11T14:45:43.648789+00:00	CONT-1003	Grapes	Bengaluru	Delhi	0.83	91.65	0.103	2128.88	Low	Continue	Normal
2026-07-11T14:45:44.654546+00:00	CONT-1000	Banana	Bengaluru	Delhi	13.09	85.86	0.42	2139.43	Low	Continue	Normal
2026-07-11T14:45:44.661321+00:00	CONT-1004	Mango	Bengaluru	Delhi	11.95	82.55	0.087	2139.43	Low	Continue	Normal
2026-07-11T14:45:45.674060+00:00	CONT-1000	Banana	Bengaluru	Delhi	12.99	86.24	0.402	2139.42	Low	Continue	Normal
2026-07-11T14:45:45.676060+00:00	CONT-1001	Avocado	Bengaluru	Delhi	5.92	89.18	0.521	2128.84	High	Reroute	Critical
2026-07-11T14:45:45.677025+00:00	CONT-1002	Strawberry	Bengaluru	Delhi	39.02	91.16	0.6	2128.84	High	Reroute	Critical
2026-07-11T14:45:45.677705+00:00	CONT-1003	Grapes	Bengaluru	Delhi	1.03	91.6	0.137	2128.84	Low	Continue	Normal
2026-07-11T14:45:45.678082+00:00	CONT-1004	Mango	Bengaluru	Delhi	12.1	82.83	0.104	2139.42	Low	Continue	Normal
2026-07-11T14:45:46.679032+00:00	CONT-1000	Banana	Bengaluru	Delhi	13.05	86.04	0.392	2139.41	Low	Continue	Normal
2026-07-11T14:45:46.680823+00:00	CONT-1001	Avocado	Bengaluru	Delhi	6.03	89.17	0.502	2128.82	High	Reroute	Critical
2026-07-11T14:45:46.681441+00:00	CONT-1002	Strawberry	Bengaluru	Delhi	39.06	91.31	0.595	2128.82	High	Reroute	Critical
2026-07-11T14:45:46.682077+00:00	CONT-1003	Grapes	Bengaluru	Delhi	1.06	91.92	0.121	2128.82	Low	Continue	Normal
2026-07-11T14:45:46.682454+00:00	CONT-1004	Mango	Bengaluru	Delhi	12.11	83.07	0.106	2139.41	Low	Continue	Normal
2026-07-11T14:45:47.683560+00:00	CONT-1000	Banana	Bengaluru	Delhi	13.18	85.8	0.381	2139.4	Low	Continue	Normal
2026-07-11T14:45:47.686825+00:00	CONT-1002	Strawberry	Bengaluru	Delhi	39.08	91.53	0.586	2128.8	High	Reroute	Critical
2026-07-11T14:45:47.687693+00:00	CONT-1003	Grapes	Bengaluru	Delhi	1.09	91.61	0.113	2128.8	Low	Continue	Normal
2026-07-11T14:45:47.688300+00:00	CONT-1004	Mango	Bengaluru	Delhi	12.03	83.21	0.095	2139.4	Low	Continue	Normal
2026-07-11T14:45:48.689472+00:00	CONT-1000	Banana	Bengaluru	Delhi	13.15	86.11	0.399	2139.39	Low	Continue	Normal
2026-07-11T14:45:49.698681+00:00	CONT-1002	Strawberry	Bengaluru	Delhi	39.16	91.67	0.583	2128.76	High	Reroute	Critical
2026-07-11T14:45:50.702121+00:00	CONT-1000	Banana	Bengaluru	Delhi	13.06	86.35	0.413	2139.37	Low	Continue	Normal
2026-07-11T14:45:50.704029+00:00	CONT-1001	Avocado	Bengaluru	Delhi	5.97	89.24	0.53	2128.74	High	Reroute	Critical
2026-07-11T14:45:50.704946+00:00	CONT-1002	Strawberry	Bengaluru	Delhi	39.19	91.69	0.584	2128.74	High	Reroute	Critical
2026-07-11T14:45:50.705347+00:00	CONT-1003	Grapes	Bengaluru	Delhi	0.97	91.83	0.118	2128.74	Low	Continue	Normal
2026-07-11T14:45:52.714528+00:00	CONT-1000	Banana	Bengaluru	Delhi	13.21	86.5	0.431	2139.35	Low	Continue	Normal
2026-07-11T14:45:52.717201+00:00	CONT-1002	Strawberry	Bengaluru	Delhi	39.25	91.21	0.595	2128.7	High	Reroute	Critical
2026-07-11T14:45:53.729819+00:00	CONT-1003	Grapes	Bengaluru	Delhi	0.77	92.33	0.108	2128.68	Low	Continue	Normal
2026-07-11T14:45:53.731458+00:00	CONT-1004	Mango	Bengaluru	Delhi	12.13	83.1	0.059	2139.34	Low	Continue	Normal
2026-07-11T14:45:54.734448+00:00	CONT-1001	Avocado	Bengaluru	Delhi	6.12	88.7	0.537	2128.66	High	Reroute	Critical
2026-07-11T14:45:56.747023+00:00	CONT-1000	Banana	Bengaluru	Delhi	13.19	85.96	0.451	2139.31	Low	Continue	Normal
2026-07-11T14:45:57.753802+00:00	CONT-1000	Banana	Bengaluru	Delhi	13.12	85.92	0.467	2139.3	Low	Continue	Normal
2026-07-11T14:45:57.755436+00:00	CONT-1001	Avocado	Bengaluru	Delhi	5.79	88.55	0.525	2128.6	High	Reroute	Critical
2026-07-11T14:45:57.756254+00:00	CONT-1002	Strawberry	Bengaluru	Delhi	39.41	90.42	0.59	2128.6	High	Reroute	Critical
2026-07-11T14:45:57.756674+00:00	CONT-1003	Grapes	Bengaluru	Delhi	1.17	92.08	0.069	2128.6	Low	Continue	Normal
2026-07-11T14:45:59.768559+00:00	CONT-1002	Strawberry	Bengaluru	Delhi	39.49	90.4	0.578	2128.56	High	Reroute	Critical
2026-07-11T14:46:01.781408+00:00	CONT-1003	Grapes	Bengaluru	Delhi	1.27	92.54	0.055	2128.52	Low	Continue	Normal
2026-07-11T14:46:01.782016+00:00	CONT-1004	Mango	Bengaluru	Delhi	12.14	83.2	0.035	2139.26	Low	Continue	Normal
2026-07-11T14:46:02.790731+00:00	CONT-1002	Strawberry	Bengaluru	Delhi	39.6	90.52	0.596	2128.5	High	Reroute	Critical
2026-07-11T14:46:03.795546+00:00	CONT-1000	Banana	Bengaluru	Delhi	13.38	85.82	0.484	2139.24	Low	Continue	Normal
2026-07-11T14:46:03.797748+00:00	CONT-1002	Strawberry	Bengaluru	Delhi	39.64	90.81	0.589	2128.48	High	Reroute	Critical
2026-07-11T14:46:03.799234+00:00	CONT-1003	Grapes	Bengaluru	Delhi	1.02	92.6	0.064	2128.48	Low	Continue	Normal
2026-07-11T14:46:05.807045+00:00	CONT-1000	Banana	Bengaluru	Delhi	13.24	85.15	0.513	2139.22	Low	Continue	Warning
2026-07-11T14:46:05.807821+00:00	CONT-1001	Avocado	Bengaluru	Delhi	5.75	88.96	0.543	2128.44	High	Reroute	Critical
2026-07-11T14:46:05.809234+00:00	CONT-1002	Strawberry	Bengaluru	Delhi	39.7	90.6	1.019	2128.44	High	Reroute	Critical
2026-07-11T14:46:07.824907+00:00	CONT-1001	Avocado	Bengaluru	Delhi	5.89	88.95	0.532	2128.4	High	Reroute	Critical
2026-07-11T14:46:07.826889+00:00	CONT-1002	Strawberry	Bengaluru	Delhi	39.78	90.55	0.6	2128.4	High	Reroute	Critical
2026-07-11T14:46:07.828129+00:00	CONT-1004	Mango	Bengaluru	Delhi	12.26	82.97	0	2139.2	Low	Continue	Normal
2026-07-11T14:46:08.832267+00:00	CONT-1002	Strawberry	Bengaluru	Delhi	39.82	90.39	0.6	2128.38	High	Reroute	Critical
2026-07-11T14:46:09.843297+00:00	CONT-1000	Banana	Bengaluru	Delhi	13.35	85.59	0.525	2139.18	Medium	Continue	Warning
2026-07-11T14:46:10.857217+00:00	CONT-1000	Banana	Bengaluru	Delhi	13.31	85.97	0.506	2139.17	Medium	Continue	Warning
2026-07-11T14:46:11.867272+00:00	CONT-1001	Avocado	Bengaluru	Delhi	6.04	88.98	0.572	2128.32	High	Reroute	Critical
2026-07-11T14:46:11.871011+00:00	CONT-1003	Grapes	Bengaluru	Delhi	1.17	92.57	0.08	2128.32	Low	Continue	Normal
2026-07-11T14:46:12.875930+00:00	CONT-1000	Banana	Bengaluru	Delhi	13.04	86.08	0.528	2139.15	Medium	Continue	Warning
2026-07-11T14:46:12.877667+00:00	CONT-1001	Avocado	Bengaluru	Delhi	6.11	88.58	0.557	2128.3	High	Reroute	Critical
2026-07-11T14:46:15.895856+00:00	CONT-1000	Banana	Bengaluru	Delhi	13.18	86.26	0.488	2139.12	Medium	Continue	Warning
2026-07-11T14:46:15.898184+00:00	CONT-1001	Avocado	Bengaluru	Delhi	5.91	88.69	0.538	2128.24	High	Reroute	Critical
2026-07-11T14:46:16.916295+00:00	CONT-1001	Avocado	Bengaluru	Delhi	6.02	88.6	0.548	2128.22	High	Reroute	Critical
2026-07-11T14:46:16.923535+00:00	CONT-1004	Mango	Bengaluru	Delhi	12.84	82.89	0.054	2139.11	Low	Continue	Normal
2026-07-11T14:46:17.929365+00:00	CONT-1000	Banana	Bengaluru	Delhi	13.17	86.83	0.457	2139.1	Medium	Continue	Warning
2026-07-11T14:46:18.942812+00:00	CONT-1001	Avocado	Bengaluru	Delhi	5.76	88.9	0.53	2128.18	High	Reroute	Critical
2026-07-11T14:46:19.956575+00:00	CONT-1001	Avocado	Bengaluru	Delhi	5.75	89.2	0.519	2128.16	High	Reroute	Critical
2026-07-11T14:46:19.958613+00:00	CONT-1002	Strawberry	Bengaluru	Delhi	40.22	88.95	0.582	2128.16	High	Reroute	Critical
2026-07-11T14:46:19.959940+00:00	CONT-1004	Mango	Bengaluru	Delhi	13.06	83.43	0.065	2139.08	Low	Continue	Normal
2026-07-11T14:46:20.962748+00:00	CONT-1000	Banana	Bengaluru	Delhi	13.38	86.71	0.457	2139.07	Medium	Continue	Warning
2026-07-11T14:46:22.978422+00:00	CONT-1001	Avocado	Bengaluru	Delhi	5.61	89.01	0.514	2128.1	High	Reroute	Critical
2026-07-11T14:46:22.980518+00:00	CONT-1003	Grapes	Bengaluru	Delhi	1.27	93.81	0.085	2128.1	Low	Continue	Normal
2026-07-11T14:46:22.983268+00:00	CONT-1004	Mango	Bengaluru	Delhi	13.22	83.23	0.064	2139.05	Low	Continue	Normal
2026-07-11T14:46:23.986923+00:00	CONT-1000	Banana	Bengaluru	Delhi	13.35	86.62	0.458	2139.04	Medium	Continue	Warning
2026-07-11T14:46:24.994613+00:00	CONT-1000	Banana	Bengaluru	Delhi	13.46	86.75	0.472	2139.03	Medium	Continue	Warning
2026-07-11T14:46:24.996341+00:00	CONT-1001	Avocado	Bengaluru	Delhi	5.55	88.59	0.516	2128.06	High	Reroute	Critical
2026-07-11T14:46:24.997127+00:00	CONT-1002	Strawberry	Bengaluru	Delhi	40.38	89.19	0.6	2128.06	High	Reroute	Critical
2026-07-11T14:46:24.997626+00:00	CONT-1003	Grapes	Bengaluru	Delhi	1.3	93.53	0.079	2128.06	Low	Continue	Normal
2026-07-11T14:46:24.997974+00:00	CONT-1004	Mango	Bengaluru	Delhi	13.21	83.19	0.061	2139.03	Low	Continue	Normal
2026-07-11T14:46:28.015045+00:00	CONT-1001	Avocado	Bengaluru	Delhi	5.42	88.42	0.519	2128	High	Reroute	Critical
2026-07-11T14:46:29.025491+00:00	CONT-1004	Mango	Bengaluru	Delhi	13.09	83.97	0.049	2138.99	Low	Continue	Normal
2026-07-11T14:46:30.031694+00:00	CONT-1003	Grapes	Bengaluru	Delhi	1.48	93.84	0.059	2127.96	Low	Continue	Normal
2026-07-11T14:46:33.049543+00:00	CONT-1000	Banana	Bengaluru	Delhi	13.53	86.69	0.476	2138.95	Low	Continue	Normal
2026-07-11T14:46:33.051928+00:00	CONT-1001	Avocado	Bengaluru	Delhi	5.38	88.29	0.515	2127.9	High	Reroute	Critical
2026-07-11T14:46:33.052999+00:00	CONT-1002	Strawberry	Bengaluru	Delhi	40.64	89.59	0.583	2127.9	High	Reroute	Critical
2026-07-11T14:46:33.054961+00:00	CONT-1004	Mango	Bengaluru	Delhi	13.09	83.26	0.103	2138.95	Low	Continue	Normal
2026-07-11T14:46:34.058205+00:00	CONT-1001	Avocado	Bengaluru	Delhi	5.24	88.51	0.5	2127.88	High	Reroute	Critical
2026-07-11T14:46:34.058891+00:00	CONT-1002	Strawberry	Bengaluru	Delhi	40.67	89.33	0.591	2127.88	High	Reroute	Critical
2026-07-11T14:46:34.060786+00:00	CONT-1004	Mango	Bengaluru	Delhi	13.17	82.89	0.115	2138.94	Low	Continue	Normal
2026-07-11T14:46:35.067538+00:00	CONT-1002	Strawberry	Bengaluru	Delhi	40.7	89.32	0.572	2127.86	High	Reroute	Critical
2026-07-11T14:46:36.077800+00:00	CONT-1000	Banana	Bengaluru	Delhi	13.64	86.9	0.477	2138.92	Low	Continue	Normal
2026-07-11T14:46:37.095058+00:00	CONT-1003	Grapes	Bengaluru	Delhi	1.73	93.96	0.108	2127.82	Low	Continue	Normal
2026-07-11T14:46:37.099494+00:00	CONT-1004	Mango	Bengaluru	Delhi	13.04	82.98	0.158	2138.91	Low	Continue	Normal
2026-07-11T14:46:39.111555+00:00	CONT-1003	Grapes	Bengaluru	Delhi	1.84	94.33	0.112	2127.78	Low	Continue	Normal
2026-07-11T14:46:41.124623+00:00	CONT-1001	Avocado	Bengaluru	Delhi	5.19	88.54	0.479	2127.74	High	Reroute	Critical
2026-07-11T14:46:41.129009+00:00	CONT-1003	Grapes	Bengaluru	Delhi	1.81	94.42	0.112	2127.74	Low	Continue	Normal
2026-07-11T14:46:43.140213+00:00	CONT-1001	Avocado	Bengaluru	Delhi	5.09	88.5	0.475	2127.7	High	Reroute	Critical
2026-07-11T14:46:43.142755+00:00	CONT-1003	Grapes	Bengaluru	Delhi	1.91	94.43	0.113	2127.7	Low	Continue	Normal
2026-07-11T14:46:43.144389+00:00	CONT-1004	Mango	Bengaluru	Delhi	12.81	83.47	0.161	2138.85	Low	Continue	Normal
2026-07-11T14:46:44.146769+00:00	CONT-1001	Avocado	Bengaluru	Delhi	5.11	88.88	0.485	2127.68	High	Reroute	Critical
2026-07-11T14:46:44.149004+00:00	CONT-1002	Strawberry	Bengaluru	Delhi	41.01	87.51	0.57	2127.68	High	Reroute	Critical
2026-07-11T14:46:44.149989+00:00	CONT-1003	Grapes	Bengaluru	Delhi	1.87	94.06	0.124	2127.68	Low	Continue	Normal
2026-07-11T14:46:44.150492+00:00	CONT-1004	Mango	Bengaluru	Delhi	12.93	83.49	0.179	2138.84	Low	Continue	Normal
2026-07-11T14:46:45.152104+00:00	CONT-1000	Banana	Bengaluru	Delhi	13.82	87.26	0.527	2138.83	Medium	Continue	Warning
2026-07-11T14:46:45.155552+00:00	CONT-1003	Grapes	Bengaluru	Delhi	1.72	93.78	0.105	2127.66	Low	Continue	Normal
2026-07-11T14:46:47.164423+00:00	CONT-1000	Banana	Bengaluru	Delhi	13.89	87.22	0.529	2138.81	Medium	Continue	Warning
2026-07-11T14:46:48.173297+00:00	CONT-1001	Avocado	Bengaluru	Delhi	5.37	89.86	0.502	2127.6	High	Reroute	Critical
2026-07-11T14:46:48.176128+00:00	CONT-1003	Grapes	Bengaluru	Delhi	1.75	94.74	0.144	2127.6	Low	Continue	Normal
2026-07-11T14:46:48.177786+00:00	CONT-1004	Mango	Bengaluru	Delhi	12.81	83.35	0.146	2138.8	Low	Continue	Normal
2026-07-11T14:46:50.186963+00:00	CONT-1002	Strawberry	Bengaluru	Delhi	41.22	86.67	0.588	2127.56	High	Reroute	Critical
2026-07-11T14:46:51.190630+00:00	CONT-1001	Avocado	Bengaluru	Delhi	5.32	89.74	0.527	2127.54	High	Reroute	Critical
2026-07-11T14:46:51.194312+00:00	CONT-1003	Grapes	Bengaluru	Delhi	2	94.71	0.177	2127.54	Low	Continue	Normal
2026-07-11T14:46:52.197835+00:00	CONT-1001	Avocado	Bengaluru	Delhi	5.43	89.9	0.511	2127.52	High	Reroute	Critical
2026-07-11T14:46:52.199956+00:00	CONT-1002	Strawberry	Bengaluru	Delhi	41.31	86.62	0.557	2127.52	High	Reroute	Critical
2026-07-11T14:46:52.200607+00:00	CONT-1003	Grapes	Bengaluru	Delhi	2	94.86	0.173	2127.52	Low	Continue	Normal
2026-07-11T14:46:52.201029+00:00	CONT-1004	Mango	Bengaluru	Delhi	12.92	82.58	0.162	2138.76	Low	Continue	Normal
2026-07-11T14:46:53.202490+00:00	CONT-1000	Banana	Bengaluru	Delhi	13.7	87.7	0.551	2138.75	High	Reroute	Critical
2026-07-11T14:46:54.213095+00:00	CONT-1004	Mango	Bengaluru	Delhi	13.06	82.68	0.151	2138.74	Low	Continue	Normal
2026-07-11T14:46:55.217449+00:00	CONT-1000	Banana	Bengaluru	Delhi	13.61	87.46	0.567	2138.73	High	Reroute	Critical
2026-07-11T14:46:55.220131+00:00	CONT-1002	Strawberry	Bengaluru	Delhi	41.42	86.08	0.551	2127.46	High	Reroute	Critical
2026-07-11T14:46:55.221936+00:00	CONT-1003	Grapes	Bengaluru	Delhi	1.98	94.63	0.151	2127.46	Low	Continue	Normal
2026-07-11T14:46:56.224878+00:00	CONT-1000	Banana	Bengaluru	Delhi	13.53	87.75	0.573	2138.72	High	Reroute	Critical
2026-07-11T14:46:57.236577+00:00	CONT-1003	Grapes	Bengaluru	Delhi	1.92	94.68	0.169	2127.42	Low	Continue	Normal
2026-07-11T14:46:58.238793+00:00	CONT-1000	Banana	Bengaluru	Delhi	13.74	87.68	0.557	2138.7	High	Reroute	Critical
2026-07-11T14:46:58.241753+00:00	CONT-1003	Grapes	Bengaluru	Delhi	2.02	94.32	0.165	2127.4	Low	Continue	Normal
2026-07-11T14:46:59.245853+00:00	CONT-1001	Avocado	Bengaluru	Delhi	5.43	91.35	0.545	2127.38	High	Reroute	Critical
2026-07-11T14:47:00.254049+00:00	CONT-1000	Banana	Bengaluru	Delhi	13.76	87.52	0.539	2138.68	High	Reroute	Critical
2026-07-11T14:47:00.255674+00:00	CONT-1001	Avocado	Bengaluru	Delhi	5.47	91.24	0.548	2127.36	High	Reroute	Critical
2026-07-11T14:47:00.256517+00:00	CONT-1002	Strawberry	Bengaluru	Delhi	41.59	86.22	0.971	2127.36	High	Reroute	Critical
2026-07-11T14:47:00.257086+00:00	CONT-1003	Grapes	Bengaluru	Delhi	2.05	94.37	0.162	2127.36	Low	Continue	Normal
2026-07-11T14:47:01.258526+00:00	CONT-1000	Banana	Bengaluru	Delhi	13.66	87.24	0.529	2138.67	High	Reroute	Critical
2026-07-11T14:47:01.260337+00:00	CONT-1001	Avocado	Bengaluru	Delhi	5.55	91.39	0.559	2127.34	High	Reroute	Critical
2026-07-11T14:47:02.272194+00:00	CONT-1001	Avocado	Bengaluru	Delhi	5.68	91.52	0.551	2127.32	High	Reroute	Critical
2026-07-11T14:47:02.276124+00:00	CONT-1003	Grapes	Bengaluru	Delhi	1.88	93.75	0.176	2127.32	Low	Continue	Normal
2026-07-11T14:47:02.276958+00:00	CONT-1004	Mango	Bengaluru	Delhi	13.22	82.22	0.089	2138.66	Low	Continue	Normal
2026-07-11T14:47:03.282369+00:00	CONT-1003	Grapes	Bengaluru	Delhi	1.9	93.68	0.17	2127.3	Low	Continue	Normal
2026-07-11T14:47:03.282981+00:00	CONT-1004	Mango	Bengaluru	Delhi	13.07	82.39	0.092	2138.65	Low	Continue	Normal
2026-07-11T14:47:04.285462+00:00	CONT-1000	Banana	Bengaluru	Delhi	13.7	86.62	0.52	2138.64	High	Reroute	Critical
2026-07-11T14:47:04.287669+00:00	CONT-1001	Avocado	Bengaluru	Delhi	5.8	91.24	0.56	2127.28	High	Reroute	Critical
2026-07-11T14:47:04.288582+00:00	CONT-1002	Strawberry	Bengaluru	Delhi	41.74	85.64	0.571	2127.28	High	Reroute	Critical
2026-07-11T14:47:05.294263+00:00	CONT-1000	Banana	Bengaluru	Delhi	13.56	86.37	0.51	2138.63	High	Reroute	Critical
2026-07-11T14:47:05.296816+00:00	CONT-1002	Strawberry	Bengaluru	Delhi	41.79	85.34	0.553	2127.26	High	Reroute	Critical
2026-07-11T14:47:05.298030+00:00	CONT-1003	Grapes	Bengaluru	Delhi	1.91	93.02	0.154	2127.26	Low	Continue	Normal
2026-07-11T14:47:05.298653+00:00	CONT-1004	Mango	Bengaluru	Delhi	12.94	82.6	0.097	2138.63	Low	Continue	Normal
2026-07-11T14:47:06.299853+00:00	CONT-1000	Banana	Bengaluru	Delhi	13.49	86.47	0.513	2138.62	High	Reroute	Critical
2026-07-11T14:47:06.302985+00:00	CONT-1002	Strawberry	Bengaluru	Delhi	41.83	85.15	0.558	2127.24	High	Reroute	Critical
2026-07-11T14:47:06.304932+00:00	CONT-1003	Grapes	Bengaluru	Delhi	1.98	93.04	0.15	2127.24	Low	Continue	Normal
2026-07-11T14:47:07.307441+00:00	CONT-1000	Banana	Bengaluru	Delhi	13.59	86.25	0.503	2138.61	High	Reroute	Critical
2026-07-11T14:47:07.309006+00:00	CONT-1001	Avocado	Bengaluru	Delhi	5.89	91.44	0.584	2127.22	High	Reroute	Critical
2026-07-11T14:47:07.309908+00:00	CONT-1002	Strawberry	Bengaluru	Delhi	41.87	85.54	1.202	2127.22	High	Reroute	Critical
2026-07-11T14:47:07.310310+00:00	CONT-1003	Grapes	Bengaluru	Delhi	2.04	93.33	0.159	2127.22	Low	Continue	Normal
2026-07-11T14:47:08.313458+00:00	CONT-1001	Avocado	Bengaluru	Delhi	6	91.84	0.59	2127.2	High	Reroute	Critical
2026-07-11T14:47:08.314077+00:00	CONT-1002	Strawberry	Bengaluru	Delhi	41.9	85.19	0.6	2127.2	High	Reroute	Critical
2026-07-11T14:47:08.316174+00:00	CONT-1004	Mango	Bengaluru	Delhi	12.84	81.76	0.083	2138.6	Low	Continue	Normal
2026-07-11T14:47:09.318491+00:00	CONT-1001	Avocado	Bengaluru	Delhi	6.13	91.5	0.6	2127.18	High	Reroute	Critical
2026-07-11T14:47:09.320781+00:00	CONT-1002	Strawberry	Bengaluru	Delhi	41.92	84.82	0.588	2127.18	High	Reroute	Critical
2026-07-11T14:47:09.323825+00:00	CONT-1003	Grapes	Bengaluru	Delhi	2.12	93.89	0.177	2127.18	Low	Continue	Normal
2026-07-11T14:47:10.327743+00:00	CONT-1001	Avocado	Bengaluru	Delhi	6.14	91.15	0.6	2127.16	High	Reroute	Critical
2026-07-11T14:47:11.338083+00:00	CONT-1003	Grapes	Bengaluru	Delhi	2.34	93.46	0.197	2127.14	Low	Continue	Normal
2026-07-11T14:47:13.352345+00:00	CONT-1001	Avocado	Bengaluru	Delhi	6	91.59	0.586	2127.1	High	Reroute	Critical
2026-07-11T14:47:13.354601+00:00	CONT-1002	Strawberry	Bengaluru	Delhi	42.05	84.48	0.6	2127.1	High	Reroute	Critical
2026-07-11T14:47:14.360732+00:00	CONT-1000	Banana	Bengaluru	Delhi	13.7	86.08	0.467	2138.54	High	Reroute	Critical
2026-07-11T14:47:14.362356+00:00	CONT-1001	Avocado	Bengaluru	Delhi	5.96	91.46	0.573	2127.08	High	Reroute	Critical
2026-07-11T14:47:14.365318+00:00	CONT-1004	Mango	Bengaluru	Delhi	12.83	82.08	0.117	2138.54	Low	Continue	Normal
2026-07-11T14:47:15.366818+00:00	CONT-1000	Banana	Bengaluru	Delhi	13.81	85.81	0.47	2138.53	High	Reroute	Critical
2026-07-11T14:47:15.367771+00:00	CONT-1001	Avocado	Bengaluru	Delhi	5.87	91.32	0.568	2127.06	High	Reroute	Critical
2026-07-11T14:47:15.370318+00:00	CONT-1003	Grapes	Bengaluru	Delhi	2.51	92.69	0.188	2127.06	Low	Continue	Normal
2026-07-11T14:47:15.371932+00:00	CONT-1004	Mango	Bengaluru	Delhi	12.69	81.89	0.132	2138.53	Low	Continue	Normal
2026-07-11T14:47:16.374731+00:00	CONT-1001	Avocado	Bengaluru	Delhi	5.78	91.54	0.571	2127.04	High	Reroute	Critical
2026-07-11T14:47:16.377818+00:00	CONT-1003	Grapes	Bengaluru	Delhi	2.58	92.92	0.199	2127.04	Low	Continue	Normal
2026-07-11T14:47:16.382436+00:00	CONT-1004	Mango	Bengaluru	Delhi	12.66	82.12	0.144	2138.52	Low	Continue	Normal
2026-07-11T14:47:17.388706+00:00	CONT-1004	Mango	Bengaluru	Delhi	12.71	82.41	0.137	2138.51	Low	Continue	Normal
2026-07-11T14:47:18.389864+00:00	CONT-1000	Banana	Bengaluru	Delhi	13.74	85.34	0.453	2138.5	Medium	Continue	Warning
2026-07-11T14:47:19.400522+00:00	CONT-1004	Mango	Bengaluru	Delhi	12.82	82.26	0.139	2138.49	Low	Continue	Normal
2026-07-11T14:47:20.405644+00:00	CONT-1000	Banana	Bengaluru	Delhi	13.65	85.82	0.45	2138.48	Medium	Continue	Warning
2026-07-11T14:47:20.407456+00:00	CONT-1001	Avocado	Bengaluru	Delhi	5.98	92.25	0.581	2126.96	High	Reroute	Critical
2026-07-11T14:47:20.409696+00:00	CONT-1003	Grapes	Bengaluru	Delhi	2.58	93.26	0.181	2126.96	Medium	Continue	Warning
2026-07-11T14:47:22.421221+00:00	CONT-1001	Avocado	Bengaluru	Delhi	6.04	92.76	0.574	2126.92	High	Reroute	Critical
2026-07-11T14:47:22.423554+00:00	CONT-1003	Grapes	Bengaluru	Delhi	2.6	93.38	0.182	2126.92	Medium	Continue	Warning
2026-07-11T14:47:22.426780+00:00	CONT-1004	Mango	Bengaluru	Delhi	12.65	82.59	0.154	2138.46	Low	Continue	Normal
2026-07-11T14:47:23.430995+00:00	CONT-1001	Avocado	Bengaluru	Delhi	5.9	92.89	0.578	2126.9	High	Reroute	Critical
2026-07-11T14:47:24.442617+00:00	CONT-1003	Grapes	Bengaluru	Delhi	2.56	92.94	0.193	2126.88	Medium	Continue	Warning
2026-07-11T14:47:25.444639+00:00	CONT-1000	Banana	Bengaluru	Delhi	13.65	85.59	0.441	2138.43	Medium	Continue	Warning
2026-07-11T14:47:25.447374+00:00	CONT-1001	Avocado	Bengaluru	Delhi	5.88	93.38	0.59	2126.86	High	Reroute	Critical
2026-07-11T14:47:25.448126+00:00	CONT-1002	Strawberry	Bengaluru	Delhi	42.49	84.94	0.593	2126.86	High	Reroute	Critical
2026-07-11T14:47:25.450487+00:00	CONT-1004	Mango	Bengaluru	Delhi	12.64	81.77	0.132	2138.43	Low	Continue	Normal
2026-07-11T14:47:26.453903+00:00	CONT-1002	Strawberry	Bengaluru	Delhi	42.54	85.12	0.591	2126.84	High	Reroute	Critical
2026-07-11T14:47:26.456288+00:00	CONT-1003	Grapes	Bengaluru	Delhi	2.34	93.07	0.188	2126.84	Medium	Continue	Warning
2026-07-11T14:47:27.458690+00:00	CONT-1000	Banana	Bengaluru	Delhi	13.64	85.64	0.439	2138.41	Medium	Continue	Warning
2026-07-11T14:47:27.461217+00:00	CONT-1002	Strawberry	Bengaluru	Delhi	42.56	85.22	0.6	2126.82	High	Reroute	Critical
2026-07-11T14:47:27.464185+00:00	CONT-1003	Grapes	Bengaluru	Delhi	2.26	92.94	0.193	2126.82	Medium	Continue	Warning
2026-07-11T14:47:27.466630+00:00	CONT-1004	Mango	Bengaluru	Delhi	12.82	81.59	0.161	2138.41	Low	Continue	Normal
2026-07-11T14:47:28.471686+00:00	CONT-1004	Mango	Bengaluru	Delhi	12.94	81.59	0.162	2138.4	Low	Continue	Normal
2026-07-11T14:47:29.472928+00:00	CONT-1000	Banana	Bengaluru	Delhi	13.58	85.06	0.452	2138.39	Medium	Continue	Warning
2026-07-11T14:47:29.475025+00:00	CONT-1002	Strawberry	Bengaluru	Delhi	42.63	84.81	0.587	2126.78	High	Reroute	Critical
2026-07-11T14:47:29.476674+00:00	CONT-1003	Grapes	Bengaluru	Delhi	2.3	93.08	0.193	2126.78	Medium	Continue	Warning
2026-07-11T14:47:29.477248+00:00	CONT-1004	Mango	Bengaluru	Delhi	12.98	81.9	0.157	2138.39	Low	Continue	Normal
2026-07-11T14:47:30.491132+00:00	CONT-1003	Grapes	Bengaluru	Delhi	2.31	93.3	0.193	2126.76	Medium	Continue	Warning
2026-07-11T14:47:31.495112+00:00	CONT-1001	Avocado	Bengaluru	Delhi	6.09	92.98	0.597	2126.74	High	Reroute	Critical
2026-07-11T14:47:32.500308+00:00	CONT-1000	Banana	Bengaluru	Delhi	13.64	84.89	0.469	2138.36	Medium	Continue	Warning
2026-07-11T14:47:33.508666+00:00	CONT-1000	Banana	Bengaluru	Delhi	13.66	84.79	0.487	2138.35	Medium	Continue	Warning
2026-07-11T14:47:33.511374+00:00	CONT-1002	Strawberry	Bengaluru	Delhi	42.78	83.97	0.6	2126.7	High	Reroute	Critical
2026-07-11T14:47:33.513175+00:00	CONT-1003	Grapes	Bengaluru	Delhi	2.39	93.4	0.205	2126.7	Medium	Continue	Warning
2026-07-11T14:47:34.522454+00:00	CONT-1003	Grapes	Bengaluru	Delhi	2.33	93.67	0.196	2126.68	Medium	Continue	Warning
2026-07-11T14:47:34.523793+00:00	CONT-1004	Mango	Bengaluru	Delhi	13.03	82.3	0.158	2138.34	Low	Continue	Normal
2026-07-11T14:47:35.525449+00:00	CONT-1000	Banana	Bengaluru	Delhi	13.68	85.16	0.468	2138.33	Low	Continue	Normal
2026-07-11T14:47:35.529783+00:00	CONT-1001	Avocado	Bengaluru	Delhi	5.81	92.78	0.6	2126.66	High	Reroute	Critical
2026-07-11T14:47:35.532041+00:00	CONT-1002	Strawberry	Bengaluru	Delhi	42.82	84.08	0.594	2126.66	High	Reroute	Critical
2026-07-11T14:47:35.534340+00:00	CONT-1003	Grapes	Bengaluru	Delhi	2.42	93.3	0.191	2126.66	Medium	Continue	Warning
2026-07-11T14:47:36.541250+00:00	CONT-1001	Avocado	Bengaluru	Delhi	5.82	93.14	0.594	2126.64	High	Reroute	Critical
2026-07-11T14:47:36.542618+00:00	CONT-1002	Strawberry	Bengaluru	Delhi	42.85	84.34	0.598	2126.64	High	Reroute	Critical
2026-07-11T14:47:36.546366+00:00	CONT-1004	Mango	Bengaluru	Delhi	12.93	82.27	0.17	2138.32	Low	Continue	Normal
2026-07-11T14:47:37.554279+00:00	CONT-1004	Mango	Bengaluru	Delhi	13.06	81.96	0.166	2138.31	Low	Continue	Normal
2026-07-11T14:47:38.555806+00:00	CONT-1000	Banana	Bengaluru	Delhi	13.66	85.7	0.422	2138.3	Low	Continue	Normal
2026-07-11T14:47:38.557240+00:00	CONT-1001	Avocado	Bengaluru	Delhi	5.65	93.04	0.594	2126.6	High	Reroute	Critical
2026-07-11T14:47:38.557872+00:00	CONT-1002	Strawberry	Bengaluru	Delhi	42.9	83.99	0.595	2126.6	High	Reroute	Critical
2026-07-11T14:47:38.559270+00:00	CONT-1004	Mango	Bengaluru	Delhi	13.21	81.74	0.147	2138.3	Low	Continue	Normal
2026-07-11T14:47:39.568955+00:00	CONT-1004	Mango	Bengaluru	Delhi	13.27	82.05	0.146	2138.29	Low	Continue	Normal
2026-07-11T14:47:40.573214+00:00	CONT-1001	Avocado	Bengaluru	Delhi	5.62	92.62	0.575	2126.56	High	Reroute	Critical
2026-07-11T14:47:40.578112+00:00	CONT-1004	Mango	Bengaluru	Delhi	13.36	82.14	0.154	2138.28	Low	Continue	Normal
2026-07-11T14:47:42.587054+00:00	CONT-1000	Banana	Bengaluru	Delhi	13.31	85.61	0.413	2138.26	Low	Continue	Normal
2026-07-11T14:47:42.591299+00:00	CONT-1003	Grapes	Bengaluru	Delhi	2.83	93.82	0.229	2126.52	High	Reroute	Critical
2026-07-11T14:47:42.594524+00:00	CONT-1004	Mango	Bengaluru	Delhi	13.36	81.81	0.123	2138.26	Low	Continue	Normal
2026-07-11T14:47:43.599871+00:00	CONT-1003	Grapes	Bengaluru	Delhi	2.79	93.89	0.217	2126.5	High	Reroute	Critical
2026-07-11T14:47:46.616742+00:00	CONT-1000	Banana	Bengaluru	Delhi	13.32	85.63	0.449	2138.22	Low	Continue	Normal
2026-07-11T14:47:47.630386+00:00	CONT-1001	Avocado	Bengaluru	Delhi	5.54	92.54	0.579	2126.42	High	Reroute	Critical
2026-07-11T14:47:48.638383+00:00	CONT-1001	Avocado	Bengaluru	Delhi	5.49	92.31	0.56	2126.4	High	Reroute	Critical
2026-07-11T14:47:48.640393+00:00	CONT-1002	Strawberry	Bengaluru	Delhi	43.23	82.94	0.599	2126.4	High	Reroute	Critical
2026-07-11T14:47:48.641906+00:00	CONT-1004	Mango	Bengaluru	Delhi	13.22	81.72	0.09	2138.2	Low	Continue	Normal
2026-07-11T14:47:50.652340+00:00	CONT-1000	Banana	Bengaluru	Delhi	13.06	85.29	0.466	2138.18	Low	Continue	Normal
2026-07-11T14:47:51.660390+00:00	CONT-1001	Avocado	Bengaluru	Delhi	5.53	92.24	0.573	2126.34	High	Reroute	Critical
2026-07-11T14:47:51.663899+00:00	CONT-1003	Grapes	Bengaluru	Delhi	2.32	94.47	0.212	2126.34	High	Reroute	Critical
2026-07-11T14:47:51.667037+00:00	CONT-1004	Mango	Bengaluru	Delhi	13.18	81.48	0.086	2138.17	Low	Continue	Normal
2026-07-11T14:47:52.671688+00:00	CONT-1002	Strawberry	Bengaluru	Delhi	43.35	82.17	0.58	2126.32	High	Reroute	Critical
2026-07-11T14:47:52.674099+00:00	CONT-1003	Grapes	Bengaluru	Delhi	2.35	94.36	0.229	2126.32	High	Reroute	Critical
2026-07-11T14:47:53.681775+00:00	CONT-1000	Banana	Bengaluru	Delhi	13.19	85.44	0.487	2138.15	Low	Continue	Normal
2026-07-11T14:47:54.694698+00:00	CONT-1001	Avocado	Bengaluru	Delhi	5.53	92.4	0.562	2126.28	High	Reroute	Critical
2026-07-11T14:47:54.700859+00:00	CONT-1004	Mango	Bengaluru	Delhi	13.23	81.45	0.054	2138.14	Medium	Continue	Warning
2026-07-11T14:47:55.706951+00:00	CONT-1003	Grapes	Bengaluru	Delhi	2.34	93.83	0.253	2126.26	High	Reroute	Critical
2026-07-11T14:47:56.710405+00:00	CONT-1001	Avocado	Bengaluru	Delhi	5.49	92.31	0.531	2126.24	High	Reroute	Critical
2026-07-11T14:47:56.714867+00:00	CONT-1004	Mango	Bengaluru	Delhi	13.14	81.48	0.072	2138.12	Medium	Continue	Warning
2026-07-11T14:47:57.717589+00:00	CONT-1000	Banana	Bengaluru	Delhi	13.43	84.88	0.484	2138.11	Low	Continue	Normal
2026-07-11T14:47:57.719140+00:00	CONT-1001	Avocado	Bengaluru	Delhi	5.38	92.67	0.523	2126.22	High	Reroute	Critical
2026-07-11T14:47:57.719891+00:00	CONT-1002	Strawberry	Bengaluru	Delhi	43.58	81.29	0.566	2126.22	High	Reroute	Critical
2026-07-11T14:48:00.744483+00:00	CONT-1001	Avocado	Bengaluru	Delhi	5.24	93.01	0.506	2126.16	High	Reroute	Critical
2026-07-11T14:48:00.745702+00:00	CONT-1002	Strawberry	Bengaluru	Delhi	43.7	81.58	0.532	2126.16	High	Reroute	Critical
2026-07-11T14:48:00.746548+00:00	CONT-1003	Grapes	Bengaluru	Delhi	2.46	94.03	0.279	2126.16	High	Reroute	Critical
2026-07-11T14:48:00.746956+00:00	CONT-1004	Mango	Bengaluru	Delhi	13.43	80.99	0.031	2138.08	Medium	Continue	Warning
2026-07-11T14:48:01.748706+00:00	CONT-1000	Banana	Bengaluru	Delhi	13.63	84.54	0.51	2138.07	Low	Continue	Warning
2026-07-11T14:48:01.750647+00:00	CONT-1001	Avocado	Bengaluru	Delhi	5.27	92.74	0.516	2126.14	High	Reroute	Critical
2026-07-11T14:48:01.751693+00:00	CONT-1002	Strawberry	Bengaluru	Delhi	43.75	81.43	0.52	2126.14	High	Reroute	Critical
2026-07-11T14:48:03.773824+00:00	CONT-1004	Mango	Bengaluru	Delhi	13.43	80.7	0.008	2138.05	Medium	Continue	Warning
2026-07-11T14:48:05.788400+00:00	CONT-1004	Mango	Bengaluru	Delhi	13.29	80.92	0.017	2138.03	Medium	Continue	Warning
2026-07-11T14:48:06.789747+00:00	CONT-1000	Banana	Bengaluru	Delhi	13.44	85.37	0.482	2138.02	Medium	Continue	Warning
2026-07-11T14:48:06.791501+00:00	CONT-1001	Avocado	Bengaluru	Delhi	5.38	92.55	0.549	2126.04	High	Reroute	Critical
2026-07-11T14:48:06.792192+00:00	CONT-1002	Strawberry	Bengaluru	Delhi	43.93	81.47	0.5	2126.04	High	Reroute	Critical
2026-07-11T14:48:06.792923+00:00	CONT-1003	Grapes	Bengaluru	Delhi	2.36	94.08	0.33	2126.04	High	Reroute	Critical
2026-07-11T14:48:07.794905+00:00	CONT-1000	Banana	Bengaluru	Delhi	13.41	85.39	0.499	2138.01	Medium	Continue	Warning
2026-07-11T14:48:07.797322+00:00	CONT-1002	Strawberry	Bengaluru	Delhi	43.96	81.08	0.481	2126.02	High	Reroute	Critical
2026-07-11T14:48:09.814291+00:00	CONT-1001	Avocado	Bengaluru	Delhi	5.52	92.14	0.564	2125.98	High	Reroute	Critical
2026-07-11T14:48:11.823945+00:00	CONT-1001	Avocado	Bengaluru	Delhi	5.28	91.88	0.562	2125.94	High	Reroute	Critical
2026-07-11T14:48:11.826651+00:00	CONT-1002	Strawberry	Bengaluru	Delhi	44.12	80.8	0.455	2125.94	High	Reroute	Critical
2026-07-11T14:48:11.829211+00:00	CONT-1004	Mango	Bengaluru	Delhi	13.29	80.83	0.008	2137.97	Medium	Continue	Warning
2026-07-11T14:48:12.834054+00:00	CONT-1002	Strawberry	Bengaluru	Delhi	44.15	81.04	0.459	2125.92	High	Reroute	Critical
2026-07-11T14:48:12.835700+00:00	CONT-1003	Grapes	Bengaluru	Delhi	2.73	94.35	0.285	2125.92	High	Reroute	Critical
2026-07-11T14:48:13.841461+00:00	CONT-1001	Avocado	Bengaluru	Delhi	5.2	91.52	0.581	2125.9	High	Reroute	Critical
2026-07-11T14:48:13.844412+00:00	CONT-1003	Grapes	Bengaluru	Delhi	2.71	93.97	0.276	2125.9	High	Reroute	Critical
2026-07-11T14:48:13.848540+00:00	CONT-1004	Mango	Bengaluru	Delhi	13.44	81.17	0	2137.95	Medium	Continue	Warning
2026-07-11T14:48:14.849580+00:00	CONT-1000	Banana	Bengaluru	Delhi	13.48	85.31	0.514	2137.94	Medium	Continue	Warning
2026-07-11T14:48:14.851666+00:00	CONT-1001	Avocado	Bengaluru	Delhi	5.06	91.68	0.573	2125.88	High	Reroute	Critical
2026-07-11T14:48:15.862611+00:00	CONT-1000	Banana	Bengaluru	Delhi	13.41	84.94	0.496	2137.93	Medium	Continue	Warning
2026-07-11T14:48:16.878258+00:00	CONT-1001	Avocado	Bengaluru	Delhi	5.03	91.01	0.57	2125.84	High	Reroute	Critical
2026-07-11T14:48:16.879805+00:00	CONT-1002	Strawberry	Bengaluru	Delhi	44.27	80.39	0.455	2125.84	High	Reroute	Critical
2026-07-11T14:48:16.885836+00:00	CONT-1004	Mango	Bengaluru	Delhi	13.44	80.56	0.005	2137.92	Medium	Continue	Warning
2026-07-11T14:48:17.890028+00:00	CONT-1001	Avocado	Bengaluru	Delhi	5.15	91.24	0.59	2125.82	High	Reroute	Critical
2026-07-11T14:48:17.894341+00:00	CONT-1004	Mango	Bengaluru	Delhi	13.41	80.8	0	2137.91	Medium	Continue	Warning
2026-07-11T14:48:18.898476+00:00	CONT-1001	Avocado	Bengaluru	Delhi	5.16	91.26	0.6	2125.8	High	Reroute	Critical
2026-07-11T14:48:18.899119+00:00	CONT-1002	Strawberry	Bengaluru	Delhi	44.36	80.21	0.463	2125.8	High	Reroute	Critical
2026-07-11T14:48:18.905111+00:00	CONT-1004	Mango	Bengaluru	Delhi	13.27	80.85	0.009	2137.9	High	Reroute	Critical
2026-07-11T14:48:19.912873+00:00	CONT-1001	Avocado	Bengaluru	Delhi	5.29	91.43	0.593	2125.78	High	Reroute	Critical
2026-07-11T14:48:20.919259+00:00	CONT-1001	Avocado	Bengaluru	Delhi	5.38	91.54	0.582	2125.76	High	Reroute	Critical
2026-07-11T14:48:21.923551+00:00	CONT-1000	Banana	Bengaluru	Delhi	13.22	85.26	0.481	2137.87	Medium	Continue	Warning
2026-07-11T14:48:22.933105+00:00	CONT-1003	Grapes	Bengaluru	Delhi	2.48	93.84	0.263	2125.72	High	Reroute	Critical
2026-07-11T14:48:23.941532+00:00	CONT-1004	Mango	Bengaluru	Delhi	13.39	81.14	0	2137.85	High	Reroute	Critical
2026-07-11T14:48:24.946620+00:00	CONT-1004	Mango	Bengaluru	Delhi	13.47	80.8	0.006	2137.84	High	Reroute	Critical
2026-07-11T14:48:25.949476+00:00	CONT-1000	Banana	Bengaluru	Delhi	13.25	85.66	0.496	2137.83	Medium	Continue	Warning
2026-07-11T14:48:27.967962+00:00	CONT-1001	Avocado	Bengaluru	Delhi	5.28	92.03	0.6	2125.62	High	Reroute	Critical
2026-07-11T14:48:27.968668+00:00	CONT-1002	Strawberry	Bengaluru	Delhi	44.72	80.53	0.6	2125.62	High	Reroute	Critical
2026-07-11T14:48:28.975431+00:00	CONT-1001	Avocado	Bengaluru	Delhi	5.22	92.24	0.593	2125.6	High	Reroute	Critical
2026-07-11T14:48:28.977209+00:00	CONT-1002	Strawberry	Bengaluru	Delhi	44.75	80.25	0.6	2125.6	High	Reroute	Critical
2026-07-11T14:48:28.977753+00:00	CONT-1003	Grapes	Bengaluru	Delhi	2.34	93.93	0.271	2125.6	High	Reroute	Critical
2026-07-11T14:48:29.981521+00:00	CONT-1000	Banana	Bengaluru	Delhi	13.04	85.78	0.458	2137.79	Medium	Continue	Warning
2026-07-11T14:48:29.991472+00:00	CONT-1001	Avocado	Bengaluru	Delhi	5.09	92.22	0.6	2125.58	High	Reroute	Critical
2026-07-11T14:48:29.992158+00:00	CONT-1002	Strawberry	Bengaluru	Delhi	44.78	80.36	0.596	2125.58	High	Reroute	Critical
2026-07-11T14:48:29.992544+00:00	CONT-1003	Grapes	Bengaluru	Delhi	2.35	93.55	0.281	2125.58	High	Reroute	Critical
2026-07-11T14:48:29.993006+00:00	CONT-1004	Mango	Bengaluru	Delhi	13.4	80.36	0	2137.79	High	Reroute	Critical
2026-07-11T14:48:30.995675+00:00	CONT-1001	Avocado	Bengaluru	Delhi	5.24	92.32	0.6	2125.56	High	Reroute	Critical
2026-07-11T14:48:30.996293+00:00	CONT-1002	Strawberry	Bengaluru	Delhi	44.81	80.03	0.597	2125.56	High	Reroute	Critical
2026-07-11T14:48:31.001068+00:00	CONT-1004	Mango	Bengaluru	Delhi	13.32	80.28	0.001	2137.78	High	Reroute	Critical
2026-07-11T14:48:32.005617+00:00	CONT-1002	Strawberry	Bengaluru	Delhi	44.84	80.22	0.6	2125.54	High	Reroute	Critical
2026-07-11T14:48:34.012968+00:00	CONT-1000	Banana	Bengaluru	Delhi	12.89	85.62	0.487	2137.75	Medium	Continue	Warning
2026-07-11T14:48:34.014878+00:00	CONT-1001	Avocado	Bengaluru	Delhi	4.94	92.65	0.595	2125.5	High	Reroute	Critical
2026-07-11T14:48:34.015495+00:00	CONT-1002	Strawberry	Bengaluru	Delhi	44.93	80.64	0.584	2125.5	High	Reroute	Critical
2026-07-11T14:48:35.018241+00:00	CONT-1000	Banana	Bengaluru	Delhi	12.75	85.68	0.501	2137.74	Medium	Continue	Warning
2026-07-11T14:48:35.020271+00:00	CONT-1001	Avocado	Bengaluru	Delhi	4.87	92.37	0.6	2125.48	High	Reroute	Critical
2026-07-11T14:48:35.022369+00:00	CONT-1002	Strawberry	Bengaluru	Delhi	44.96	80.31	0.582	2125.48	High	Reroute	Critical
2026-07-11T14:48:35.023908+00:00	CONT-1003	Grapes	Bengaluru	Delhi	2.3	93.36	0.252	2125.48	High	Reroute	Critical
2026-07-11T14:48:35.024347+00:00	CONT-1004	Mango	Bengaluru	Delhi	13.26	80.66	0	2137.74	High	Reroute	Critical
2026-07-11T14:48:36.025284+00:00	CONT-1000	Banana	Bengaluru	Delhi	12.8	85.76	0.494	2137.73	Medium	Continue	Warning
2026-07-11T14:48:36.030031+00:00	CONT-1003	Grapes	Bengaluru	Delhi	2.39	93.53	0.26	2125.46	High	Reroute	Critical
2026-07-11T14:48:37.043672+00:00	CONT-1004	Mango	Bengaluru	Delhi	13.28	80.66	0	2137.72	High	Reroute	Critical
2026-07-11T14:48:38.045765+00:00	CONT-1000	Banana	Bengaluru	Delhi	12.72	85.84	0.527	2137.71	Medium	Continue	Warning
2026-07-11T14:48:39.057509+00:00	CONT-1004	Mango	Bengaluru	Delhi	13.25	80.87	0.023	2137.7	High	Reroute	Critical
2026-07-11T14:48:40.060056+00:00	CONT-1000	Banana	Bengaluru	Delhi	12.68	85.76	0.547	2137.69	High	Reroute	Critical
2026-07-11T14:48:40.060859+00:00	CONT-1001	Avocado	Bengaluru	Delhi	4.75	92.25	0.589	2125.38	High	Reroute	Critical
2026-07-11T14:48:40.062978+00:00	CONT-1002	Strawberry	Bengaluru	Delhi	45.14	80.28	0.588	2125.38	High	Reroute	Critical
2026-07-11T14:48:40.064592+00:00	CONT-1004	Mango	Bengaluru	Delhi	13.34	80.48	0.039	2137.69	High	Reroute	Critical
2026-07-11T14:48:41.068453+00:00	CONT-1000	Banana	Bengaluru	Delhi	12.6	85.98	0.554	2137.68	High	Reroute	Critical
2026-07-11T14:48:43.090220+00:00	CONT-1002	Strawberry	Bengaluru	Delhi	45.24	80.79	0.572	2125.32	High	Reroute	Critical
2026-07-11T14:48:44.101569+00:00	CONT-1000	Banana	Bengaluru	Delhi	12.67	86.13	0.522	2137.65	High	Reroute	Critical
2026-07-11T14:48:44.106693+00:00	CONT-1003	Grapes	Bengaluru	Delhi	2.37	93.36	0.298	2125.3	High	Reroute	Critical
2026-07-11T14:48:45.116754+00:00	CONT-1001	Avocado	Bengaluru	Delhi	5.07	91.87	0.566	2125.28	High	Reroute	Critical
2026-07-11T14:48:46.124379+00:00	CONT-1001	Avocado	Bengaluru	Delhi	5.04	91.7	0.582	2125.26	High	Reroute	Critical
2026-07-11T14:48:46.125254+00:00	CONT-1002	Strawberry	Bengaluru	Delhi	45.35	80.25	0.55	2125.26	High	Reroute	Critical
2026-07-11T14:48:46.131199+00:00	CONT-1004	Mango	Bengaluru	Delhi	13.32	81.19	0.054	2137.63	High	Reroute	Critical
2026-07-11T14:28:00.299937+00:00	CONT-1001	Avocado	Bengaluru	Delhi	5.96	86.15	0.026	2149.98	Low	Continue	Normal
2026-07-11T14:28:00.307761+00:00	CONT-1002	Strawberry	Bengaluru	Delhi	0.89	89.4	0.016	2149.98	Low	Continue	Normal
2026-07-11T14:28:00.309361+00:00	CONT-1003	Grapes	Bengaluru	Delhi	1.21	88.31	0.035	2149.98	Low	Continue	Normal
2026-07-11T14:28:00.309779+00:00	CONT-1004	Mango	Bengaluru	Delhi	10.91	86.28	0.03	2149.99	Low	Continue	Normal
2026-07-11T14:28:01.311993+00:00	CONT-1001	Avocado	Bengaluru	Delhi	5.89	86.33	0.033	2149.96	Low	Continue	Normal
2026-07-11T14:28:01.316417+00:00	CONT-1004	Mango	Bengaluru	Delhi	10.83	86.35	0.032	2149.98	Low	Continue	Normal
2026-07-11T14:28:02.319772+00:00	CONT-1000	Banana	Bengaluru	Delhi	13.84	88.43	0.02	2149.97	Low	Continue	Normal
2026-07-11T14:28:02.322107+00:00	CONT-1001	Avocado	Bengaluru	Delhi	5.8	86.49	0.037	2149.94	Low	Continue	Normal
2026-07-11T14:28:02.324094+00:00	CONT-1003	Grapes	Bengaluru	Delhi	1.17	88.43	0.013	2149.94	Low	Continue	Normal
2026-07-11T14:28:03.328222+00:00	CONT-1000	Banana	Bengaluru	Delhi	13.7	88.25	0.037	2149.96	Low	Continue	Normal
2026-07-11T14:28:03.329053+00:00	CONT-1001	Avocado	Bengaluru	Delhi	5.68	86.38	0.036	2149.92	Low	Continue	Normal
2026-07-11T14:28:03.331217+00:00	CONT-1003	Grapes	Bengaluru	Delhi	1.15	88.54	0.026	2149.92	Low	Continue	Normal
2026-07-11T14:28:04.336943+00:00	CONT-1001	Avocado	Bengaluru	Delhi	5.77	86.23	0.05	2149.9	Low	Continue	Normal
2026-07-11T14:28:06.354470+00:00	CONT-1001	Avocado	Bengaluru	Delhi	5.89	86.03	0.043	2149.86	Low	Continue	Normal
2026-07-11T14:28:07.362406+00:00	CONT-1001	Avocado	Bengaluru	Delhi	5.76	86.23	0.038	2149.84	Low	Continue	Normal
2026-07-11T14:28:08.373581+00:00	CONT-1001	Avocado	Bengaluru	Delhi	5.63	86.34	0.049	2149.82	Low	Continue	Normal
2026-07-11T14:28:08.375946+00:00	CONT-1002	Strawberry	Bengaluru	Delhi	1.19	88.96	0.035	2149.82	Low	Continue	Normal
2026-07-11T14:28:08.377065+00:00	CONT-1003	Grapes	Bengaluru	Delhi	1.2	88.28	0.019	2149.82	Low	Continue	Normal
2026-07-11T14:28:09.379055+00:00	CONT-1000	Banana	Bengaluru	Delhi	13.38	88.23	0.046	2149.9	Low	Continue	Normal
2026-07-11T14:28:09.379982+00:00	CONT-1001	Avocado	Bengaluru	Delhi	5.78	86.6	0.061	2149.8	Low	Continue	Normal
2026-07-11T14:28:09.382458+00:00	CONT-1003	Grapes	Bengaluru	Delhi	1.09	88.17	0.02	2149.8	Low	Continue	Normal
2026-07-11T14:28:10.384786+00:00	CONT-1000	Banana	Bengaluru	Delhi	13.46	88.17	0.031	2149.89	Low	Continue	Normal
2026-07-11T14:28:10.385754+00:00	CONT-1001	Avocado	Bengaluru	Delhi	5.81	86.77	0.062	2149.78	Low	Continue	Normal
2026-07-11T14:28:10.390279+00:00	CONT-1003	Grapes	Bengaluru	Delhi	1.15	88.04	0.031	2149.78	Low	Continue	Normal
2026-07-11T14:28:13.409816+00:00	CONT-1004	Mango	Bengaluru	Delhi	10.86	83.93	0.046	2149.86	Low	Continue	Normal
2026-07-11T14:28:14.411727+00:00	CONT-1000	Banana	Bengaluru	Delhi	13.14	89.58	0	2149.85	Low	Continue	Normal
2026-07-11T14:28:14.412581+00:00	CONT-1001	Avocado	Bengaluru	Delhi	5.82	88.06	0.068	2149.7	Low	Continue	Normal
2026-07-11T14:28:14.412927+00:00	CONT-1002	Strawberry	Bengaluru	Delhi	1.41	88.57	0.567	2149.7	Low	Continue	Warning
2026-07-11T14:28:14.415686+00:00	CONT-1004	Mango	Bengaluru	Delhi	10.89	83.98	0.054	2149.85	Low	Continue	Normal
2026-07-11T14:28:15.419638+00:00	CONT-1001	Avocado	Bengaluru	Delhi	5.87	88.17	0.068	2149.68	Low	Continue	Normal
2026-07-11T14:28:17.435805+00:00	CONT-1000	Banana	Bengaluru	Delhi	13.32	89.88	0.021	2149.82	Low	Continue	Normal
2026-07-11T14:28:17.436630+00:00	CONT-1001	Avocado	Bengaluru	Delhi	5.93	88.88	0.063	2149.64	Low	Continue	Normal
2026-07-11T14:28:18.445299+00:00	CONT-1000	Banana	Bengaluru	Delhi	13.22	89.67	0.016	2149.81	Low	Continue	Normal
2026-07-11T14:28:18.449179+00:00	CONT-1003	Grapes	Bengaluru	Delhi	1.25	88.89	0.067	2149.62	Low	Continue	Normal
2026-07-11T14:28:18.450220+00:00	CONT-1004	Mango	Bengaluru	Delhi	10.97	83.82	0.027	2149.81	Low	Continue	Normal
2026-07-11T14:28:19.451460+00:00	CONT-1000	Banana	Bengaluru	Delhi	13.09	90.03	0	2149.8	Low	Continue	Normal
2026-07-11T14:28:19.454715+00:00	CONT-1002	Strawberry	Bengaluru	Delhi	1.59	88.24	0.577	2149.6	Medium	Continue	Warning
2026-07-11T14:28:19.455343+00:00	CONT-1003	Grapes	Bengaluru	Delhi	1.26	88.71	0.083	2149.6	Low	Continue	Normal
2026-07-11T14:28:19.455844+00:00	CONT-1004	Mango	Bengaluru	Delhi	11.09	83.79	0.037	2149.8	Low	Continue	Normal
2026-07-11T14:28:20.457090+00:00	CONT-1000	Banana	Bengaluru	Delhi	12.96	89.67	0	2149.79	Low	Continue	Normal
2026-07-11T14:28:20.459455+00:00	CONT-1002	Strawberry	Bengaluru	Delhi	1.64	88.03	0.585	2149.58	Medium	Continue	Warning
2026-07-11T14:28:21.467967+00:00	CONT-1001	Avocado	Bengaluru	Delhi	5.7	88.91	0.072	2149.56	Low	Continue	Normal
2026-07-11T14:28:21.471045+00:00	CONT-1003	Grapes	Bengaluru	Delhi	1.19	89.3	0.097	2149.56	Low	Continue	Normal
2026-07-11T14:28:21.472315+00:00	CONT-1004	Mango	Bengaluru	Delhi	11.16	84.2	0.041	2149.78	Low	Continue	Normal
2026-07-11T14:28:24.489542+00:00	CONT-1003	Grapes	Bengaluru	Delhi	1.04	89.89	0.124	2149.5	Low	Continue	Normal
2026-07-11T14:28:24.489972+00:00	CONT-1004	Mango	Bengaluru	Delhi	11.32	83.93	0.059	2149.75	Low	Continue	Normal
2026-07-11T14:28:25.492077+00:00	CONT-1001	Avocado	Bengaluru	Delhi	5.48	88.21	0.061	2149.48	Low	Continue	Normal
2026-07-11T14:28:25.493676+00:00	CONT-1002	Strawberry	Bengaluru	Delhi	1.82	88.31	0.571	2149.48	High	Reroute	Critical
2026-07-11T14:28:25.495318+00:00	CONT-1003	Grapes	Bengaluru	Delhi	1.1	90.23	0.109	2149.48	Low	Continue	Normal
2026-07-11T14:28:26.501021+00:00	CONT-1002	Strawberry	Bengaluru	Delhi	1.87	88.22	0.587	2149.46	High	Reroute	Critical
2026-07-11T14:28:27.507658+00:00	CONT-1000	Banana	Bengaluru	Delhi	12.73	89.65	0.021	2149.72	Low	Continue	Normal
2026-07-11T14:28:27.509645+00:00	CONT-1001	Avocado	Bengaluru	Delhi	5.49	87.9	0.073	2149.44	Low	Continue	Normal
2026-07-11T14:28:27.510575+00:00	CONT-1002	Strawberry	Bengaluru	Delhi	1.91	87.89	0.594	2149.44	High	Reroute	Critical
2026-07-11T14:28:29.522501+00:00	CONT-1001	Avocado	Bengaluru	Delhi	5.27	88.11	0.101	2149.4	Low	Continue	Normal
2026-07-11T14:28:30.529728+00:00	CONT-1000	Banana	Bengaluru	Delhi	12.9	89.09	0.004	2149.69	Low	Continue	Normal
2026-07-11T14:28:30.534740+00:00	CONT-1004	Mango	Bengaluru	Delhi	10.95	84.11	0.024	2149.69	Low	Continue	Normal
2026-07-11T14:28:31.542006+00:00	CONT-1004	Mango	Bengaluru	Delhi	10.89	84.37	0.025	2149.68	Low	Continue	Normal
2026-07-11T14:28:32.543041+00:00	CONT-1000	Banana	Bengaluru	Delhi	13.11	88.87	0.003	2149.67	Low	Continue	Normal
2026-07-11T14:28:32.545108+00:00	CONT-1001	Avocado	Bengaluru	Delhi	5.56	88.5	0.146	2149.34	Low	Continue	Normal
2026-07-11T14:28:32.545798+00:00	CONT-1002	Strawberry	Bengaluru	Delhi	2.07	87.97	0.6	2149.34	High	Reroute	Critical
2026-07-11T14:28:32.546791+00:00	CONT-1004	Mango	Bengaluru	Delhi	10.9	84.48	0.006	2149.67	Low	Continue	Normal
2026-07-11T14:28:33.553140+00:00	CONT-1002	Strawberry	Bengaluru	Delhi	2.11	88.03	0.6	2149.32	High	Reroute	Critical
2026-07-11T14:28:34.561016+00:00	CONT-1000	Banana	Bengaluru	Delhi	13.09	88.6	0.002	2149.65	Low	Continue	Normal
2026-07-11T14:28:35.571672+00:00	CONT-1003	Grapes	Bengaluru	Delhi	1.42	90.68	0.094	2149.28	Low	Continue	Normal
2026-07-11T14:28:35.577548+00:00	CONT-1004	Mango	Bengaluru	Delhi	10.77	83.77	0	2149.64	Low	Continue	Normal
2026-07-11T14:28:37.597613+00:00	CONT-1003	Grapes	Bengaluru	Delhi	1.59	91.04	0.101	2149.24	Low	Continue	Normal
2026-07-11T14:28:37.598126+00:00	CONT-1004	Mango	Bengaluru	Delhi	10.74	83.24	0.002	2149.62	Low	Continue	Normal
2026-07-11T14:28:38.599156+00:00	CONT-1000	Banana	Bengaluru	Delhi	12.77	88.98	0.037	2149.61	Low	Continue	Normal
2026-07-11T14:28:39.612265+00:00	CONT-1002	Strawberry	Bengaluru	Delhi	2.33	87.42	0.6	2149.2	High	Reroute	Critical
2026-07-11T14:28:40.619022+00:00	CONT-1000	Banana	Bengaluru	Delhi	12.48	89.26	0.036	2149.59	Low	Continue	Normal
2026-07-11T14:28:40.622037+00:00	CONT-1002	Strawberry	Bengaluru	Delhi	2.38	87.49	0.6	2149.18	High	Reroute	Critical
2026-07-11T14:28:40.623080+00:00	CONT-1003	Grapes	Bengaluru	Delhi	1.74	90.49	0.125	2149.18	Low	Continue	Normal
2026-07-11T14:28:41.629545+00:00	CONT-1001	Avocado	Bengaluru	Delhi	5.64	89.33	0.169	2149.16	Low	Continue	Normal
2026-07-11T14:28:42.638269+00:00	CONT-1003	Grapes	Bengaluru	Delhi	1.78	90.51	0.096	2149.14	Low	Continue	Normal
2026-07-11T14:28:43.643782+00:00	CONT-1003	Grapes	Bengaluru	Delhi	1.65	90.14	0.112	2149.12	Low	Continue	Normal
2026-07-11T14:28:44.646894+00:00	CONT-1000	Banana	Bengaluru	Delhi	12.26	89.27	0.02	2149.55	Medium	Continue	Warning
2026-07-11T14:28:44.648899+00:00	CONT-1001	Avocado	Bengaluru	Delhi	5.41	89.09	0.207	2149.1	Low	Continue	Normal
2026-07-11T14:28:47.663337+00:00	CONT-1000	Banana	Bengaluru	Delhi	12.09	89.55	0.019	2149.52	Medium	Continue	Warning
2026-07-11T14:28:48.670482+00:00	CONT-1001	Avocado	Bengaluru	Delhi	5.58	89.85	0.194	2149.02	Low	Continue	Normal
2026-07-11T14:28:48.673103+00:00	CONT-1003	Grapes	Bengaluru	Delhi	1.75	89.6	0.093	2149.02	Low	Continue	Normal
2026-07-11T14:28:48.673922+00:00	CONT-1004	Mango	Bengaluru	Delhi	10.22	82.61	0.02	2149.51	Low	Continue	Normal
2026-07-11T14:28:49.677505+00:00	CONT-1001	Avocado	Bengaluru	Delhi	5.72	89.77	0.201	2149	Low	Continue	Normal
2026-07-11T14:28:51.690027+00:00	CONT-1000	Banana	Bengaluru	Delhi	12.01	89.97	0.035	2149.48	Medium	Continue	Warning
2026-07-11T14:28:51.694003+00:00	CONT-1002	Strawberry	Bengaluru	Delhi	2.78	86.5	0.581	2148.96	High	Reroute	Critical
2026-07-11T14:28:51.695773+00:00	CONT-1004	Mango	Bengaluru	Delhi	10.1	82.2	0.014	2149.48	Low	Continue	Normal
2026-07-11T14:28:52.698685+00:00	CONT-1001	Avocado	Bengaluru	Delhi	5.58	89.54	0.24	2148.94	Low	Continue	Normal
2026-07-11T14:28:53.707660+00:00	CONT-1002	Strawberry	Bengaluru	Delhi	2.84	86.87	0.569	2148.92	High	Reroute	Critical
2026-07-11T14:28:53.708493+00:00	CONT-1004	Mango	Bengaluru	Delhi	10.02	82.72	0	2149.46	Low	Continue	Normal
2026-07-11T14:28:54.711665+00:00	CONT-1000	Banana	Bengaluru	Delhi	12.07	89.83	0.002	2149.45	High	Reroute	Critical
2026-07-11T14:28:55.725354+00:00	CONT-1004	Mango	Bengaluru	Delhi	9.97	82.59	0	2149.44	Low	Continue	Normal
2026-07-11T14:28:56.729001+00:00	CONT-1000	Banana	Bengaluru	Delhi	12.05	89.71	0.026	2149.43	High	Reroute	Critical
2026-07-11T14:28:56.733147+00:00	CONT-1003	Grapes	Bengaluru	Delhi	1.93	89.97	0.083	2148.86	Low	Continue	Normal
2026-07-11T14:28:57.735306+00:00	CONT-1000	Banana	Bengaluru	Delhi	12.15	89.37	0.006	2149.42	High	Reroute	Critical
2026-07-11T14:28:57.738324+00:00	CONT-1002	Strawberry	Bengaluru	Delhi	2.97	87.16	0.542	2148.84	High	Reroute	Critical
2026-07-11T14:28:58.746508+00:00	CONT-1001	Avocado	Bengaluru	Delhi	5.73	89.8	0.259	2148.82	Low	Continue	Normal
2026-07-11T14:28:58.752377+00:00	CONT-1003	Grapes	Bengaluru	Delhi	2.04	89.91	0.079	2148.82	Low	Continue	Normal
2026-07-11T14:28:58.755629+00:00	CONT-1004	Mango	Bengaluru	Delhi	10.01	82.08	0.026	2149.41	Low	Continue	Normal
2026-07-11T14:28:59.757612+00:00	CONT-1000	Banana	Bengaluru	Delhi	12.28	89.55	0.005	2149.4	High	Reroute	Critical
2026-07-11T14:28:59.758646+00:00	CONT-1001	Avocado	Bengaluru	Delhi	5.83	89.55	0.255	2148.8	Low	Continue	Normal
2026-07-11T14:28:59.761563+00:00	CONT-1003	Grapes	Bengaluru	Delhi	2.11	89.75	0.09	2148.8	Low	Continue	Normal
2026-07-11T14:28:59.761982+00:00	CONT-1004	Mango	Bengaluru	Delhi	9.97	82	0.027	2149.4	Low	Continue	Normal
2026-07-11T14:29:00.763401+00:00	CONT-1000	Banana	Bengaluru	Delhi	12.17	89.55	0.009	2149.39	High	Reroute	Critical
2026-07-11T14:29:00.767183+00:00	CONT-1003	Grapes	Bengaluru	Delhi	2.12	89.65	0.09	2148.78	Low	Continue	Normal
2026-07-11T14:29:00.767806+00:00	CONT-1004	Mango	Bengaluru	Delhi	9.82	81.66	0.016	2149.39	Low	Continue	Normal
2026-07-11T14:29:01.769604+00:00	CONT-1001	Avocado	Bengaluru	Delhi	5.89	89.7	0.268	2148.76	Low	Continue	Normal
2026-07-11T14:29:02.776391+00:00	CONT-1002	Strawberry	Bengaluru	Delhi	3.14	87.52	0.571	2148.74	High	Reroute	Critical
2026-07-11T14:29:03.788914+00:00	CONT-1003	Grapes	Bengaluru	Delhi	1.93	90.13	0.084	2148.72	Low	Continue	Normal
2026-07-11T14:29:04.793834+00:00	CONT-1000	Banana	Bengaluru	Delhi	12.07	89.08	0.017	2149.35	High	Reroute	Critical
2026-07-11T14:29:04.796971+00:00	CONT-1002	Strawberry	Bengaluru	Delhi	3.21	87.99	0.579	2148.7	High	Reroute	Critical
2026-07-11T14:29:04.797630+00:00	CONT-1003	Grapes	Bengaluru	Delhi	1.93	90.14	0.098	2148.7	Low	Continue	Normal
2026-07-11T14:29:05.800405+00:00	CONT-1000	Banana	Bengaluru	Delhi	12.03	89.33	0.015	2149.34	High	Reroute	Critical
2026-07-11T14:29:05.802787+00:00	CONT-1001	Avocado	Bengaluru	Delhi	5.99	90.22	0.271	2148.68	Low	Continue	Normal
2026-07-11T14:29:05.803610+00:00	CONT-1002	Strawberry	Bengaluru	Delhi	3.25	88.29	0.561	2148.68	High	Reroute	Critical
2026-07-11T14:29:05.804597+00:00	CONT-1004	Mango	Bengaluru	Delhi	10.22	81.17	0.039	2149.34	Low	Continue	Normal
2026-07-11T14:29:06.808668+00:00	CONT-1001	Avocado	Bengaluru	Delhi	5.92	90.1	0.289	2148.66	Low	Continue	Normal
2026-07-11T14:29:08.835275+00:00	CONT-1002	Strawberry	Bengaluru	Delhi	3.39	88.08	0.511	2148.62	High	Reroute	Critical
2026-07-11T14:29:08.837206+00:00	CONT-1003	Grapes	Bengaluru	Delhi	2.09	90	0.087	2148.62	Low	Continue	Normal
2026-07-11T14:29:09.839259+00:00	CONT-1000	Banana	Bengaluru	Delhi	12.04	89.61	0.004	2149.3	High	Reroute	Critical
2026-07-11T14:29:10.889427+00:00	CONT-1004	Mango	Bengaluru	Delhi	10.1	82.08	0.04	2149.29	Low	Continue	Normal
2026-07-11T14:29:11.897773+00:00	CONT-1000	Banana	Bengaluru	Delhi	12.28	89.76	0.018	2149.28	High	Reroute	Critical
2026-07-11T14:29:11.899728+00:00	CONT-1001	Avocado	Bengaluru	Delhi	6.12	90.71	0.332	2148.56	Low	Continue	Normal
2026-07-11T14:29:11.901637+00:00	CONT-1003	Grapes	Bengaluru	Delhi	2.04	90.3	0.074	2148.56	Low	Continue	Normal
2026-07-11T14:29:11.902075+00:00	CONT-1004	Mango	Bengaluru	Delhi	10.08	82.04	0.021	2149.28	Low	Continue	Normal
2026-07-11T14:29:13.909791+00:00	CONT-1000	Banana	Bengaluru	Delhi	12.36	89.75	0.048	2149.26	High	Reroute	Critical
2026-07-11T14:29:14.917055+00:00	CONT-1000	Banana	Bengaluru	Delhi	12.4	89.63	0.059	2149.25	High	Reroute	Critical
2026-07-11T14:29:14.920864+00:00	CONT-1002	Strawberry	Bengaluru	Delhi	3.62	87.33	0.498	2148.5	High	Reroute	Critical
2026-07-11T14:29:14.921559+00:00	CONT-1003	Grapes	Bengaluru	Delhi	2.11	90.44	0.078	2148.5	Low	Continue	Normal
2026-07-11T14:29:14.922014+00:00	CONT-1004	Mango	Bengaluru	Delhi	10.07	82.07	0.018	2149.25	Low	Continue	Normal
2026-07-11T14:29:15.924924+00:00	CONT-1001	Avocado	Bengaluru	Delhi	5.97	90.11	0.353	2148.48	Low	Continue	Normal
2026-07-11T14:29:16.933988+00:00	CONT-1002	Strawberry	Bengaluru	Delhi	3.7	87.1	0.482	2148.46	High	Reroute	Critical
2026-07-11T14:29:17.943166+00:00	CONT-1002	Strawberry	Bengaluru	Delhi	3.73	86.89	0.487	2148.44	High	Reroute	Critical
2026-07-11T14:29:17.945041+00:00	CONT-1003	Grapes	Bengaluru	Delhi	2.11	90.93	0.04	2148.44	Low	Continue	Normal
2026-07-11T14:29:17.949555+00:00	CONT-1004	Mango	Bengaluru	Delhi	10.04	82.37	0.008	2149.22	Low	Continue	Normal
2026-07-11T14:29:20.964165+00:00	CONT-1001	Avocado	Bengaluru	Delhi	5.81	90.07	0.367	2148.38	Low	Continue	Normal
2026-07-11T14:29:22.979972+00:00	CONT-1001	Avocado	Bengaluru	Delhi	5.86	90.25	0.377	2148.34	Low	Continue	Normal
2026-07-11T14:29:23.986488+00:00	CONT-1000	Banana	Bengaluru	Delhi	12.53	89.97	0.07	2149.16	High	Reroute	Critical
2026-07-11T14:29:24.994423+00:00	CONT-1000	Banana	Bengaluru	Delhi	12.58	90.15	0.061	2149.15	High	Reroute	Critical
2026-07-11T14:29:24.995278+00:00	CONT-1001	Avocado	Bengaluru	Delhi	5.86	90.52	0.355	2148.3	Low	Continue	Normal
2026-07-11T14:29:24.996871+00:00	CONT-1002	Strawberry	Bengaluru	Delhi	4	86.91	1.122	2148.3	High	Reroute	Critical
2026-07-11T14:29:24.997225+00:00	CONT-1003	Grapes	Bengaluru	Delhi	2.23	91.6	0.019	2148.3	Low	Continue	Normal
2026-07-11T14:29:27.008945+00:00	CONT-1002	Strawberry	Bengaluru	Delhi	4.08	86.72	0.596	2148.26	High	Reroute	Critical
2026-07-11T14:29:27.013718+00:00	CONT-1003	Grapes	Bengaluru	Delhi	2.29	91.44	0.049	2148.26	Low	Continue	Normal
2026-07-11T14:29:27.015498+00:00	CONT-1004	Mango	Bengaluru	Delhi	9.88	81.56	0.046	2149.13	Low	Continue	Normal
2026-07-11T14:29:28.043019+00:00	CONT-1004	Mango	Bengaluru	Delhi	9.91	81.7	0.05	2149.12	Low	Continue	Normal
2026-07-11T14:29:29.045902+00:00	CONT-1000	Banana	Bengaluru	Delhi	12.37	89.37	0.027	2149.11	High	Reroute	Critical
2026-07-11T14:29:30.056670+00:00	CONT-1002	Strawberry	Bengaluru	Delhi	4.17	86.39	0.6	2148.2	High	Reroute	Critical
2026-07-11T14:29:31.067614+00:00	CONT-1002	Strawberry	Bengaluru	Delhi	4.21	86.01	0.589	2148.18	High	Reroute	Critical
2026-07-11T14:29:32.077823+00:00	CONT-1004	Mango	Bengaluru	Delhi	9.88	82.15	0.071	2149.08	Low	Continue	Normal
2026-07-11T14:29:33.086899+00:00	CONT-1004	Mango	Bengaluru	Delhi	9.9	81.89	0.091	2149.07	Low	Continue	Normal
2026-07-11T14:29:34.090905+00:00	CONT-1001	Avocado	Bengaluru	Delhi	5.88	90.75	0.41	2148.12	Low	Continue	Normal
2026-07-11T14:29:35.099916+00:00	CONT-1002	Strawberry	Bengaluru	Delhi	4.34	85.81	0.904	2148.1	High	Reroute	Critical
2026-07-11T14:29:36.103417+00:00	CONT-1000	Banana	Bengaluru	Delhi	12.26	89.66	0.028	2149.04	High	Reroute	Critical
2026-07-11T14:29:37.115203+00:00	CONT-1001	Avocado	Bengaluru	Delhi	5.99	91.08	0.437	2148.06	Low	Continue	Normal
2026-07-11T14:29:37.116595+00:00	CONT-1002	Strawberry	Bengaluru	Delhi	4.41	85.65	0.6	2148.06	High	Reroute	Critical
2026-07-11T14:29:39.129148+00:00	CONT-1000	Banana	Bengaluru	Delhi	12.15	89.87	0.042	2149.01	High	Reroute	Critical
2026-07-11T14:29:39.132963+00:00	CONT-1003	Grapes	Bengaluru	Delhi	2.34	90.75	0.037	2148.02	Medium	Continue	Warning
2026-07-11T14:29:40.137894+00:00	CONT-1000	Banana	Bengaluru	Delhi	12.25	89.66	0.042	2149	High	Reroute	Critical
2026-07-11T14:29:40.142803+00:00	CONT-1003	Grapes	Bengaluru	Delhi	2.38	90.76	0.021	2148	Medium	Continue	Warning
2026-07-11T14:29:40.143338+00:00	CONT-1004	Mango	Bengaluru	Delhi	9.68	82.74	0.067	2149	Low	Continue	Normal
2026-07-11T14:29:42.153485+00:00	CONT-1002	Strawberry	Bengaluru	Delhi	4.58	85.92	0.593	2147.96	High	Reroute	Critical
2026-07-11T14:29:42.154007+00:00	CONT-1003	Grapes	Bengaluru	Delhi	2.44	90.77	0.036	2147.96	Medium	Continue	Warning
2026-07-11T14:29:43.158149+00:00	CONT-1001	Avocado	Bengaluru	Delhi	6.03	90.41	0.464	2147.94	Low	Continue	Normal
2026-07-11T14:29:43.165212+00:00	CONT-1002	Strawberry	Bengaluru	Delhi	4.62	85.71	0.6	2147.94	High	Reroute	Critical
2026-07-11T14:29:43.165883+00:00	CONT-1003	Grapes	Bengaluru	Delhi	2.29	90.78	0.051	2147.94	Medium	Continue	Warning
2026-07-11T14:29:45.180922+00:00	CONT-1003	Grapes	Bengaluru	Delhi	2.13	91.16	0.049	2147.9	Medium	Continue	Warning
2026-07-11T14:29:46.188678+00:00	CONT-1003	Grapes	Bengaluru	Delhi	2	90.81	0.055	2147.88	Medium	Continue	Warning
2026-07-11T14:29:48.201706+00:00	CONT-1001	Avocado	Bengaluru	Delhi	5.7	89.61	0.427	2147.84	Low	Continue	Normal
2026-07-11T14:29:48.204530+00:00	CONT-1003	Grapes	Bengaluru	Delhi	1.87	90.54	0.037	2147.84	Medium	Continue	Warning
2026-07-11T14:29:49.208017+00:00	CONT-1000	Banana	Bengaluru	Delhi	12.3	89.8	0.078	2148.91	High	Reroute	Critical
2026-07-11T14:29:49.213842+00:00	CONT-1004	Mango	Bengaluru	Delhi	9.07	82.41	0.047	2148.91	Medium	Continue	Warning
2026-07-11T14:29:50.216141+00:00	CONT-1001	Avocado	Bengaluru	Delhi	5.8	89.51	0.409	2147.8	Low	Continue	Normal
2026-07-11T14:29:50.218251+00:00	CONT-1002	Strawberry	Bengaluru	Delhi	4.86	85.28	0.6	2147.8	High	Reroute	Critical
2026-07-11T14:29:50.219041+00:00	CONT-1003	Grapes	Bengaluru	Delhi	1.87	91.26	0.056	2147.8	Medium	Continue	Warning
2026-07-11T14:29:52.226408+00:00	CONT-1000	Banana	Bengaluru	Delhi	12.03	90.34	0.055	2148.88	High	Reroute	Critical
2026-07-11T14:29:52.228854+00:00	CONT-1002	Strawberry	Bengaluru	Delhi	4.95	85.6	1.028	2147.76	High	Reroute	Critical
2026-07-11T14:29:54.237855+00:00	CONT-1001	Avocado	Bengaluru	Delhi	5.74	89.6	0.407	2147.72	Low	Continue	Normal
2026-07-11T14:29:56.252677+00:00	CONT-1000	Banana	Bengaluru	Delhi	12.11	89.74	0.032	2148.84	High	Reroute	Critical
2026-07-11T14:29:57.262133+00:00	CONT-1004	Mango	Bengaluru	Delhi	9.24	82.87	0	2148.83	High	Reroute	Critical
2026-07-11T14:29:58.265101+00:00	CONT-1000	Banana	Bengaluru	Delhi	12.04	90.12	0.003	2148.82	High	Reroute	Critical
2026-07-11T14:29:58.270583+00:00	CONT-1002	Strawberry	Bengaluru	Delhi	5.15	85.67	0.59	2147.64	High	Reroute	Critical
2026-07-11T14:29:58.278279+00:00	CONT-1003	Grapes	Bengaluru	Delhi	1.8	90.96	0.111	2147.64	Low	Continue	Normal
2026-07-11T14:29:59.295447+00:00	CONT-1004	Mango	Bengaluru	Delhi	9.41	82.56	0.011	2148.81	High	Reroute	Critical
2026-07-11T14:30:00.297871+00:00	CONT-1001	Avocado	Bengaluru	Delhi	5.54	90.26	0.38	2147.6	Low	Continue	Normal
2026-07-11T14:30:00.303388+00:00	CONT-1004	Mango	Bengaluru	Delhi	9.27	82.59	0	2148.8	High	Reroute	Critical
2026-07-11T14:30:01.305794+00:00	CONT-1000	Banana	Bengaluru	Delhi	12	91	0.021	2148.79	High	Reroute	Critical
2026-07-11T14:30:01.308860+00:00	CONT-1002	Strawberry	Bengaluru	Delhi	5.25	85.46	0.568	2147.58	High	Reroute	Critical
2026-07-11T14:30:01.311289+00:00	CONT-1004	Mango	Bengaluru	Delhi	9.21	82.68	0.008	2148.79	High	Reroute	Critical
2026-07-11T14:30:02.313879+00:00	CONT-1001	Avocado	Bengaluru	Delhi	5.47	90.45	0.384	2147.56	Low	Continue	Normal
2026-07-11T14:30:03.320090+00:00	CONT-1000	Banana	Bengaluru	Delhi	12.07	90.66	0.043	2148.77	High	Reroute	Critical
2026-07-11T14:30:03.324142+00:00	CONT-1003	Grapes	Bengaluru	Delhi	1.74	90.67	0.092	2147.54	Low	Continue	Normal
2026-07-11T14:30:04.328604+00:00	CONT-1001	Avocado	Bengaluru	Delhi	5.34	90.59	0.371	2147.52	Low	Continue	Normal
2026-07-11T14:30:05.332768+00:00	CONT-1000	Banana	Bengaluru	Delhi	12.13	90.83	0.073	2148.75	High	Reroute	Critical
2026-07-11T14:30:05.335687+00:00	CONT-1002	Strawberry	Bengaluru	Delhi	5.39	86.22	0.571	2147.5	High	Reroute	Critical
2026-07-11T14:30:05.337445+00:00	CONT-1003	Grapes	Bengaluru	Delhi	1.54	90.66	0.08	2147.5	Low	Continue	Normal
2026-07-11T14:30:06.339494+00:00	CONT-1000	Banana	Bengaluru	Delhi	12.23	90.95	0.069	2148.74	High	Reroute	Critical
2026-07-11T14:30:07.353446+00:00	CONT-1002	Strawberry	Bengaluru	Delhi	5.48	86.81	0.596	2147.46	High	Reroute	Critical
2026-07-11T14:30:07.357829+00:00	CONT-1004	Mango	Bengaluru	Delhi	9.41	82.81	0.001	2148.73	High	Reroute	Critical
2026-07-11T14:30:08.372801+00:00	CONT-1001	Avocado	Bengaluru	Delhi	5.34	90.33	0.396	2147.44	Low	Continue	Normal
2026-07-11T14:30:10.384448+00:00	CONT-1000	Banana	Bengaluru	Delhi	12.38	91.39	0.053	2148.7	High	Reroute	Critical
2026-07-11T14:30:10.386303+00:00	CONT-1001	Avocado	Bengaluru	Delhi	5.32	90.21	0.426	2147.4	Low	Continue	Normal
2026-07-11T14:30:10.388213+00:00	CONT-1003	Grapes	Bengaluru	Delhi	1.34	91.71	0.028	2147.4	Low	Continue	Normal
2026-07-11T14:30:10.390530+00:00	CONT-1004	Mango	Bengaluru	Delhi	9.37	83.06	0.037	2148.7	High	Reroute	Critical
2026-07-11T14:30:11.391766+00:00	CONT-1000	Banana	Bengaluru	Delhi	12.4	91.53	0.073	2148.69	High	Reroute	Critical
2026-07-11T14:30:11.392745+00:00	CONT-1001	Avocado	Bengaluru	Delhi	5.21	90.48	0.409	2147.38	Low	Continue	Normal
2026-07-11T14:30:11.394267+00:00	CONT-1002	Strawberry	Bengaluru	Delhi	5.59	87.12	0.559	2147.38	High	Reroute	Critical
2026-07-11T14:30:11.394754+00:00	CONT-1003	Grapes	Bengaluru	Delhi	1.46	91.7	0.039	2147.38	Low	Continue	Normal
2026-07-11T14:30:12.396981+00:00	CONT-1000	Banana	Bengaluru	Delhi	12.41	91.14	0.063	2148.68	High	Reroute	Critical
2026-07-11T14:30:12.401317+00:00	CONT-1003	Grapes	Bengaluru	Delhi	1.5	91.62	0.023	2147.36	Low	Continue	Normal
2026-07-11T14:30:12.402270+00:00	CONT-1004	Mango	Bengaluru	Delhi	9.14	83.31	0.033	2148.68	High	Reroute	Critical
2026-07-11T14:30:13.404218+00:00	CONT-1000	Banana	Bengaluru	Delhi	12.45	90.79	0.061	2148.67	High	Reroute	Critical
2026-07-11T14:30:13.406089+00:00	CONT-1001	Avocado	Bengaluru	Delhi	5.21	90.44	0.425	2147.34	Low	Continue	Normal
2026-07-11T14:30:13.406705+00:00	CONT-1002	Strawberry	Bengaluru	Delhi	5.67	87.18	0.552	2147.34	High	Reroute	Critical
2026-07-11T14:30:13.407076+00:00	CONT-1003	Grapes	Bengaluru	Delhi	1.64	91.42	0.033	2147.34	Low	Continue	Normal
2026-07-11T14:30:13.407563+00:00	CONT-1004	Mango	Bengaluru	Delhi	9.21	83.28	0.024	2148.67	High	Reroute	Critical
2026-07-11T14:30:14.414081+00:00	CONT-1004	Mango	Bengaluru	Delhi	9.33	83.05	0.024	2148.66	High	Reroute	Critical
2026-07-11T14:30:15.415706+00:00	CONT-1000	Banana	Bengaluru	Delhi	12.51	91.36	0.039	2148.65	High	Reroute	Critical
2026-07-11T14:30:15.417893+00:00	CONT-1002	Strawberry	Bengaluru	Delhi	5.75	87.79	1.3	2147.3	High	Reroute	Critical
2026-07-11T14:30:15.420068+00:00	CONT-1003	Grapes	Bengaluru	Delhi	1.6	91.26	0.037	2147.3	Low	Continue	Normal
2026-07-11T14:30:15.420705+00:00	CONT-1004	Mango	Bengaluru	Delhi	9.31	82.75	0.008	2148.65	High	Reroute	Critical
2026-07-11T14:30:16.422614+00:00	CONT-1000	Banana	Bengaluru	Delhi	12.64	91.44	0.043	2148.64	High	Reroute	Critical
2026-07-11T14:30:16.423650+00:00	CONT-1001	Avocado	Bengaluru	Delhi	5.2	90.88	0.426	2147.28	Low	Continue	Normal
2026-07-11T14:30:16.426511+00:00	CONT-1002	Strawberry	Bengaluru	Delhi	5.79	87.84	0.6	2147.28	High	Reroute	Critical
2026-07-11T14:30:17.431151+00:00	CONT-1000	Banana	Bengaluru	Delhi	12.52	91.7	0.059	2148.63	High	Reroute	Critical
2026-07-11T14:30:17.432173+00:00	CONT-1001	Avocado	Bengaluru	Delhi	5.18	91.24	0.424	2147.26	Low	Continue	Normal
2026-07-11T14:30:17.437440+00:00	CONT-1004	Mango	Bengaluru	Delhi	9.25	82.25	0	2148.63	High	Reroute	Critical
2026-07-11T14:30:19.445079+00:00	CONT-1000	Banana	Bengaluru	Delhi	12.51	91.46	0.062	2148.61	High	Reroute	Critical
2026-07-11T14:30:19.449151+00:00	CONT-1003	Grapes	Bengaluru	Delhi	1.38	90.83	0.065	2147.22	Low	Continue	Normal
2026-07-11T14:30:19.449841+00:00	CONT-1004	Mango	Bengaluru	Delhi	9.14	81.95	0.016	2148.61	High	Reroute	Critical
2026-07-11T14:30:20.455569+00:00	CONT-1002	Strawberry	Bengaluru	Delhi	5.93	87.76	0.6	2147.2	High	Reroute	Critical
2026-07-11T14:30:20.459119+00:00	CONT-1004	Mango	Bengaluru	Delhi	9.19	82.29	0.031	2148.6	High	Reroute	Critical
2026-07-11T14:30:21.460701+00:00	CONT-1000	Banana	Bengaluru	Delhi	12.58	91.38	0.038	2148.59	High	Reroute	Critical
2026-07-11T14:30:21.466663+00:00	CONT-1004	Mango	Bengaluru	Delhi	9.16	82.51	0.022	2148.59	High	Reroute	Critical
2026-07-11T14:30:23.474693+00:00	CONT-1001	Avocado	Bengaluru	Delhi	5.49	89.98	0.427	2147.14	Low	Continue	Normal
2026-07-11T14:30:24.480728+00:00	CONT-1000	Banana	Bengaluru	Delhi	12.38	91.61	0.057	2148.56	High	Reroute	Critical
2026-07-11T14:30:24.482783+00:00	CONT-1001	Avocado	Bengaluru	Delhi	5.44	89.98	0.423	2147.12	Low	Continue	Normal
2026-07-11T14:30:24.483469+00:00	CONT-1002	Strawberry	Bengaluru	Delhi	6.07	87.69	0.582	2147.12	High	Reroute	Critical
2026-07-11T14:30:24.484506+00:00	CONT-1004	Mango	Bengaluru	Delhi	9.44	82.41	0.036	2148.56	High	Reroute	Critical
2026-07-11T14:30:25.490188+00:00	CONT-1003	Grapes	Bengaluru	Delhi	1.4	90.76	0.051	2147.1	Low	Continue	Normal
2026-07-11T14:30:26.498587+00:00	CONT-1000	Banana	Bengaluru	Delhi	12.4	91.59	0.059	2148.54	High	Reroute	Critical
2026-07-11T14:30:26.500875+00:00	CONT-1001	Avocado	Bengaluru	Delhi	5.24	89.61	0.415	2147.08	Low	Continue	Normal
2026-07-11T14:30:26.502362+00:00	CONT-1003	Grapes	Bengaluru	Delhi	1.55	90.96	0.059	2147.08	Low	Continue	Normal
2026-07-11T14:30:26.503643+00:00	CONT-1004	Mango	Bengaluru	Delhi	9.33	82.53	0.021	2148.54	High	Reroute	Critical
2026-07-11T14:30:27.510925+00:00	CONT-1004	Mango	Bengaluru	Delhi	9.21	82.78	0.019	2148.53	High	Reroute	Critical
2026-07-11T14:30:28.514395+00:00	CONT-1001	Avocado	Bengaluru	Delhi	5.47	89.32	0.444	2147.04	Low	Continue	Normal
2026-07-11T14:30:30.529686+00:00	CONT-1004	Mango	Bengaluru	Delhi	9.22	82.15	0.011	2148.5	High	Reroute	Critical
2026-07-11T14:30:33.546383+00:00	CONT-1001	Avocado	Bengaluru	Delhi	5.14	89.38	0.447	2146.94	Low	Continue	Normal
2026-07-11T14:30:33.551231+00:00	CONT-1003	Grapes	Bengaluru	Delhi	1.37	91.5	0.083	2146.94	Low	Continue	Normal
2026-07-11T14:30:33.551964+00:00	CONT-1004	Mango	Bengaluru	Delhi	9.28	81.58	0.016	2148.47	High	Reroute	Critical
2026-07-11T14:30:34.553862+00:00	CONT-1001	Avocado	Bengaluru	Delhi	5.02	89.61	0.453	2146.92	Low	Continue	Normal
2026-07-11T14:30:34.555697+00:00	CONT-1002	Strawberry	Bengaluru	Delhi	6.44	87.88	0.6	2146.92	High	Reroute	Critical
2026-07-11T14:30:34.556223+00:00	CONT-1003	Grapes	Bengaluru	Delhi	1.48	91.43	0.075	2146.92	Low	Continue	Normal
2026-07-11T14:30:35.558347+00:00	CONT-1000	Banana	Bengaluru	Delhi	12.35	91.67	0.017	2148.45	High	Reroute	Critical
2026-07-11T14:30:35.563932+00:00	CONT-1003	Grapes	Bengaluru	Delhi	1.33	91.22	0.06	2146.9	Low	Continue	Normal
2026-07-11T14:30:36.566073+00:00	CONT-1000	Banana	Bengaluru	Delhi	12.23	91.74	0.022	2148.44	High	Reroute	Critical
2026-07-11T14:30:36.567842+00:00	CONT-1001	Avocado	Bengaluru	Delhi	4.84	89.06	0.468	2146.88	Low	Continue	Normal
2026-07-11T14:30:36.568446+00:00	CONT-1002	Strawberry	Bengaluru	Delhi	6.52	88.09	0.6	2146.88	High	Reroute	Critical
2026-07-11T14:30:36.568968+00:00	CONT-1003	Grapes	Bengaluru	Delhi	1.32	91.12	0.078	2146.88	Low	Continue	Normal
2026-07-11T14:30:37.573717+00:00	CONT-1001	Avocado	Bengaluru	Delhi	4.82	88.71	0.468	2146.86	Low	Continue	Normal
2026-07-11T14:30:38.583723+00:00	CONT-1004	Mango	Bengaluru	Delhi	9.31	81.56	0.004	2148.42	High	Reroute	Critical
2026-07-11T14:30:39.587914+00:00	CONT-1002	Strawberry	Bengaluru	Delhi	6.63	88.46	0.569	2146.82	High	Reroute	Critical
2026-07-11T14:30:41.596784+00:00	CONT-1000	Banana	Bengaluru	Delhi	12.35	91.85	0.002	2148.39	High	Reroute	Critical
2026-07-11T14:30:42.604825+00:00	CONT-1000	Banana	Bengaluru	Delhi	12.4	91.98	0.003	2148.38	High	Reroute	Critical
2026-07-11T14:30:42.607334+00:00	CONT-1002	Strawberry	Bengaluru	Delhi	6.74	88.05	0.582	2146.76	High	Reroute	Critical
2026-07-11T14:30:42.609751+00:00	CONT-1003	Grapes	Bengaluru	Delhi	1.24	92.36	0.075	2146.76	Low	Continue	Normal
2026-07-11T14:30:43.617339+00:00	CONT-1003	Grapes	Bengaluru	Delhi	1.37	92.6	0.095	2146.74	Low	Continue	Normal
2026-07-11T14:30:44.629564+00:00	CONT-1003	Grapes	Bengaluru	Delhi	1.24	92.45	0.085	2146.72	Low	Continue	Normal
2026-07-11T14:30:45.632096+00:00	CONT-1000	Banana	Bengaluru	Delhi	12.3	92.04	0.018	2148.35	High	Reroute	Critical
2026-07-11T14:30:46.645491+00:00	CONT-1002	Strawberry	Bengaluru	Delhi	6.9	88.45	0.579	2146.68	High	Reroute	Critical
2026-07-11T14:30:46.646149+00:00	CONT-1003	Grapes	Bengaluru	Delhi	1.32	91.82	0.116	2146.68	Low	Continue	Normal
2026-07-11T14:30:47.650125+00:00	CONT-1000	Banana	Bengaluru	Delhi	12.5	92.23	0.057	2148.33	High	Reroute	Critical
2026-07-11T14:30:47.652205+00:00	CONT-1001	Avocado	Bengaluru	Delhi	5.21	87.08	0.412	2146.66	Low	Continue	Normal
2026-07-11T14:30:47.652838+00:00	CONT-1002	Strawberry	Bengaluru	Delhi	6.95	88.69	0.574	2146.66	High	Reroute	Critical
2026-07-11T14:30:47.653259+00:00	CONT-1003	Grapes	Bengaluru	Delhi	1.19	92.17	0.115	2146.66	Low	Continue	Normal
2026-07-11T14:30:48.657271+00:00	CONT-1002	Strawberry	Bengaluru	Delhi	6.97	88.93	0.565	2146.64	High	Reroute	Critical
2026-07-11T14:30:48.658699+00:00	CONT-1003	Grapes	Bengaluru	Delhi	1.29	92.21	0.113	2146.64	Low	Continue	Normal
2026-07-11T14:30:48.659494+00:00	CONT-1004	Mango	Bengaluru	Delhi	9.29	82.2	0	2148.32	High	Reroute	Critical
2026-07-11T14:30:49.669826+00:00	CONT-1003	Grapes	Bengaluru	Delhi	1.19	92.29	0.094	2146.62	Low	Continue	Normal
2026-07-11T14:30:50.672656+00:00	CONT-1000	Banana	Bengaluru	Delhi	12.64	92.3	0.039	2148.3	High	Reroute	Critical
2026-07-11T14:30:50.673306+00:00	CONT-1001	Avocado	Bengaluru	Delhi	5.3	87.27	0.387	2146.6	Low	Continue	Normal
2026-07-11T14:30:50.674892+00:00	CONT-1002	Strawberry	Bengaluru	Delhi	7.03	88.69	0.579	2146.6	High	Reroute	Critical
2026-07-11T14:30:50.675290+00:00	CONT-1003	Grapes	Bengaluru	Delhi	1.1	91.94	0.11	2146.6	Low	Continue	Normal
2026-07-11T14:30:50.675795+00:00	CONT-1004	Mango	Bengaluru	Delhi	9.08	82.49	0	2148.3	High	Reroute	Critical
2026-07-11T14:30:51.680546+00:00	CONT-1001	Avocado	Bengaluru	Delhi	5.33	87.6	0.401	2146.58	Low	Continue	Normal
2026-07-11T14:30:51.684233+00:00	CONT-1004	Mango	Bengaluru	Delhi	9	82.12	0.015	2148.29	High	Reroute	Critical
2026-07-11T14:30:52.690273+00:00	CONT-1003	Grapes	Bengaluru	Delhi	1.16	91.81	0.116	2146.56	Low	Continue	Normal
2026-07-11T14:30:53.694161+00:00	CONT-1000	Banana	Bengaluru	Delhi	12.6	92.97	0.04	2148.27	High	Reroute	Critical
2026-07-11T14:30:53.696013+00:00	CONT-1001	Avocado	Bengaluru	Delhi	5.41	87.74	0.425	2146.54	Low	Continue	Normal
2026-07-11T14:30:53.697768+00:00	CONT-1003	Grapes	Bengaluru	Delhi	1.01	92.07	0.12	2146.54	Low	Continue	Normal
2026-07-11T14:30:53.699787+00:00	CONT-1004	Mango	Bengaluru	Delhi	9.18	81.52	0	2148.27	High	Reroute	Critical
2026-07-11T14:30:55.718063+00:00	CONT-1000	Banana	Bengaluru	Delhi	12.46	93.44	0.046	2148.25	High	Reroute	Critical
2026-07-11T14:30:55.718853+00:00	CONT-1001	Avocado	Bengaluru	Delhi	5.27	88.29	0.413	2146.5	Low	Continue	Normal
2026-07-11T14:30:55.720555+00:00	CONT-1002	Strawberry	Bengaluru	Delhi	7.23	89.03	0.559	2146.5	High	Reroute	Critical
2026-07-11T14:30:56.724698+00:00	CONT-1000	Banana	Bengaluru	Delhi	12.39	93.11	0.052	2148.24	High	Reroute	Critical
2026-07-11T14:30:56.728391+00:00	CONT-1003	Grapes	Bengaluru	Delhi	0.7	92.12	0.129	2146.48	Low	Continue	Normal
2026-07-11T14:30:56.729865+00:00	CONT-1004	Mango	Bengaluru	Delhi	9.21	80.81	0.008	2148.24	High	Reroute	Critical
2026-07-11T14:30:59.741879+00:00	CONT-1000	Banana	Bengaluru	Delhi	12.45	93.48	0.05	2148.21	High	Reroute	Critical
2026-07-11T14:31:00.752230+00:00	CONT-1001	Avocado	Bengaluru	Delhi	5.36	88.16	0.368	2146.4	Low	Continue	Normal
2026-07-11T14:31:00.752907+00:00	CONT-1002	Strawberry	Bengaluru	Delhi	7.38	89.15	0.6	2146.4	High	Reroute	Critical
2026-07-11T14:31:02.770948+00:00	CONT-1002	Strawberry	Bengaluru	Delhi	7.44	89.56	1.312	2146.36	High	Reroute	Critical
2026-07-11T14:31:02.771485+00:00	CONT-1003	Grapes	Bengaluru	Delhi	0.66	92.39	0.096	2146.36	Low	Continue	Normal
2026-07-11T14:31:03.779910+00:00	CONT-1003	Grapes	Bengaluru	Delhi	0.78	92.7	0.083	2146.34	Low	Continue	Normal
2026-07-11T14:31:04.787160+00:00	CONT-1001	Avocado	Bengaluru	Delhi	5.29	87.3	0.384	2146.32	Low	Continue	Normal
2026-07-11T14:31:05.799337+00:00	CONT-1001	Avocado	Bengaluru	Delhi	5.15	87.29	0.379	2146.3	Low	Continue	Normal
2026-07-11T14:31:06.812588+00:00	CONT-1002	Strawberry	Bengaluru	Delhi	7.61	89.39	0.561	2146.28	High	Reroute	Critical
2026-07-11T14:31:06.814895+00:00	CONT-1003	Grapes	Bengaluru	Delhi	1.01	92.58	0.085	2146.28	Low	Continue	Normal
2026-07-11T14:31:06.815500+00:00	CONT-1004	Mango	Bengaluru	Delhi	9.56	80.1	0.04	2148.14	High	Reroute	Critical
2026-07-11T14:31:07.819516+00:00	CONT-1001	Avocado	Bengaluru	Delhi	5.18	87	0.396	2146.26	Low	Continue	Normal
2026-07-11T14:31:08.825140+00:00	CONT-1001	Avocado	Bengaluru	Delhi	5.1	86.97	0.378	2146.24	Low	Continue	Normal
2026-07-11T14:31:08.828974+00:00	CONT-1003	Grapes	Bengaluru	Delhi	1.06	92.65	0.082	2146.24	Low	Continue	Normal
2026-07-11T14:31:08.832739+00:00	CONT-1004	Mango	Bengaluru	Delhi	9.45	80.1	0.064	2148.12	High	Reroute	Critical
2026-07-11T14:31:09.834172+00:00	CONT-1000	Banana	Bengaluru	Delhi	12.48	92.63	0.098	2148.11	High	Reroute	Critical
2026-07-11T14:31:09.840177+00:00	CONT-1004	Mango	Bengaluru	Delhi	9.41	79.8	0.046	2148.11	High	Reroute	Critical
2026-07-11T14:31:10.841832+00:00	CONT-1000	Banana	Bengaluru	Delhi	12.36	92.88	0.117	2148.1	High	Reroute	Critical
2026-07-11T14:31:10.846930+00:00	CONT-1003	Grapes	Bengaluru	Delhi	1.08	93.22	0.1	2146.2	Low	Continue	Normal
2026-07-11T14:31:10.847544+00:00	CONT-1004	Mango	Bengaluru	Delhi	9.38	79.84	0.03	2148.1	High	Reroute	Critical
2026-07-11T14:31:11.850696+00:00	CONT-1001	Avocado	Bengaluru	Delhi	5.28	87.01	0.41	2146.18	Low	Continue	Normal
2026-07-11T14:31:12.854987+00:00	CONT-1000	Banana	Bengaluru	Delhi	12.34	92.67	0.123	2148.08	High	Reroute	Critical
2026-07-11T14:31:13.862386+00:00	CONT-1000	Banana	Bengaluru	Delhi	12.4	92.52	0.122	2148.07	High	Reroute	Critical
2026-07-11T14:31:14.869840+00:00	CONT-1000	Banana	Bengaluru	Delhi	12.46	92.21	0.127	2148.06	High	Reroute	Critical
2026-07-11T14:31:15.878193+00:00	CONT-1000	Banana	Bengaluru	Delhi	12.57	92.38	0.108	2148.05	High	Reroute	Critical
2026-07-11T14:31:15.881552+00:00	CONT-1002	Strawberry	Bengaluru	Delhi	7.94	89.67	0.59	2146.1	High	Reroute	Critical
2026-07-11T14:31:15.883252+00:00	CONT-1003	Grapes	Bengaluru	Delhi	1.06	92.62	0.155	2146.1	Low	Continue	Normal
2026-07-11T14:31:15.883783+00:00	CONT-1004	Mango	Bengaluru	Delhi	9.23	79.46	0.037	2148.05	High	Reroute	Critical
2026-07-11T14:31:16.887290+00:00	CONT-1001	Avocado	Bengaluru	Delhi	5.39	86.88	0.37	2146.08	Low	Continue	Normal
2026-07-11T14:31:17.894874+00:00	CONT-1002	Strawberry	Bengaluru	Delhi	8.01	90.08	0.6	2146.06	High	Reroute	Critical
2026-07-11T14:31:18.904779+00:00	CONT-1003	Grapes	Bengaluru	Delhi	1.2	92.81	0.129	2146.04	Low	Continue	Normal
2026-07-11T14:31:18.908169+00:00	CONT-1004	Mango	Bengaluru	Delhi	9.22	79.62	0.038	2148.02	High	Reroute	Critical
2026-07-11T14:31:19.919828+00:00	CONT-1001	Avocado	Bengaluru	Delhi	5.5	87.43	0.385	2146.02	Low	Continue	Normal
2026-07-11T14:31:20.933880+00:00	CONT-1004	Mango	Bengaluru	Delhi	9.33	79.31	0.025	2148	High	Reroute	Critical
2026-07-11T14:31:21.936950+00:00	CONT-1000	Banana	Bengaluru	Delhi	12	91.53	0.092	2147.99	High	Reroute	Critical
2026-07-11T14:31:21.940161+00:00	CONT-1002	Strawberry	Bengaluru	Delhi	8.16	89.86	0.563	2145.98	High	Reroute	Critical
2026-07-11T14:31:21.941768+00:00	CONT-1004	Mango	Bengaluru	Delhi	9.33	78.95	0.044	2147.99	High	Reroute	Critical
2026-07-11T14:31:22.944008+00:00	CONT-1000	Banana	Bengaluru	Delhi	12	91.56	0.089	2147.98	High	Reroute	Critical
2026-07-11T14:31:22.945695+00:00	CONT-1001	Avocado	Bengaluru	Delhi	5.44	88.09	0.394	2145.96	Low	Continue	Normal
2026-07-11T14:31:22.946344+00:00	CONT-1002	Strawberry	Bengaluru	Delhi	8.19	89.69	0.564	2145.96	High	Reroute	Critical
2026-07-11T14:31:22.947014+00:00	CONT-1003	Grapes	Bengaluru	Delhi	1.43	92.7	0.135	2145.96	Low	Continue	Normal
2026-07-11T14:31:22.947334+00:00	CONT-1004	Mango	Bengaluru	Delhi	9.24	78.68	0.043	2147.98	High	Reroute	Critical
2026-07-11T14:31:23.948816+00:00	CONT-1001	Avocado	Bengaluru	Delhi	5.29	87.75	0.397	2145.94	Low	Continue	Normal
2026-07-11T14:31:23.950091+00:00	CONT-1002	Strawberry	Bengaluru	Delhi	8.23	89.33	0.583	2145.94	High	Reroute	Critical
2026-07-11T14:31:23.952311+00:00	CONT-1004	Mango	Bengaluru	Delhi	9.18	78.45	0.028	2147.97	High	Reroute	Critical
2026-07-11T14:31:26.964618+00:00	CONT-1000	Banana	Bengaluru	Delhi	12	91.05	0.111	2147.94	High	Reroute	Critical
2026-07-11T14:31:26.965371+00:00	CONT-1001	Avocado	Bengaluru	Delhi	5.35	88.35	0.398	2145.88	Low	Continue	Normal
2026-07-11T14:31:26.966895+00:00	CONT-1002	Strawberry	Bengaluru	Delhi	8.36	89.27	0.6	2145.88	High	Reroute	Critical
2026-07-11T14:31:28.983272+00:00	CONT-1002	Strawberry	Bengaluru	Delhi	8.42	89.71	0.587	2145.84	High	Reroute	Critical
2026-07-11T14:31:29.987865+00:00	CONT-1001	Avocado	Bengaluru	Delhi	5.32	87.64	0.44	2145.82	Low	Continue	Normal
2026-07-11T14:31:29.989679+00:00	CONT-1002	Strawberry	Bengaluru	Delhi	8.45	90.09	0.583	2145.82	High	Reroute	Critical
2026-07-11T14:31:29.990242+00:00	CONT-1003	Grapes	Bengaluru	Delhi	1.11	92.67	0.147	2145.82	Low	Continue	Normal
2026-07-11T14:31:30.995726+00:00	CONT-1000	Banana	Bengaluru	Delhi	12	90.86	0.072	2147.9	High	Reroute	Critical
2026-07-11T14:31:30.998129+00:00	CONT-1002	Strawberry	Bengaluru	Delhi	8.47	90.07	0.568	2145.8	High	Reroute	Critical
2026-07-11T14:31:32.012182+00:00	CONT-1000	Banana	Bengaluru	Delhi	12	90.71	0.086	2147.89	High	Reroute	Critical
2026-07-11T14:31:32.014314+00:00	CONT-1002	Strawberry	Bengaluru	Delhi	8.52	90.07	1.241	2145.78	High	Reroute	Critical
2026-07-11T14:31:32.016405+00:00	CONT-1003	Grapes	Bengaluru	Delhi	1.23	92.64	0.122	2145.78	Low	Continue	Normal
2026-07-11T14:31:32.017372+00:00	CONT-1004	Mango	Bengaluru	Delhi	9.17	78.69	0.022	2147.89	High	Reroute	Critical
2026-07-11T14:31:34.028329+00:00	CONT-1003	Grapes	Bengaluru	Delhi	1.2	93.35	0.131	2145.74	Low	Continue	Normal
2026-07-11T14:31:36.038799+00:00	CONT-1004	Mango	Bengaluru	Delhi	9	78.88	0.011	2147.85	High	Reroute	Critical
2026-07-11T14:31:37.041752+00:00	CONT-1000	Banana	Bengaluru	Delhi	12.08	90.76	0.059	2147.84	High	Reroute	Critical
2026-07-11T14:31:37.045647+00:00	CONT-1002	Strawberry	Bengaluru	Delhi	8.69	90.66	0.577	2145.68	High	Reroute	Critical
2026-07-11T14:31:38.055199+00:00	CONT-1002	Strawberry	Bengaluru	Delhi	8.72	91	0.587	2145.66	High	Reroute	Critical
2026-07-11T14:31:38.057970+00:00	CONT-1004	Mango	Bengaluru	Delhi	9.18	78.71	0.021	2147.83	High	Reroute	Critical
2026-07-11T14:31:39.061449+00:00	CONT-1001	Avocado	Bengaluru	Delhi	5.37	90.01	0.369	2145.64	Low	Continue	Normal
2026-07-11T14:31:39.064044+00:00	CONT-1003	Grapes	Bengaluru	Delhi	1.51	92.96	0.107	2145.64	Low	Continue	Normal
2026-07-11T14:31:41.073011+00:00	CONT-1000	Banana	Bengaluru	Delhi	12.31	91.08	0.091	2147.8	High	Reroute	Critical
2026-07-11T14:31:41.076803+00:00	CONT-1003	Grapes	Bengaluru	Delhi	1.6	92.81	0.114	2145.6	Low	Continue	Normal
2026-07-11T14:31:42.084965+00:00	CONT-1002	Strawberry	Bengaluru	Delhi	8.85	91.5	0.579	2145.58	High	Reroute	Critical
2026-07-11T14:31:42.086870+00:00	CONT-1003	Grapes	Bengaluru	Delhi	1.66	92.54	0.119	2145.58	Low	Continue	Normal
2026-07-11T14:31:43.092483+00:00	CONT-1002	Strawberry	Bengaluru	Delhi	8.89	91.54	0.584	2145.56	High	Reroute	Critical
2026-07-11T14:31:43.095135+00:00	CONT-1003	Grapes	Bengaluru	Delhi	1.78	92.84	0.102	2145.56	Low	Continue	Normal
2026-07-11T14:31:43.098173+00:00	CONT-1004	Mango	Bengaluru	Delhi	9	78.8	0.065	2147.78	High	Reroute	Critical
2026-07-11T14:31:44.101317+00:00	CONT-1000	Banana	Bengaluru	Delhi	12.23	91.45	0.094	2147.77	High	Reroute	Critical
2026-07-11T14:31:44.102105+00:00	CONT-1001	Avocado	Bengaluru	Delhi	5.27	88.62	0.345	2145.54	Low	Continue	Normal
2026-07-11T14:31:45.109993+00:00	CONT-1002	Strawberry	Bengaluru	Delhi	8.98	90.91	0.592	2145.52	High	Reroute	Critical
2026-07-11T14:31:45.110518+00:00	CONT-1003	Grapes	Bengaluru	Delhi	1.65	92.47	0.112	2145.52	Low	Continue	Normal
2026-07-11T14:31:46.117267+00:00	CONT-1001	Avocado	Bengaluru	Delhi	5.45	88.66	0.341	2145.5	Low	Continue	Normal
2026-07-11T14:31:46.121956+00:00	CONT-1003	Grapes	Bengaluru	Delhi	1.8	92.52	0.112	2145.5	Low	Continue	Normal
2026-07-11T14:31:47.126590+00:00	CONT-1001	Avocado	Bengaluru	Delhi	5.36	88.34	0.325	2145.48	Low	Continue	Normal
2026-07-11T14:31:47.129724+00:00	CONT-1003	Grapes	Bengaluru	Delhi	1.78	92.9	0.107	2145.48	Low	Continue	Normal
2026-07-11T14:31:47.131197+00:00	CONT-1004	Mango	Bengaluru	Delhi	9	78.31	0.106	2147.74	High	Reroute	Critical
2026-07-11T14:31:48.132765+00:00	CONT-1000	Banana	Bengaluru	Delhi	12.21	91.73	0.07	2147.73	High	Reroute	Critical
2026-07-11T14:31:50.145814+00:00	CONT-1000	Banana	Bengaluru	Delhi	12.15	91.65	0.101	2147.71	High	Reroute	Critical
2026-07-11T14:31:51.155442+00:00	CONT-1003	Grapes	Bengaluru	Delhi	1.86	93.25	0.125	2145.4	Low	Continue	Normal
2026-07-11T14:31:51.156937+00:00	CONT-1004	Mango	Bengaluru	Delhi	9.31	78.67	0.103	2147.7	High	Reroute	Critical
2026-07-11T14:31:52.158397+00:00	CONT-1000	Banana	Bengaluru	Delhi	12.19	91.26	0.128	2147.69	High	Reroute	Critical
2026-07-11T14:31:52.160972+00:00	CONT-1001	Avocado	Bengaluru	Delhi	5.3	87.88	0.375	2145.38	Low	Continue	Normal
2026-07-11T14:31:52.161762+00:00	CONT-1002	Strawberry	Bengaluru	Delhi	9.22	91.49	0.584	2145.38	High	Reroute	Critical
2026-07-11T14:31:52.162274+00:00	CONT-1003	Grapes	Bengaluru	Delhi	1.88	93.28	0.117	2145.38	Low	Continue	Normal
2026-07-11T14:31:52.162597+00:00	CONT-1004	Mango	Bengaluru	Delhi	9.3	78.37	0.098	2147.69	High	Reroute	Critical
2026-07-11T14:31:53.166218+00:00	CONT-1003	Grapes	Bengaluru	Delhi	1.75	93.18	0.112	2145.36	Low	Continue	Normal
2026-07-11T14:31:54.168936+00:00	CONT-1000	Banana	Bengaluru	Delhi	12.21	91.07	0.131	2147.67	High	Reroute	Critical
2026-07-11T14:31:55.184585+00:00	CONT-1004	Mango	Bengaluru	Delhi	9.31	79.03	0.078	2147.66	High	Reroute	Critical
2026-07-11T14:31:56.190678+00:00	CONT-1003	Grapes	Bengaluru	Delhi	1.91	93.24	0.099	2145.3	Low	Continue	Normal
2026-07-11T14:31:58.201149+00:00	CONT-1002	Strawberry	Bengaluru	Delhi	9.42	92.2	0.59	2145.26	High	Reroute	Critical
2026-07-11T14:31:58.201861+00:00	CONT-1003	Grapes	Bengaluru	Delhi	1.64	93.26	0.086	2145.26	Low	Continue	Normal
2026-07-11T14:32:00.212972+00:00	CONT-1001	Avocado	Bengaluru	Delhi	4.94	89.18	0.365	2145.22	Low	Continue	Normal
2026-07-11T14:32:01.219527+00:00	CONT-1000	Banana	Bengaluru	Delhi	12.18	91.03	0.126	2147.6	High	Reroute	Critical
2026-07-11T14:32:01.222599+00:00	CONT-1002	Strawberry	Bengaluru	Delhi	9.52	93	0.562	2145.2	High	Reroute	Critical
2026-07-11T14:32:01.223182+00:00	CONT-1003	Grapes	Bengaluru	Delhi	1.54	93.38	0.082	2145.2	Low	Continue	Normal
2026-07-11T14:32:02.224594+00:00	CONT-1000	Banana	Bengaluru	Delhi	12.26	91	0.14	2147.59	High	Reroute	Critical
2026-07-11T14:32:02.229790+00:00	CONT-1002	Strawberry	Bengaluru	Delhi	9.55	93.16	0.555	2145.18	High	Reroute	Critical
2026-07-11T14:32:02.230647+00:00	CONT-1003	Grapes	Bengaluru	Delhi	1.51	93.69	0.074	2145.18	Low	Continue	Normal
2026-07-11T14:32:04.242190+00:00	CONT-1000	Banana	Bengaluru	Delhi	12.1	90.64	0.14	2147.57	High	Reroute	Critical
2026-07-11T14:32:04.245695+00:00	CONT-1003	Grapes	Bengaluru	Delhi	1.51	93.95	0.047	2145.14	Low	Continue	Normal
2026-07-11T14:32:05.251767+00:00	CONT-1000	Banana	Bengaluru	Delhi	12.09	90.6	0.158	2147.56	High	Reroute	Critical
2026-07-11T14:32:05.253316+00:00	CONT-1001	Avocado	Bengaluru	Delhi	5	89.42	0.388	2145.12	Low	Continue	Normal
2026-07-11T14:32:06.257923+00:00	CONT-1000	Banana	Bengaluru	Delhi	12.22	90.25	0.141	2147.55	High	Reroute	Critical
2026-07-11T14:32:06.260666+00:00	CONT-1002	Strawberry	Bengaluru	Delhi	9.66	93.4	0.531	2145.1	High	Reroute	Critical
2026-07-11T14:32:06.263540+00:00	CONT-1003	Grapes	Bengaluru	Delhi	1.45	93.67	0.043	2145.1	Low	Continue	Normal
2026-07-11T14:32:06.263974+00:00	CONT-1004	Mango	Bengaluru	Delhi	9.61	79.9	0.136	2147.55	High	Reroute	Critical
2026-07-11T14:32:07.273329+00:00	CONT-1001	Avocado	Bengaluru	Delhi	4.93	89.38	0.402	2145.08	Low	Continue	Normal
2026-07-11T14:32:07.276146+00:00	CONT-1002	Strawberry	Bengaluru	Delhi	9.68	93.27	0.519	2145.08	High	Reroute	Critical
2026-07-11T14:32:07.276820+00:00	CONT-1003	Grapes	Bengaluru	Delhi	1.54	93.37	0.025	2145.08	Low	Continue	Normal
2026-07-11T14:32:07.277389+00:00	CONT-1004	Mango	Bengaluru	Delhi	9.53	80.25	0.135	2147.54	High	Reroute	Critical
2026-07-11T14:32:08.278340+00:00	CONT-1000	Banana	Bengaluru	Delhi	12.22	90.13	0.118	2147.53	High	Reroute	Critical
2026-07-11T14:32:08.280262+00:00	CONT-1001	Avocado	Bengaluru	Delhi	4.97	89.24	0.415	2145.06	Low	Continue	Normal
2026-07-11T14:32:08.281033+00:00	CONT-1002	Strawberry	Bengaluru	Delhi	9.71	93.39	0.505	2145.06	High	Reroute	Critical
2026-07-11T14:32:08.281517+00:00	CONT-1003	Grapes	Bengaluru	Delhi	1.55	93.12	0.032	2145.06	Low	Continue	Normal
2026-07-11T14:32:08.281871+00:00	CONT-1004	Mango	Bengaluru	Delhi	9.63	80.38	0.136	2147.53	High	Reroute	Critical
2026-07-11T14:32:09.287804+00:00	CONT-1001	Avocado	Bengaluru	Delhi	4.95	89.58	0.412	2145.04	Low	Continue	Normal
2026-07-11T14:32:09.288319+00:00	CONT-1002	Strawberry	Bengaluru	Delhi	9.76	93.48	0.503	2145.04	High	Reroute	Critical
2026-07-11T14:32:10.298167+00:00	CONT-1000	Banana	Bengaluru	Delhi	12.4	89.49	0.115	2147.51	High	Reroute	Critical
2026-07-11T14:32:10.301463+00:00	CONT-1003	Grapes	Bengaluru	Delhi	1.69	92.86	0.025	2145.02	Low	Continue	Normal
2026-07-11T14:32:12.307597+00:00	CONT-1000	Banana	Bengaluru	Delhi	12.49	89.62	0.113	2147.49	High	Reroute	Critical
2026-07-11T14:32:13.322505+00:00	CONT-1000	Banana	Bengaluru	Delhi	12.38	89.71	0.123	2147.48	High	Reroute	Critical
2026-07-11T14:32:13.324869+00:00	CONT-1002	Strawberry	Bengaluru	Delhi	9.91	93.77	0.6	2144.96	High	Reroute	Critical
2026-07-11T14:32:13.326656+00:00	CONT-1003	Grapes	Bengaluru	Delhi	1.68	93.2	0.056	2144.96	Low	Continue	Normal
2026-07-11T14:32:13.327138+00:00	CONT-1004	Mango	Bengaluru	Delhi	9.69	80.45	0.172	2147.48	High	Reroute	Critical
2026-07-11T14:32:14.331733+00:00	CONT-1004	Mango	Bengaluru	Delhi	9.59	80.64	0.187	2147.47	High	Reroute	Critical
2026-07-11T14:32:15.334777+00:00	CONT-1001	Avocado	Bengaluru	Delhi	5.21	89.88	0.427	2144.92	Low	Continue	Normal
2026-07-11T14:32:15.338180+00:00	CONT-1003	Grapes	Bengaluru	Delhi	1.48	92.74	0.052	2144.92	Low	Continue	Normal
2026-07-11T14:32:15.339119+00:00	CONT-1004	Mango	Bengaluru	Delhi	9.61	80.96	0.195	2147.46	High	Reroute	Critical
2026-07-11T14:32:16.340467+00:00	CONT-1000	Banana	Bengaluru	Delhi	12.5	89.53	0.105	2147.45	High	Reroute	Critical
2026-07-11T14:32:16.341983+00:00	CONT-1001	Avocado	Bengaluru	Delhi	5.34	90.27	0.427	2144.9	Low	Continue	Normal
2026-07-11T14:32:16.343524+00:00	CONT-1003	Grapes	Bengaluru	Delhi	1.56	92.74	0.041	2144.9	Low	Continue	Normal
2026-07-11T14:32:16.344761+00:00	CONT-1004	Mango	Bengaluru	Delhi	9.74	80.74	0.194	2147.45	High	Reroute	Critical
2026-07-11T14:32:19.358092+00:00	CONT-1000	Banana	Bengaluru	Delhi	12.17	89.33	0.082	2147.42	High	Reroute	Critical
2026-07-11T14:32:19.360595+00:00	CONT-1001	Avocado	Bengaluru	Delhi	5.16	90.56	0.41	2144.84	Low	Continue	Normal
2026-07-11T14:32:19.363176+00:00	CONT-1002	Strawberry	Bengaluru	Delhi	10.11	94.01	0.6	2144.84	High	Reroute	Critical
2026-07-11T14:32:20.372121+00:00	CONT-1000	Banana	Bengaluru	Delhi	12.28	89	0.098	2147.41	High	Reroute	Critical
2026-07-11T14:32:20.372863+00:00	CONT-1001	Avocado	Bengaluru	Delhi	5.13	90.87	0.397	2144.82	Low	Continue	Normal
2026-07-11T14:32:20.374594+00:00	CONT-1002	Strawberry	Bengaluru	Delhi	10.13	93.87	0.6	2144.82	High	Reroute	Critical
2026-07-11T14:32:22.385027+00:00	CONT-1001	Avocado	Bengaluru	Delhi	5.24	91.46	0.411	2144.78	Low	Continue	Normal
2026-07-11T14:32:22.387716+00:00	CONT-1003	Grapes	Bengaluru	Delhi	1.56	92.22	0.032	2144.78	Low	Continue	Normal
2026-07-11T14:32:23.393102+00:00	CONT-1000	Banana	Bengaluru	Delhi	12.15	89.36	0.107	2147.38	High	Reroute	Critical
2026-07-11T14:32:24.399287+00:00	CONT-1001	Avocado	Bengaluru	Delhi	5.02	92.17	0.433	2144.74	Low	Continue	Normal
2026-07-11T14:32:24.402369+00:00	CONT-1004	Mango	Bengaluru	Delhi	9.93	81.11	0.209	2147.37	High	Reroute	Critical
2026-07-11T14:32:27.428473+00:00	CONT-1003	Grapes	Bengaluru	Delhi	1.41	91.5	0.056	2144.68	Low	Continue	Normal
2026-07-11T14:32:28.435552+00:00	CONT-1002	Strawberry	Bengaluru	Delhi	10.43	94.75	0.552	2144.66	High	Reroute	Critical
2026-07-11T14:32:28.436117+00:00	CONT-1003	Grapes	Bengaluru	Delhi	1.42	91.21	0.058	2144.66	Low	Continue	Normal
2026-07-11T14:32:28.437565+00:00	CONT-1004	Mango	Bengaluru	Delhi	10.13	80.79	0.221	2147.33	High	Reroute	Critical
2026-07-11T14:32:29.445270+00:00	CONT-1002	Strawberry	Bengaluru	Delhi	10.46	94.56	0.543	2144.64	High	Reroute	Critical
2026-07-11T14:32:29.450431+00:00	CONT-1003	Grapes	Bengaluru	Delhi	1.41	91.55	0.065	2144.64	Low	Continue	Normal
2026-07-11T14:32:29.452437+00:00	CONT-1004	Mango	Bengaluru	Delhi	10.03	80.98	0.229	2147.32	High	Reroute	Critical
2026-07-11T14:32:31.463849+00:00	CONT-1004	Mango	Bengaluru	Delhi	9.99	81.43	0.262	2147.3	High	Reroute	Critical
2026-07-11T14:32:32.468229+00:00	CONT-1004	Mango	Bengaluru	Delhi	9.94	81.57	0.267	2147.29	High	Reroute	Critical
2026-07-11T14:32:33.469240+00:00	CONT-1000	Banana	Bengaluru	Delhi	12.14	88.38	0.153	2147.28	High	Reroute	Critical
2026-07-11T14:32:34.476588+00:00	CONT-1000	Banana	Bengaluru	Delhi	12.03	88.36	0.14	2147.27	High	Reroute	Critical
2026-07-11T14:32:34.479214+00:00	CONT-1002	Strawberry	Bengaluru	Delhi	10.61	94.58	0.498	2144.54	High	Reroute	Critical
2026-07-11T14:32:35.486164+00:00	CONT-1000	Banana	Bengaluru	Delhi	12	88.1	0.126	2147.26	High	Reroute	Critical
2026-07-11T14:32:35.486932+00:00	CONT-1001	Avocado	Bengaluru	Delhi	4.5	91.03	0.417	2144.52	Low	Continue	Normal
2026-07-11T14:32:35.489865+00:00	CONT-1003	Grapes	Bengaluru	Delhi	1.27	91.61	0.051	2144.52	Low	Continue	Normal
2026-07-11T14:32:35.490254+00:00	CONT-1004	Mango	Bengaluru	Delhi	9.73	82.19	0.283	2147.26	High	Reroute	Critical
2026-07-11T14:32:36.491469+00:00	CONT-1000	Banana	Bengaluru	Delhi	12.11	87.72	0.108	2147.25	High	Reroute	Critical
2026-07-11T14:32:36.497204+00:00	CONT-1004	Mango	Bengaluru	Delhi	9.61	82.41	0.264	2147.25	High	Reroute	Critical
2026-07-11T14:32:37.502739+00:00	CONT-1001	Avocado	Bengaluru	Delhi	4.51	91.69	0.442	2144.48	Low	Continue	Normal
2026-07-11T14:32:38.509890+00:00	CONT-1000	Banana	Bengaluru	Delhi	12.22	87.32	0.087	2147.23	High	Reroute	Critical
2026-07-11T14:32:38.513476+00:00	CONT-1002	Strawberry	Bengaluru	Delhi	10.78	94.86	0.6	2144.46	High	Reroute	Critical
2026-07-11T14:32:38.515519+00:00	CONT-1003	Grapes	Bengaluru	Delhi	1.39	91.37	0.069	2144.46	Low	Continue	Normal
2026-07-11T14:32:38.516366+00:00	CONT-1004	Mango	Bengaluru	Delhi	9.5	82.66	0.245	2147.23	High	Reroute	Critical
2026-07-11T14:32:39.520340+00:00	CONT-1001	Avocado	Bengaluru	Delhi	4.27	91.87	0.465	2144.44	Low	Continue	Normal
2026-07-11T14:32:40.523658+00:00	CONT-1000	Banana	Bengaluru	Delhi	12.15	87.85	0.068	2147.21	High	Reroute	Critical
2026-07-11T14:32:40.526075+00:00	CONT-1002	Strawberry	Bengaluru	Delhi	10.88	94.47	0.598	2144.42	High	Reroute	Critical
2026-07-11T14:32:40.528391+00:00	CONT-1004	Mango	Bengaluru	Delhi	9.67	82.4	0.253	2147.21	High	Reroute	Critical
2026-07-11T14:32:41.534242+00:00	CONT-1004	Mango	Bengaluru	Delhi	9.82	82.76	0.234	2147.2	High	Reroute	Critical
2026-07-11T14:32:42.536676+00:00	CONT-1000	Banana	Bengaluru	Delhi	12	88.01	0.07	2147.19	High	Reroute	Critical
2026-07-11T14:32:42.546870+00:00	CONT-1004	Mango	Bengaluru	Delhi	9.86	83.05	0.218	2147.19	High	Reroute	Critical
2026-07-11T14:32:44.576582+00:00	CONT-1001	Avocado	Bengaluru	Delhi	4.29	91.47	0.462	2144.34	Medium	Continue	Warning
2026-07-11T14:32:48.599283+00:00	CONT-1000	Banana	Bengaluru	Delhi	12	88.64	0.119	2147.13	High	Reroute	Critical
2026-07-11T14:32:48.601639+00:00	CONT-1002	Strawberry	Bengaluru	Delhi	11.17	94.63	1.123	2144.26	High	Reroute	Critical
2026-07-11T14:32:48.603397+00:00	CONT-1003	Grapes	Bengaluru	Delhi	1.2	91.5	0.071	2144.26	Low	Continue	Normal
2026-07-11T14:32:48.603824+00:00	CONT-1004	Mango	Bengaluru	Delhi	9.69	83.38	0.249	2147.13	High	Reroute	Critical
2026-07-11T14:32:50.618797+00:00	CONT-1004	Mango	Bengaluru	Delhi	9.68	83.5	0.251	2147.11	High	Reroute	Critical
2026-07-11T14:32:52.626311+00:00	CONT-1000	Banana	Bengaluru	Delhi	12	88.08	0.149	2147.09	High	Reroute	Critical
2026-07-11T14:32:52.627070+00:00	CONT-1001	Avocado	Bengaluru	Delhi	4.33	90.53	0.434	2144.18	High	Reroute	Critical
2026-07-11T14:32:52.628809+00:00	CONT-1002	Strawberry	Bengaluru	Delhi	11.29	94.62	1.222	2144.18	High	Reroute	Critical
2026-07-11T14:32:52.631454+00:00	CONT-1004	Mango	Bengaluru	Delhi	9.67	83.54	0.223	2147.09	High	Reroute	Critical
2026-07-11T14:32:53.633821+00:00	CONT-1000	Banana	Bengaluru	Delhi	12.1	88.29	0.132	2147.08	High	Reroute	Critical
2026-07-11T14:32:55.652380+00:00	CONT-1001	Avocado	Bengaluru	Delhi	4.3	90.1	0.433	2144.12	High	Reroute	Critical
2026-07-11T14:32:55.656094+00:00	CONT-1003	Grapes	Bengaluru	Delhi	1.32	92.19	0.065	2144.12	Low	Continue	Normal
2026-07-11T14:32:55.656600+00:00	CONT-1004	Mango	Bengaluru	Delhi	9.45	83.68	0.215	2147.06	High	Reroute	Critical
2026-07-11T14:32:56.660436+00:00	CONT-1001	Avocado	Bengaluru	Delhi	4.31	89.87	0.417	2144.1	High	Reroute	Critical
2026-07-11T14:32:56.664691+00:00	CONT-1004	Mango	Bengaluru	Delhi	9.48	83.77	0.222	2147.05	High	Reroute	Critical
2026-07-11T14:32:57.670876+00:00	CONT-1002	Strawberry	Bengaluru	Delhi	11.48	94.91	0.593	2144.08	High	Reroute	Critical
2026-07-11T14:32:58.681041+00:00	CONT-1002	Strawberry	Bengaluru	Delhi	11.53	94.81	0.581	2144.06	High	Reroute	Critical
2026-07-11T14:32:58.683677+00:00	CONT-1003	Grapes	Bengaluru	Delhi	1.34	92.16	0.067	2144.06	Low	Continue	Normal
2026-07-11T14:33:00.691578+00:00	CONT-1000	Banana	Bengaluru	Delhi	12	87.57	0.091	2147.01	High	Reroute	Critical
2026-07-11T14:33:00.695447+00:00	CONT-1003	Grapes	Bengaluru	Delhi	1.34	92.47	0.091	2144.02	Low	Continue	Normal
2026-07-11T14:33:00.698364+00:00	CONT-1004	Mango	Bengaluru	Delhi	9.55	84.12	0.172	2147.01	High	Reroute	Critical
2026-07-11T14:33:01.700324+00:00	CONT-1000	Banana	Bengaluru	Delhi	12.12	87.25	0.091	2147	High	Reroute	Critical
2026-07-11T14:33:01.702108+00:00	CONT-1001	Avocado	Bengaluru	Delhi	4.32	89.27	0.39	2144	High	Reroute	Critical
2026-07-11T14:33:01.704490+00:00	CONT-1003	Grapes	Bengaluru	Delhi	1.26	92.43	0.09	2144	Low	Continue	Normal
2026-07-11T14:33:01.705074+00:00	CONT-1004	Mango	Bengaluru	Delhi	9.42	84.41	0.179	2147	High	Reroute	Critical
2026-07-11T14:33:02.709974+00:00	CONT-1004	Mango	Bengaluru	Delhi	9.46	84.02	0.16	2146.99	High	Reroute	Critical
2026-07-11T14:33:03.715566+00:00	CONT-1003	Grapes	Bengaluru	Delhi	1.32	92.35	0.079	2143.96	Low	Continue	Normal
2026-07-11T14:33:05.725314+00:00	CONT-1001	Avocado	Bengaluru	Delhi	4.31	89.15	0.423	2143.92	High	Reroute	Critical
2026-07-11T14:33:05.728075+00:00	CONT-1004	Mango	Bengaluru	Delhi	9.36	83.43	0.16	2146.96	High	Reroute	Critical
2026-07-11T14:33:07.735510+00:00	CONT-1000	Banana	Bengaluru	Delhi	12.06	86.64	0.097	2146.94	High	Reroute	Critical
2026-07-11T14:33:08.745210+00:00	CONT-1001	Avocado	Bengaluru	Delhi	4.45	89.13	0.452	2143.86	High	Reroute	Critical
2026-07-11T14:33:09.751894+00:00	CONT-1001	Avocado	Bengaluru	Delhi	4.46	89.2	0.455	2143.84	High	Reroute	Critical
2026-07-11T14:33:10.765898+00:00	CONT-1002	Strawberry	Bengaluru	Delhi	11.99	94.07	0.598	2143.82	High	Reroute	Critical
2026-07-11T14:33:11.774790+00:00	CONT-1004	Mango	Bengaluru	Delhi	9.08	83.53	0.134	2146.9	High	Reroute	Critical
2026-07-11T14:33:12.777344+00:00	CONT-1000	Banana	Bengaluru	Delhi	12.28	87.4	0.104	2146.89	High	Reroute	Critical
2026-07-11T14:33:12.779288+00:00	CONT-1001	Avocado	Bengaluru	Delhi	4.38	88.45	0.456	2143.78	High	Reroute	Critical
2026-07-11T14:33:12.779911+00:00	CONT-1002	Strawberry	Bengaluru	Delhi	12.06	93.34	0.6	2143.78	High	Reroute	Critical
2026-07-11T14:33:12.780355+00:00	CONT-1003	Grapes	Bengaluru	Delhi	1.54	91.93	0.103	2143.78	Low	Continue	Normal
2026-07-11T14:33:12.780776+00:00	CONT-1004	Mango	Bengaluru	Delhi	9.08	83.46	0.146	2146.89	High	Reroute	Critical
2026-07-11T14:33:13.781950+00:00	CONT-1000	Banana	Bengaluru	Delhi	12.16	87.5	0.103	2146.88	High	Reroute	Critical
2026-07-11T14:33:13.782979+00:00	CONT-1001	Avocado	Bengaluru	Delhi	4.39	88.07	0.45	2143.76	High	Reroute	Critical
2026-07-11T14:33:13.787070+00:00	CONT-1004	Mango	Bengaluru	Delhi	9.14	83.3	0.128	2146.88	High	Reroute	Critical
2026-07-11T14:33:16.801500+00:00	CONT-1001	Avocado	Bengaluru	Delhi	4.22	88.05	0.437	2143.7	High	Reroute	Critical
2026-07-11T14:33:17.809189+00:00	CONT-1002	Strawberry	Bengaluru	Delhi	12.23	93.98	0.592	2143.68	High	Reroute	Critical
2026-07-11T14:33:17.810584+00:00	CONT-1003	Grapes	Bengaluru	Delhi	1.67	92.61	0.146	2143.68	Low	Continue	Normal
2026-07-11T14:33:17.811200+00:00	CONT-1004	Mango	Bengaluru	Delhi	9	82.7	0.143	2146.84	High	Reroute	Critical
2026-07-11T14:33:18.812735+00:00	CONT-1000	Banana	Bengaluru	Delhi	12.05	86.62	0.113	2146.83	High	Reroute	Critical
2026-07-11T14:33:18.816241+00:00	CONT-1002	Strawberry	Bengaluru	Delhi	12.26	94.03	0.594	2143.66	High	Reroute	Critical
2026-07-11T14:33:18.817818+00:00	CONT-1003	Grapes	Bengaluru	Delhi	1.74	92.55	0.146	2143.66	Low	Continue	Normal
2026-07-11T14:33:18.818262+00:00	CONT-1004	Mango	Bengaluru	Delhi	9	83.09	0.143	2146.83	High	Reroute	Critical
2026-07-11T14:33:19.820640+00:00	CONT-1001	Avocado	Bengaluru	Delhi	4.07	87.2	0.428	2143.64	High	Reroute	Critical
2026-07-11T14:33:20.832453+00:00	CONT-1003	Grapes	Bengaluru	Delhi	1.44	92.24	0.132	2143.62	Low	Continue	Normal
2026-07-11T14:33:21.841173+00:00	CONT-1000	Banana	Bengaluru	Delhi	12.22	86.71	0.104	2146.8	High	Reroute	Critical
2026-07-11T14:33:21.844405+00:00	CONT-1002	Strawberry	Bengaluru	Delhi	12.38	94.14	0.598	2143.6	High	Reroute	Critical
2026-07-11T14:33:21.845109+00:00	CONT-1003	Grapes	Bengaluru	Delhi	1.31	91.85	0.122	2143.6	Low	Continue	Normal
2026-07-11T14:33:22.849144+00:00	CONT-1001	Avocado	Bengaluru	Delhi	4.04	87.28	0.417	2143.58	High	Reroute	Critical
2026-07-11T14:33:22.850665+00:00	CONT-1002	Strawberry	Bengaluru	Delhi	12.41	94.24	0.589	2143.58	High	Reroute	Critical
2026-07-11T14:33:23.857368+00:00	CONT-1002	Strawberry	Bengaluru	Delhi	12.45	94.25	0.58	2143.56	High	Reroute	Critical
2026-07-11T14:33:23.858522+00:00	CONT-1003	Grapes	Bengaluru	Delhi	1.1	91.28	0.099	2143.56	Low	Continue	Normal
2026-07-11T14:33:23.858929+00:00	CONT-1004	Mango	Bengaluru	Delhi	9	82.6	0.171	2146.78	High	Reroute	Critical
2026-07-11T14:33:24.862059+00:00	CONT-1001	Avocado	Bengaluru	Delhi	4.1	87.7	0.425	2143.54	High	Reroute	Critical
2026-07-11T14:33:25.871230+00:00	CONT-1004	Mango	Bengaluru	Delhi	9.11	83.02	0.185	2146.76	High	Reroute	Critical
2026-07-11T14:33:26.876271+00:00	CONT-1002	Strawberry	Bengaluru	Delhi	12.56	94.24	0.6	2143.5	High	Reroute	Critical
2026-07-11T14:33:27.881040+00:00	CONT-1001	Avocado	Bengaluru	Delhi	4.41	87.08	0.412	2143.48	High	Reroute	Critical
2026-07-11T14:33:29.890176+00:00	CONT-1000	Banana	Bengaluru	Delhi	12.26	87.54	0.087	2146.72	High	Reroute	Critical
2026-07-11T14:33:29.891899+00:00	CONT-1001	Avocado	Bengaluru	Delhi	4.34	87.65	0.411	2143.44	High	Reroute	Critical
2026-07-11T14:33:29.893928+00:00	CONT-1003	Grapes	Bengaluru	Delhi	1.17	90.86	0.097	2143.44	Low	Continue	Normal
2026-07-11T14:33:29.894548+00:00	CONT-1004	Mango	Bengaluru	Delhi	9.31	82.73	0.176	2146.72	High	Reroute	Critical
2026-07-11T14:33:30.895773+00:00	CONT-1000	Banana	Bengaluru	Delhi	12.12	87.76	0.101	2146.71	High	Reroute	Critical
2026-07-11T14:33:31.904627+00:00	CONT-1001	Avocado	Bengaluru	Delhi	4.21	87.34	0.388	2143.4	High	Reroute	Critical
2026-07-11T14:33:32.913025+00:00	CONT-1002	Strawberry	Bengaluru	Delhi	12.76	95	0.591	2143.38	High	Reroute	Critical
2026-07-11T14:33:34.928987+00:00	CONT-1004	Mango	Bengaluru	Delhi	9.47	82.21	0.154	2146.67	High	Reroute	Critical
2026-07-11T14:33:35.933342+00:00	CONT-1001	Avocado	Bengaluru	Delhi	4.1	86.98	0.392	2143.32	High	Reroute	Critical
2026-07-11T14:33:35.935846+00:00	CONT-1003	Grapes	Bengaluru	Delhi	1.18	90.96	0.12	2143.32	Low	Continue	Normal
2026-07-11T14:33:36.941872+00:00	CONT-1002	Strawberry	Bengaluru	Delhi	12.95	94.75	0.578	2143.3	High	Reroute	Critical
2026-07-11T14:33:38.953399+00:00	CONT-1000	Banana	Bengaluru	Delhi	12.18	88.98	0.093	2146.63	High	Reroute	Critical
2026-07-11T14:33:38.956502+00:00	CONT-1002	Strawberry	Bengaluru	Delhi	13.02	94.89	0.577	2143.26	High	Reroute	Critical
2026-07-11T14:33:38.957369+00:00	CONT-1003	Grapes	Bengaluru	Delhi	1.44	90.92	0.114	2143.26	Low	Continue	Normal
2026-07-11T14:33:38.962515+00:00	CONT-1004	Mango	Bengaluru	Delhi	9.59	82.74	0.16	2146.63	High	Reroute	Critical
2026-07-11T14:33:39.966336+00:00	CONT-1001	Avocado	Bengaluru	Delhi	4.26	87.46	0.388	2143.24	High	Reroute	Critical
2026-07-11T14:33:39.967071+00:00	CONT-1002	Strawberry	Bengaluru	Delhi	13.04	94.54	0.569	2143.24	High	Reroute	Critical
2026-07-11T14:33:39.968862+00:00	CONT-1003	Grapes	Bengaluru	Delhi	1.43	90.76	0.107	2143.24	Low	Continue	Normal
2026-07-11T14:33:40.975192+00:00	CONT-1002	Strawberry	Bengaluru	Delhi	13.08	94.46	0.563	2143.22	High	Reroute	Critical
2026-07-11T14:33:41.980890+00:00	CONT-1001	Avocado	Bengaluru	Delhi	4.17	87.96	0.376	2143.2	High	Reroute	Critical
2026-07-11T14:33:41.982944+00:00	CONT-1002	Strawberry	Bengaluru	Delhi	13.12	94.66	0.548	2143.2	High	Reroute	Critical
2026-07-11T14:33:41.984175+00:00	CONT-1003	Grapes	Bengaluru	Delhi	1.41	91.45	0.132	2143.2	Low	Continue	Normal
2026-07-11T14:33:41.984581+00:00	CONT-1004	Mango	Bengaluru	Delhi	9.74	82.34	0.163	2146.6	High	Reroute	Critical
2026-07-11T14:33:42.987009+00:00	CONT-1001	Avocado	Bengaluru	Delhi	4.27	87.92	0.367	2143.18	High	Reroute	Critical
2026-07-11T14:33:42.989126+00:00	CONT-1002	Strawberry	Bengaluru	Delhi	13.15	94.93	0.549	2143.18	High	Reroute	Critical
2026-07-11T14:33:42.989672+00:00	CONT-1003	Grapes	Bengaluru	Delhi	1.49	91.14	0.119	2143.18	Low	Continue	Normal
2026-07-11T14:33:43.996146+00:00	CONT-1004	Mango	Bengaluru	Delhi	9.54	82.47	0.143	2146.58	High	Reroute	Critical
2026-07-11T14:33:44.997983+00:00	CONT-1001	Avocado	Bengaluru	Delhi	4.32	87.7	0.359	2143.14	High	Reroute	Critical
2026-07-11T14:33:44.999526+00:00	CONT-1002	Strawberry	Bengaluru	Delhi	13.23	94.32	0.585	2143.14	High	Reroute	Critical
2026-07-11T14:33:45.001388+00:00	CONT-1004	Mango	Bengaluru	Delhi	9.64	82.45	0.125	2146.57	High	Reroute	Critical
2026-07-11T14:33:47.006591+00:00	CONT-1000	Banana	Bengaluru	Delhi	12.26	88.87	0.184	2146.55	High	Reroute	Critical
2026-07-11T14:33:50.034848+00:00	CONT-1001	Avocado	Bengaluru	Delhi	4.39	88.35	0.337	2143.04	High	Reroute	Critical
2026-07-11T14:33:50.040096+00:00	CONT-1004	Mango	Bengaluru	Delhi	9.54	81.12	0.092	2146.52	High	Reroute	Critical
2026-07-11T14:33:51.043872+00:00	CONT-1001	Avocado	Bengaluru	Delhi	4.48	88.02	0.323	2143.02	High	Reroute	Critical
2026-07-11T14:33:51.044644+00:00	CONT-1002	Strawberry	Bengaluru	Delhi	13.47	94.79	0.6	2143.02	High	Reroute	Critical
2026-07-11T14:33:51.046732+00:00	CONT-1003	Grapes	Bengaluru	Delhi	1.59	93.03	0.12	2143.02	Low	Continue	Normal
2026-07-11T14:33:51.047152+00:00	CONT-1004	Mango	Bengaluru	Delhi	9.43	80.98	0.079	2146.51	High	Reroute	Critical
2026-07-11T14:33:52.053262+00:00	CONT-1004	Mango	Bengaluru	Delhi	9.55	81.04	0.068	2146.5	High	Reroute	Critical
2026-07-11T14:33:53.054850+00:00	CONT-1000	Banana	Bengaluru	Delhi	12.26	89.39	0.184	2146.49	High	Reroute	Critical
2026-07-11T14:33:53.060464+00:00	CONT-1003	Grapes	Bengaluru	Delhi	1.56	93.76	0.13	2142.98	Low	Continue	Normal
2026-07-11T14:33:54.065502+00:00	CONT-1001	Avocado	Bengaluru	Delhi	4.49	87.6	0.32	2142.96	High	Reroute	Critical
2026-07-11T14:33:55.072991+00:00	CONT-1000	Banana	Bengaluru	Delhi	12.47	89.01	0.196	2146.47	High	Reroute	Critical
2026-07-11T14:33:56.081615+00:00	CONT-1000	Banana	Bengaluru	Delhi	12.62	89.25	0.194	2146.46	High	Reroute	Critical
2026-07-11T14:33:56.083989+00:00	CONT-1002	Strawberry	Bengaluru	Delhi	13.64	94.87	0.6	2142.92	High	Reroute	Critical
2026-07-11T14:33:57.092872+00:00	CONT-1002	Strawberry	Bengaluru	Delhi	13.67	94.99	0.595	2142.9	High	Reroute	Critical
2026-07-11T14:33:57.094841+00:00	CONT-1003	Grapes	Bengaluru	Delhi	1.34	93.83	0.127	2142.9	Low	Continue	Normal
2026-07-11T14:33:57.096486+00:00	CONT-1004	Mango	Bengaluru	Delhi	9.53	81.11	0.035	2146.45	High	Reroute	Critical
2026-07-11T14:33:58.099452+00:00	CONT-1000	Banana	Bengaluru	Delhi	12.52	89.24	0.201	2146.44	High	Reroute	Critical
2026-07-11T14:33:58.101492+00:00	CONT-1001	Avocado	Bengaluru	Delhi	4.37	88.3	0.319	2142.88	High	Reroute	Critical
2026-07-11T14:33:58.102140+00:00	CONT-1002	Strawberry	Bengaluru	Delhi	13.71	94.72	0.597	2142.88	High	Reroute	Critical
2026-07-11T14:33:58.105452+00:00	CONT-1004	Mango	Bengaluru	Delhi	9.43	80.83	0.023	2146.44	High	Reroute	Critical
2026-07-11T14:33:59.108802+00:00	CONT-1001	Avocado	Bengaluru	Delhi	4.24	88.05	0.335	2142.86	High	Reroute	Critical
2026-07-11T14:34:00.119432+00:00	CONT-1004	Mango	Bengaluru	Delhi	9.52	80.88	0.021	2146.42	High	Reroute	Critical
2026-07-11T14:34:01.122364+00:00	CONT-1000	Banana	Bengaluru	Delhi	12.33	89.05	0.214	2146.41	High	Reroute	Critical
2026-07-11T14:34:01.135216+00:00	CONT-1004	Mango	Bengaluru	Delhi	9.65	81.27	0.021	2146.41	High	Reroute	Critical
2026-07-11T14:34:03.146815+00:00	CONT-1000	Banana	Bengaluru	Delhi	12.18	89.53	0.22	2146.39	High	Reroute	Critical
2026-07-11T14:34:03.151684+00:00	CONT-1002	Strawberry	Bengaluru	Delhi	13.89	93.89	0.6	2142.78	High	Reroute	Critical
2026-07-11T14:34:03.154402+00:00	CONT-1003	Grapes	Bengaluru	Delhi	1.41	92.64	0.114	2142.78	Low	Continue	Normal
2026-07-11T14:34:04.156989+00:00	CONT-1000	Banana	Bengaluru	Delhi	12.28	89.67	0.239	2146.38	High	Reroute	Critical
2026-07-11T14:34:04.160845+00:00	CONT-1003	Grapes	Bengaluru	Delhi	1.5	92.91	0.117	2142.76	Low	Continue	Normal
2026-07-11T14:34:04.162317+00:00	CONT-1004	Mango	Bengaluru	Delhi	9.69	81.86	0.049	2146.38	High	Reroute	Critical
2026-07-11T14:34:05.164719+00:00	CONT-1001	Avocado	Bengaluru	Delhi	4.25	87.01	0.295	2142.74	High	Reroute	Critical
2026-07-11T14:34:05.165981+00:00	CONT-1004	Mango	Bengaluru	Delhi	9.62	82.03	0.03	2146.37	High	Reroute	Critical
2026-07-11T14:34:07.177838+00:00	CONT-1003	Grapes	Bengaluru	Delhi	1.58	93.7	0.132	2142.7	Low	Continue	Normal
2026-07-11T14:34:08.183702+00:00	CONT-1001	Avocado	Bengaluru	Delhi	4.1	87.17	0.274	2142.68	High	Reroute	Critical
2026-07-11T14:34:09.197549+00:00	CONT-1001	Avocado	Bengaluru	Delhi	4.01	87.4	0.278	2142.66	High	Reroute	Critical
2026-07-11T14:34:10.205020+00:00	CONT-1001	Avocado	Bengaluru	Delhi	4	87.61	0.287	2142.64	High	Reroute	Critical
2026-07-11T14:34:10.205687+00:00	CONT-1002	Strawberry	Bengaluru	Delhi	14.11	94.23	0.593	2142.64	High	Reroute	Critical
2026-07-11T14:34:10.207339+00:00	CONT-1003	Grapes	Bengaluru	Delhi	1.65	93.77	0.13	2142.64	Low	Continue	Normal
2026-07-11T14:34:10.207720+00:00	CONT-1004	Mango	Bengaluru	Delhi	9.92	81.96	0.024	2146.32	High	Reroute	Critical
2026-07-11T14:34:11.211718+00:00	CONT-1001	Avocado	Bengaluru	Delhi	4.08	87.61	0.301	2142.62	High	Reroute	Critical
2026-07-11T14:34:11.212367+00:00	CONT-1002	Strawberry	Bengaluru	Delhi	14.15	94.08	1.29	2142.62	High	Reroute	Critical
2026-07-11T14:34:11.213917+00:00	CONT-1003	Grapes	Bengaluru	Delhi	1.54	93.82	0.139	2142.62	Low	Continue	Normal
2026-07-11T14:34:11.214353+00:00	CONT-1004	Mango	Bengaluru	Delhi	9.83	82.07	0.018	2146.31	High	Reroute	Critical
2026-07-11T14:34:12.216590+00:00	CONT-1000	Banana	Bengaluru	Delhi	12.05	89.57	0.175	2146.3	High	Reroute	Critical
2026-07-11T14:34:12.218411+00:00	CONT-1001	Avocado	Bengaluru	Delhi	4.13	87.7	0.286	2142.6	High	Reroute	Critical
2026-07-11T14:34:12.220575+00:00	CONT-1003	Grapes	Bengaluru	Delhi	1.64	93.54	0.133	2142.6	Low	Continue	Normal
2026-07-11T14:34:12.220971+00:00	CONT-1004	Mango	Bengaluru	Delhi	9.73	81.72	0.016	2146.3	High	Reroute	Critical
2026-07-11T14:34:13.224092+00:00	CONT-1001	Avocado	Bengaluru	Delhi	4.08	87.56	0.294	2142.58	High	Reroute	Critical
2026-07-11T14:34:14.232069+00:00	CONT-1000	Banana	Bengaluru	Delhi	12	89.87	0.197	2146.28	High	Reroute	Critical
2026-07-11T14:34:14.233249+00:00	CONT-1001	Avocado	Bengaluru	Delhi	4.21	87.78	0.304	2142.56	High	Reroute	Critical
2026-07-11T14:34:14.235179+00:00	CONT-1002	Strawberry	Bengaluru	Delhi	14.26	94.21	0.6	2142.56	High	Reroute	Critical
2026-07-11T14:34:14.235709+00:00	CONT-1003	Grapes	Bengaluru	Delhi	1.64	93.71	0.163	2142.56	Low	Continue	Normal
2026-07-11T14:34:15.241227+00:00	CONT-1002	Strawberry	Bengaluru	Delhi	14.3	94.05	0.583	2142.54	High	Reroute	Critical
2026-07-11T14:34:16.255132+00:00	CONT-1001	Avocado	Bengaluru	Delhi	4.02	87.71	0.277	2142.52	High	Reroute	Critical
2026-07-11T14:34:17.261770+00:00	CONT-1001	Avocado	Bengaluru	Delhi	4.12	87.68	0.277	2142.5	High	Reroute	Critical
2026-07-11T14:34:17.263878+00:00	CONT-1002	Strawberry	Bengaluru	Delhi	14.35	93.38	0.6	2142.5	High	Reroute	Critical
2026-07-11T14:34:17.264642+00:00	CONT-1003	Grapes	Bengaluru	Delhi	1.7	93.86	0.133	2142.5	Low	Continue	Normal
2026-07-11T14:34:17.265390+00:00	CONT-1004	Mango	Bengaluru	Delhi	9.67	81.87	0.053	2146.25	High	Reroute	Critical
2026-07-11T14:34:18.267520+00:00	CONT-1001	Avocado	Bengaluru	Delhi	4.16	87.82	0.28	2142.48	High	Reroute	Critical
2026-07-11T14:34:18.270947+00:00	CONT-1002	Strawberry	Bengaluru	Delhi	14.39	93.69	0.6	2142.48	High	Reroute	Critical
2026-07-11T14:34:18.271942+00:00	CONT-1003	Grapes	Bengaluru	Delhi	1.64	94.16	0.133	2142.48	Low	Continue	Normal
2026-07-11T14:34:20.286044+00:00	CONT-1003	Grapes	Bengaluru	Delhi	1.55	94.81	0.132	2142.44	Low	Continue	Normal
2026-07-11T14:34:22.297953+00:00	CONT-1001	Avocado	Bengaluru	Delhi	4.35	88.32	0.272	2142.4	High	Reroute	Critical
2026-07-11T14:34:22.300754+00:00	CONT-1002	Strawberry	Bengaluru	Delhi	14.55	93.92	0.6	2142.4	High	Reroute	Critical
2026-07-11T14:34:22.303376+00:00	CONT-1004	Mango	Bengaluru	Delhi	9.54	81.59	0.035	2146.2	High	Reroute	Critical
2026-07-11T14:34:23.305690+00:00	CONT-1001	Avocado	Bengaluru	Delhi	4.29	88.02	0.276	2142.38	High	Reroute	Critical
2026-07-11T14:34:23.308120+00:00	CONT-1003	Grapes	Bengaluru	Delhi	1.53	94.65	0.12	2142.38	Low	Continue	Normal
2026-07-11T14:34:23.309931+00:00	CONT-1004	Mango	Bengaluru	Delhi	9.5	81.73	0.054	2146.19	High	Reroute	Critical
2026-07-11T14:34:24.311411+00:00	CONT-1000	Banana	Bengaluru	Delhi	12	89.04	0.187	2146.18	High	Reroute	Critical
2026-07-11T14:34:24.314677+00:00	CONT-1002	Strawberry	Bengaluru	Delhi	14.62	94.41	0.598	2142.36	High	Reroute	Critical
2026-07-11T14:34:25.322434+00:00	CONT-1000	Banana	Bengaluru	Delhi	12.03	89.27	0.177	2146.17	High	Reroute	Critical
2026-07-11T14:34:25.326408+00:00	CONT-1003	Grapes	Bengaluru	Delhi	1.5	94.53	0.132	2142.34	Low	Continue	Normal
2026-07-11T14:34:25.327921+00:00	CONT-1004	Mango	Bengaluru	Delhi	9.68	81.57	0.065	2146.17	High	Reroute	Critical
2026-07-11T14:34:26.330834+00:00	CONT-1001	Avocado	Bengaluru	Delhi	4.48	88.23	0.272	2142.32	High	Reroute	Critical
2026-07-11T14:34:27.343953+00:00	CONT-1004	Mango	Bengaluru	Delhi	9.74	82.23	0.064	2146.15	High	Reroute	Critical
2026-07-11T14:34:28.346497+00:00	CONT-1001	Avocado	Bengaluru	Delhi	4.55	88.27	0.301	2142.28	High	Reroute	Critical
2026-07-11T14:34:28.349666+00:00	CONT-1003	Grapes	Bengaluru	Delhi	1.66	94.52	0.102	2142.28	Low	Continue	Normal
2026-07-11T14:34:28.351439+00:00	CONT-1004	Mango	Bengaluru	Delhi	9.7	82.09	0.081	2146.14	High	Reroute	Critical
2026-07-11T14:34:30.362885+00:00	CONT-1004	Mango	Bengaluru	Delhi	9.78	81.88	0.097	2146.12	High	Reroute	Critical
2026-07-11T14:34:31.367516+00:00	CONT-1000	Banana	Bengaluru	Delhi	12	88.35	0.207	2146.11	High	Reroute	Critical
2026-07-11T14:34:33.385216+00:00	CONT-1001	Avocado	Bengaluru	Delhi	4.65	88.89	0.286	2142.18	High	Reroute	Critical
2026-07-11T14:34:35.406015+00:00	CONT-1002	Strawberry	Bengaluru	Delhi	15.01	94.65	0.6	2142.14	High	Reroute	Critical
2026-07-11T14:34:35.407702+00:00	CONT-1004	Mango	Bengaluru	Delhi	10.01	81.38	0.083	2146.07	High	Reroute	Critical
2026-07-11T14:34:36.410842+00:00	CONT-1001	Avocado	Bengaluru	Delhi	4.6	88.72	0.267	2142.12	High	Reroute	Critical
2026-07-11T14:34:36.413421+00:00	CONT-1003	Grapes	Bengaluru	Delhi	1.3	94.02	0.122	2142.12	Low	Continue	Normal
2026-07-11T14:34:37.419514+00:00	CONT-1001	Avocado	Bengaluru	Delhi	4.62	88.96	0.286	2142.1	High	Reroute	Critical
2026-07-11T14:34:37.420158+00:00	CONT-1002	Strawberry	Bengaluru	Delhi	15.07	94.55	0.583	2142.1	High	Reroute	Critical
2026-07-11T14:34:37.422031+00:00	CONT-1003	Grapes	Bengaluru	Delhi	1.26	93.78	0.121	2142.1	Low	Continue	Normal
2026-07-11T14:34:38.426907+00:00	CONT-1002	Strawberry	Bengaluru	Delhi	15.1	94.57	0.591	2142.08	High	Reroute	Critical
2026-07-11T14:34:38.428630+00:00	CONT-1003	Grapes	Bengaluru	Delhi	1.19	93.83	0.115	2142.08	Low	Continue	Normal
2026-07-11T14:34:38.437628+00:00	CONT-1004	Mango	Bengaluru	Delhi	10.19	81.71	0.04	2146.04	High	Reroute	Critical
2026-07-11T14:34:39.441676+00:00	CONT-1002	Strawberry	Bengaluru	Delhi	15.13	94.97	0.577	2142.06	High	Reroute	Critical
2026-07-11T14:34:39.442663+00:00	CONT-1003	Grapes	Bengaluru	Delhi	1.05	93.8	0.12	2142.06	Low	Continue	Normal
2026-07-11T14:34:39.444825+00:00	CONT-1004	Mango	Bengaluru	Delhi	10.17	81.81	0.049	2146.03	High	Reroute	Critical
2026-07-11T14:34:40.446136+00:00	CONT-1000	Banana	Bengaluru	Delhi	12	88.16	0.231	2146.02	High	Reroute	Critical
2026-07-11T14:34:40.448860+00:00	CONT-1002	Strawberry	Bengaluru	Delhi	15.17	94.7	0.577	2142.04	High	Reroute	Critical
2026-07-11T14:34:40.449493+00:00	CONT-1003	Grapes	Bengaluru	Delhi	0.91	94.06	0.133	2142.04	Low	Continue	Normal
2026-07-11T14:34:41.451277+00:00	CONT-1000	Banana	Bengaluru	Delhi	12.04	87.79	0.247	2146.01	High	Reroute	Critical
2026-07-11T14:34:41.455044+00:00	CONT-1003	Grapes	Bengaluru	Delhi	0.77	94.12	0.125	2142.02	Low	Continue	Normal
2026-07-11T14:34:42.457972+00:00	CONT-1001	Avocado	Bengaluru	Delhi	4.75	88.91	0.269	2142	High	Reroute	Critical
2026-07-11T14:34:42.459959+00:00	CONT-1002	Strawberry	Bengaluru	Delhi	15.22	94.83	0.583	2142	High	Reroute	Critical
2026-07-11T14:34:42.460455+00:00	CONT-1003	Grapes	Bengaluru	Delhi	0.9	94.17	0.133	2142	Low	Continue	Normal
2026-07-11T14:34:42.460980+00:00	CONT-1004	Mango	Bengaluru	Delhi	9.95	81.78	0.071	2146	High	Reroute	Critical
2026-07-11T14:34:43.471525+00:00	CONT-1004	Mango	Bengaluru	Delhi	10.09	81.56	0.059	2145.99	High	Reroute	Critical
2026-07-11T14:34:44.474309+00:00	CONT-1000	Banana	Bengaluru	Delhi	12.2	87.95	0.272	2145.98	High	Reroute	Critical
2026-07-11T14:34:44.476470+00:00	CONT-1001	Avocado	Bengaluru	Delhi	4.78	88.48	0.273	2141.96	High	Reroute	Critical
2026-07-11T14:34:44.477110+00:00	CONT-1002	Strawberry	Bengaluru	Delhi	15.29	95	0.585	2141.96	High	Reroute	Critical
2026-07-11T14:34:44.477492+00:00	CONT-1003	Grapes	Bengaluru	Delhi	0.74	94.41	0.118	2141.96	Low	Continue	Normal
2026-07-11T14:34:45.486012+00:00	CONT-1004	Mango	Bengaluru	Delhi	9.97	81.85	0.065	2145.97	High	Reroute	Critical
2026-07-11T14:34:46.495383+00:00	CONT-1003	Grapes	Bengaluru	Delhi	0.73	94.72	0.111	2141.92	Low	Continue	Normal
2026-07-11T14:34:47.507783+00:00	CONT-1001	Avocado	Bengaluru	Delhi	4.89	88.94	0.277	2141.9	High	Reroute	Critical
2026-07-11T14:34:47.510524+00:00	CONT-1003	Grapes	Bengaluru	Delhi	0.79	94.5	0.1	2141.9	Low	Continue	Normal
2026-07-11T14:34:47.511981+00:00	CONT-1004	Mango	Bengaluru	Delhi	10.11	81.28	0.03	2145.95	High	Reroute	Critical
2026-07-11T14:34:48.514536+00:00	CONT-1001	Avocado	Bengaluru	Delhi	4.74	89.32	0.274	2141.88	High	Reroute	Critical
2026-07-11T14:34:48.517418+00:00	CONT-1002	Strawberry	Bengaluru	Delhi	15.46	95	0.556	2141.88	High	Reroute	Critical
2026-07-11T14:34:49.521529+00:00	CONT-1000	Banana	Bengaluru	Delhi	12.17	88.6	0.307	2145.93	High	Reroute	Critical
2026-07-11T14:34:49.523122+00:00	CONT-1001	Avocado	Bengaluru	Delhi	4.81	89.19	0.289	2141.86	High	Reroute	Critical
2026-07-11T14:34:49.528041+00:00	CONT-1003	Grapes	Bengaluru	Delhi	0.67	94.01	0.103	2141.86	Low	Continue	Normal
2026-07-11T14:34:50.535980+00:00	CONT-1000	Banana	Bengaluru	Delhi	12.29	88.57	0.323	2145.92	High	Reroute	Critical
2026-07-11T14:34:52.551052+00:00	CONT-1003	Grapes	Bengaluru	Delhi	0.94	93.97	0.119	2141.8	Low	Continue	Normal
2026-07-11T14:34:54.562589+00:00	CONT-1000	Banana	Bengaluru	Delhi	12.34	88.46	0.319	2145.88	High	Reroute	Critical
2026-07-11T14:34:55.571666+00:00	CONT-1001	Avocado	Bengaluru	Delhi	4.46	88.44	0.302	2141.74	High	Reroute	Critical
2026-07-11T14:34:56.577984+00:00	CONT-1000	Banana	Bengaluru	Delhi	12.38	88.97	0.315	2145.86	High	Reroute	Critical
2026-07-11T14:34:58.590810+00:00	CONT-1000	Banana	Bengaluru	Delhi	12.25	89.05	0.32	2145.84	High	Reroute	Critical
2026-07-11T14:34:58.591696+00:00	CONT-1001	Avocado	Bengaluru	Delhi	4.37	88.88	0.315	2141.68	High	Reroute	Critical
2026-07-11T14:34:59.599957+00:00	CONT-1000	Banana	Bengaluru	Delhi	12.12	88.89	0.324	2145.83	High	Reroute	Critical
2026-07-11T14:34:59.601924+00:00	CONT-1001	Avocado	Bengaluru	Delhi	4.38	89.17	0.331	2141.66	High	Reroute	Critical
2026-07-11T14:34:59.602629+00:00	CONT-1002	Strawberry	Bengaluru	Delhi	15.87	94.56	0.494	2141.66	High	Reroute	Critical
2026-07-11T14:34:59.603059+00:00	CONT-1003	Grapes	Bengaluru	Delhi	1.19	94.36	0.147	2141.66	Low	Continue	Normal
2026-07-11T14:34:59.603376+00:00	CONT-1004	Mango	Bengaluru	Delhi	10.47	80.88	0.019	2145.83	High	Reroute	Critical
2026-07-11T14:35:00.606243+00:00	CONT-1001	Avocado	Bengaluru	Delhi	4.5	89.35	0.315	2141.64	High	Reroute	Critical
2026-07-11T14:35:00.608760+00:00	CONT-1003	Grapes	Bengaluru	Delhi	1.24	94.01	0.137	2141.64	Low	Continue	Normal
2026-07-11T14:35:01.611423+00:00	CONT-1000	Banana	Bengaluru	Delhi	12.07	88.86	0.323	2145.81	High	Reroute	Critical
2026-07-11T14:35:01.614554+00:00	CONT-1002	Strawberry	Bengaluru	Delhi	15.93	94.4	1.182	2141.62	High	Reroute	Critical
2026-07-11T14:35:01.615226+00:00	CONT-1003	Grapes	Bengaluru	Delhi	1.2	94.41	0.121	2141.62	Low	Continue	Normal
2026-07-11T14:35:01.615746+00:00	CONT-1004	Mango	Bengaluru	Delhi	10.6	80.45	0.027	2145.81	High	Reroute	Critical
2026-07-11T14:35:02.621887+00:00	CONT-1002	Strawberry	Bengaluru	Delhi	15.96	94.72	0.6	2141.6	High	Reroute	Critical
2026-07-11T14:35:02.624475+00:00	CONT-1003	Grapes	Bengaluru	Delhi	1.29	94.12	0.116	2141.6	Low	Continue	Normal
2026-07-11T14:35:04.639231+00:00	CONT-1004	Mango	Bengaluru	Delhi	10.86	80.78	0	2145.78	High	Reroute	Critical
2026-07-11T14:35:06.646660+00:00	CONT-1000	Banana	Bengaluru	Delhi	12	88.17	0.32	2145.76	High	Reroute	Critical
2026-07-11T14:35:06.649152+00:00	CONT-1002	Strawberry	Bengaluru	Delhi	16.06	95	0.58	2141.52	High	Reroute	Critical
2026-07-11T14:35:06.656247+00:00	CONT-1004	Mango	Bengaluru	Delhi	10.88	80.73	0	2145.76	High	Reroute	Critical
2026-07-11T14:35:07.660907+00:00	CONT-1002	Strawberry	Bengaluru	Delhi	16.1	95	0.902	2141.5	High	Reroute	Critical
2026-07-11T14:35:09.677960+00:00	CONT-1001	Avocado	Bengaluru	Delhi	4.49	88.6	0.33	2141.46	High	Reroute	Critical
2026-07-11T14:35:10.687001+00:00	CONT-1002	Strawberry	Bengaluru	Delhi	16.21	94.92	0.598	2141.44	High	Reroute	Critical
2026-07-11T14:35:11.696975+00:00	CONT-1000	Banana	Bengaluru	Delhi	12.37	88.37	0.268	2145.71	High	Reroute	Critical
2026-07-11T14:35:11.698509+00:00	CONT-1001	Avocado	Bengaluru	Delhi	4.34	89.08	0.324	2141.42	High	Reroute	Critical
2026-07-11T14:35:11.699665+00:00	CONT-1002	Strawberry	Bengaluru	Delhi	16.25	94.57	0.582	2141.42	High	Reroute	Critical
2026-07-11T14:35:12.707643+00:00	CONT-1004	Mango	Bengaluru	Delhi	10.98	80.82	0.021	2145.7	High	Reroute	Critical
2026-07-11T14:35:13.711515+00:00	CONT-1002	Strawberry	Bengaluru	Delhi	16.33	94.55	0.591	2141.38	High	Reroute	Critical
2026-07-11T14:35:14.717436+00:00	CONT-1001	Avocado	Bengaluru	Delhi	4.25	89.13	0.312	2141.36	High	Reroute	Critical
2026-07-11T14:35:14.718170+00:00	CONT-1002	Strawberry	Bengaluru	Delhi	16.38	94.53	0.587	2141.36	High	Reroute	Critical
2026-07-11T14:35:14.720544+00:00	CONT-1004	Mango	Bengaluru	Delhi	11.03	80.3	0.015	2145.68	High	Reroute	Critical
2026-07-11T14:35:15.723517+00:00	CONT-1000	Banana	Bengaluru	Delhi	12.08	87.55	0.28	2145.67	High	Reroute	Critical
2026-07-11T14:35:15.727087+00:00	CONT-1003	Grapes	Bengaluru	Delhi	1.39	94.7	0.065	2141.34	Low	Continue	Normal
2026-07-11T14:35:16.733677+00:00	CONT-1002	Strawberry	Bengaluru	Delhi	16.46	94.61	0.577	2141.32	High	Reroute	Critical
2026-07-11T14:35:16.735817+00:00	CONT-1003	Grapes	Bengaluru	Delhi	1.45	94.44	0.082	2141.32	Low	Continue	Normal
2026-07-11T14:35:16.739166+00:00	CONT-1004	Mango	Bengaluru	Delhi	10.89	80.46	0.024	2145.66	High	Reroute	Critical
2026-07-11T14:35:17.742735+00:00	CONT-1001	Avocado	Bengaluru	Delhi	4.11	88.89	0.331	2141.3	High	Reroute	Critical
2026-07-11T14:35:17.743359+00:00	CONT-1002	Strawberry	Bengaluru	Delhi	16.51	94.45	0.581	2141.3	High	Reroute	Critical
2026-07-11T14:35:17.747169+00:00	CONT-1004	Mango	Bengaluru	Delhi	11.01	80.78	0.039	2145.65	High	Reroute	Critical
2026-07-11T14:35:18.751837+00:00	CONT-1001	Avocado	Bengaluru	Delhi	4.18	88.54	0.311	2141.28	High	Reroute	Critical
2026-07-11T14:35:18.756322+00:00	CONT-1003	Grapes	Bengaluru	Delhi	1.46	94.02	0.091	2141.28	Low	Continue	Normal
2026-07-11T14:35:18.757089+00:00	CONT-1004	Mango	Bengaluru	Delhi	11.1	80.97	0.027	2145.64	High	Reroute	Critical
2026-07-11T14:35:19.761151+00:00	CONT-1002	Strawberry	Bengaluru	Delhi	16.59	94.23	0.583	2141.26	High	Reroute	Critical
2026-07-11T14:35:21.777326+00:00	CONT-1001	Avocado	Bengaluru	Delhi	4.36	88.66	0.291	2141.22	High	Reroute	Critical
2026-07-11T14:35:22.786604+00:00	CONT-1001	Avocado	Bengaluru	Delhi	4.39	88.46	0.306	2141.2	High	Reroute	Critical
2026-07-11T14:35:22.788569+00:00	CONT-1002	Strawberry	Bengaluru	Delhi	16.67	93.82	0.581	2141.2	High	Reroute	Critical
2026-07-11T14:35:22.789343+00:00	CONT-1003	Grapes	Bengaluru	Delhi	1.36	94.7	0.084	2141.2	Low	Continue	Normal
2026-07-11T14:35:22.790352+00:00	CONT-1004	Mango	Bengaluru	Delhi	10.96	81.47	0.01	2145.6	High	Reroute	Critical
2026-07-11T14:35:23.792566+00:00	CONT-1001	Avocado	Bengaluru	Delhi	4.36	88.69	0.311	2141.18	High	Reroute	Critical
2026-07-11T14:35:23.795932+00:00	CONT-1003	Grapes	Bengaluru	Delhi	1.4	94.89	0.068	2141.18	Low	Continue	Normal
2026-07-11T14:35:23.797352+00:00	CONT-1004	Mango	Bengaluru	Delhi	11.08	81.38	0.013	2145.59	High	Reroute	Critical
2026-07-11T14:35:24.798449+00:00	CONT-1000	Banana	Bengaluru	Delhi	12.21	88.34	0.305	2145.58	High	Reroute	Critical
2026-07-11T14:35:24.804991+00:00	CONT-1004	Mango	Bengaluru	Delhi	10.93	81.18	0.024	2145.58	Medium	Continue	Warning
2026-07-11T14:35:25.813558+00:00	CONT-1001	Avocado	Bengaluru	Delhi	4.45	88.28	0.327	2141.14	High	Reroute	Critical
2026-07-11T14:35:27.825022+00:00	CONT-1000	Banana	Bengaluru	Delhi	12.05	88.55	0.324	2145.55	High	Reroute	Critical
2026-07-11T14:35:27.827633+00:00	CONT-1002	Strawberry	Bengaluru	Delhi	16.87	92.92	0.579	2141.1	High	Reroute	Critical
2026-07-11T14:35:27.829678+00:00	CONT-1003	Grapes	Bengaluru	Delhi	1.45	95	0.077	2141.1	Low	Continue	Normal
2026-07-11T14:35:28.836940+00:00	CONT-1003	Grapes	Bengaluru	Delhi	1.57	95	0.058	2141.08	Low	Continue	Normal
2026-07-11T14:35:29.841282+00:00	CONT-1001	Avocado	Bengaluru	Delhi	4.28	88.64	0.312	2141.06	High	Reroute	Critical
2026-07-11T14:35:30.852165+00:00	CONT-1001	Avocado	Bengaluru	Delhi	4.2	88.57	0.317	2141.04	High	Reroute	Critical
2026-07-11T14:35:30.855008+00:00	CONT-1003	Grapes	Bengaluru	Delhi	1.53	94.58	0.051	2141.04	Low	Continue	Normal
2026-07-11T14:35:31.858912+00:00	CONT-1001	Avocado	Bengaluru	Delhi	4.29	88.39	0.331	2141.02	High	Reroute	Critical
2026-07-11T14:35:31.861881+00:00	CONT-1004	Mango	Bengaluru	Delhi	11.1	81.95	0.022	2145.51	Medium	Continue	Warning
2026-07-11T14:35:32.865928+00:00	CONT-1002	Strawberry	Bengaluru	Delhi	17.05	93.64	0.6	2141	High	Reroute	Critical
2026-07-11T14:35:32.866520+00:00	CONT-1003	Grapes	Bengaluru	Delhi	1.74	94.34	0.038	2141	Low	Continue	Normal
2026-07-11T14:35:33.876254+00:00	CONT-1004	Mango	Bengaluru	Delhi	10.9	81.72	0.028	2145.49	Medium	Continue	Warning
2026-07-11T14:35:34.883505+00:00	CONT-1002	Strawberry	Bengaluru	Delhi	17.11	93.36	0.6	2140.96	High	Reroute	Critical
2026-07-11T14:35:37.910971+00:00	CONT-1001	Avocado	Bengaluru	Delhi	4.36	88.24	0.291	2140.9	High	Reroute	Critical
2026-07-11T14:35:39.925470+00:00	CONT-1001	Avocado	Bengaluru	Delhi	4.39	88.51	0.322	2140.86	High	Reroute	Critical
2026-07-11T14:35:40.936206+00:00	CONT-1001	Avocado	Bengaluru	Delhi	4.41	88.23	0.334	2140.84	High	Reroute	Critical
2026-07-11T14:35:41.942641+00:00	CONT-1001	Avocado	Bengaluru	Delhi	4.36	88.33	0.35	2140.82	High	Reroute	Critical
2026-07-11T14:35:41.943257+00:00	CONT-1002	Strawberry	Bengaluru	Delhi	17.42	92.26	0.52	2140.82	High	Reroute	Critical
2026-07-11T14:35:41.944950+00:00	CONT-1003	Grapes	Bengaluru	Delhi	1.39	94.65	0.001	2140.82	Low	Continue	Normal
2026-07-11T14:35:42.947012+00:00	CONT-1000	Banana	Bengaluru	Delhi	12.14	87.94	0.376	2145.4	High	Reroute	Critical
2026-07-11T14:35:42.949784+00:00	CONT-1002	Strawberry	Bengaluru	Delhi	17.46	92.04	1.21	2140.8	High	Reroute	Critical
2026-07-11T14:35:42.951663+00:00	CONT-1003	Grapes	Bengaluru	Delhi	1.33	94.42	0.012	2140.8	Low	Continue	Normal
2026-07-11T14:35:42.952002+00:00	CONT-1004	Mango	Bengaluru	Delhi	10.85	79.8	0.036	2145.4	Low	Continue	Normal
2026-07-11T14:35:44.962826+00:00	CONT-1000	Banana	Bengaluru	Delhi	12.2	88.31	0.409	2145.38	High	Reroute	Critical
2026-07-11T14:35:44.967409+00:00	CONT-1002	Strawberry	Bengaluru	Delhi	17.53	92.09	0.58	2140.76	High	Reroute	Critical
2026-07-11T14:35:44.969729+00:00	CONT-1004	Mango	Bengaluru	Delhi	10.91	80.06	0.052	2145.38	Low	Continue	Normal
2026-07-11T14:35:45.972810+00:00	CONT-1000	Banana	Bengaluru	Delhi	12.34	88.6	0.418	2145.37	High	Reroute	Critical
2026-07-11T14:35:45.973607+00:00	CONT-1001	Avocado	Bengaluru	Delhi	4.36	87.83	0.35	2140.74	High	Reroute	Critical
2026-07-11T14:35:45.975120+00:00	CONT-1002	Strawberry	Bengaluru	Delhi	17.57	91.86	0.575	2140.74	High	Reroute	Critical
2026-07-11T14:35:46.979065+00:00	CONT-1000	Banana	Bengaluru	Delhi	12.31	88.36	0.418	2145.36	High	Reroute	Critical
2026-07-11T14:35:47.988429+00:00	CONT-1004	Mango	Bengaluru	Delhi	10.71	80.01	0.034	2145.35	Low	Continue	Normal
2026-07-11T14:35:49.994690+00:00	CONT-1000	Banana	Bengaluru	Delhi	12.04	88.56	0.393	2145.33	High	Reroute	Critical
2026-07-11T14:35:49.996702+00:00	CONT-1001	Avocado	Bengaluru	Delhi	4.57	88.73	0.371	2140.66	High	Reroute	Critical
2026-07-11T14:35:49.998612+00:00	CONT-1002	Strawberry	Bengaluru	Delhi	17.69	92.3	0.595	2140.66	High	Reroute	Critical
2026-07-11T14:35:49.999003+00:00	CONT-1003	Grapes	Bengaluru	Delhi	1.59	94.66	0.024	2140.66	Low	Continue	Normal
2026-07-11T14:35:49.999407+00:00	CONT-1004	Mango	Bengaluru	Delhi	10.65	80.07	0.021	2145.33	Low	Continue	Normal
2026-07-11T14:35:51.000503+00:00	CONT-1000	Banana	Bengaluru	Delhi	12.18	88.93	0.409	2145.32	High	Reroute	Critical
2026-07-11T14:35:51.001361+00:00	CONT-1001	Avocado	Bengaluru	Delhi	4.43	89.08	0.377	2140.64	High	Reroute	Critical
2026-07-11T14:35:52.013509+00:00	CONT-1003	Grapes	Bengaluru	Delhi	1.59	94.61	0.032	2140.62	Low	Continue	Normal
2026-07-11T14:35:53.018979+00:00	CONT-1001	Avocado	Bengaluru	Delhi	4.49	88.73	0.407	2140.6	High	Reroute	Critical
2026-07-11T14:35:54.030200+00:00	CONT-1002	Strawberry	Bengaluru	Delhi	17.8	92.18	0.575	2140.58	High	Reroute	Critical
2026-07-11T14:35:54.032632+00:00	CONT-1004	Mango	Bengaluru	Delhi	10.62	80.56	0.03	2145.29	Low	Continue	Normal
2026-07-11T14:35:56.043589+00:00	CONT-1002	Strawberry	Bengaluru	Delhi	17.88	91.69	0.582	2140.54	High	Reroute	Critical
2026-07-11T14:35:56.045203+00:00	CONT-1003	Grapes	Bengaluru	Delhi	1.66	94.56	0.035	2140.54	Low	Continue	Normal
2026-07-11T14:35:57.047753+00:00	CONT-1000	Banana	Bengaluru	Delhi	12.12	87.81	0.365	2145.26	High	Reroute	Critical
2026-07-11T14:35:57.049512+00:00	CONT-1001	Avocado	Bengaluru	Delhi	4.22	89.16	0.398	2140.52	High	Reroute	Critical
2026-07-11T14:35:57.050373+00:00	CONT-1002	Strawberry	Bengaluru	Delhi	17.93	92.07	0.593	2140.52	High	Reroute	Critical
2026-07-11T14:35:58.053485+00:00	CONT-1000	Banana	Bengaluru	Delhi	12.22	88.2	0.37	2145.25	High	Reroute	Critical
2026-07-11T14:35:58.056421+00:00	CONT-1002	Strawberry	Bengaluru	Delhi	17.96	92.28	0.6	2140.5	High	Reroute	Critical
2026-07-11T14:35:58.057072+00:00	CONT-1003	Grapes	Bengaluru	Delhi	1.53	94.66	0.012	2140.5	Low	Continue	Normal
2026-07-11T14:35:59.059312+00:00	CONT-1000	Banana	Bengaluru	Delhi	12.33	88.24	0.387	2145.24	High	Reroute	Critical
2026-07-11T14:35:59.064657+00:00	CONT-1004	Mango	Bengaluru	Delhi	10.57	81.13	0.041	2145.24	Low	Continue	Normal
2026-07-11T14:36:01.075858+00:00	CONT-1001	Avocado	Bengaluru	Delhi	4.17	89.5	0.423	2140.44	High	Reroute	Critical
2026-07-11T14:36:01.076533+00:00	CONT-1002	Strawberry	Bengaluru	Delhi	18.05	91.78	0.6	2140.44	High	Reroute	Critical
2026-07-11T14:36:03.085904+00:00	CONT-1000	Banana	Bengaluru	Delhi	12.28	88.53	0.395	2145.2	High	Reroute	Critical
2026-07-11T14:36:03.086644+00:00	CONT-1001	Avocado	Bengaluru	Delhi	4.38	89.06	0.425	2140.4	High	Reroute	Critical
2026-07-11T14:36:03.088180+00:00	CONT-1002	Strawberry	Bengaluru	Delhi	18.12	91.46	0.586	2140.4	High	Reroute	Critical
2026-07-11T14:36:03.088636+00:00	CONT-1003	Grapes	Bengaluru	Delhi	1.56	94.05	0.009	2140.4	Low	Continue	Normal
2026-07-11T14:36:03.088977+00:00	CONT-1004	Mango	Bengaluru	Delhi	10.51	81.07	0.077	2145.2	Low	Continue	Normal
2026-07-11T14:36:05.101286+00:00	CONT-1003	Grapes	Bengaluru	Delhi	1.47	94.11	0.03	2140.36	Low	Continue	Normal
2026-07-11T14:36:06.106250+00:00	CONT-1001	Avocado	Bengaluru	Delhi	4.33	88.93	0.448	2140.34	High	Reroute	Critical
2026-07-11T14:36:08.119984+00:00	CONT-1001	Avocado	Bengaluru	Delhi	4.32	89.04	0.46	2140.3	High	Reroute	Critical
2026-07-11T14:36:08.122524+00:00	CONT-1003	Grapes	Bengaluru	Delhi	1.43	94.33	0.038	2140.3	Low	Continue	Normal
2026-07-11T14:36:08.123455+00:00	CONT-1004	Mango	Bengaluru	Delhi	10.21	80.96	0.094	2145.15	Low	Continue	Normal
2026-07-11T14:36:09.124338+00:00	CONT-1000	Banana	Bengaluru	Delhi	12.2	88.6	0.371	2145.14	High	Reroute	Critical
2026-07-11T14:36:09.127892+00:00	CONT-1002	Strawberry	Bengaluru	Delhi	18.36	91.94	0.548	2140.28	High	Reroute	Critical
2026-07-11T14:36:10.141345+00:00	CONT-1003	Grapes	Bengaluru	Delhi	1.4	94.8	0.038	2140.26	Low	Continue	Normal
2026-07-11T14:36:11.148089+00:00	CONT-1004	Mango	Bengaluru	Delhi	10.24	81.35	0.088	2145.12	Low	Continue	Normal
2026-07-11T14:36:12.151246+00:00	CONT-1001	Avocado	Bengaluru	Delhi	4.11	88.83	0.463	2140.22	High	Reroute	Critical
2026-07-11T14:36:12.152921+00:00	CONT-1002	Strawberry	Bengaluru	Delhi	18.47	92.53	0.567	2140.22	High	Reroute	Critical
2026-07-11T14:36:12.155229+00:00	CONT-1004	Mango	Bengaluru	Delhi	10.31	81.28	0.077	2145.11	Low	Continue	Normal
2026-07-11T14:36:15.169555+00:00	CONT-1000	Banana	Bengaluru	Delhi	12	88.7	0.378	2145.08	High	Reroute	Critical
2026-07-11T14:36:15.172485+00:00	CONT-1002	Strawberry	Bengaluru	Delhi	18.57	92.76	1.074	2140.16	High	Reroute	Critical
2026-07-11T14:36:16.178732+00:00	CONT-1001	Avocado	Bengaluru	Delhi	4.19	89.05	0.424	2140.14	High	Reroute	Critical
2026-07-11T14:36:16.181684+00:00	CONT-1004	Mango	Bengaluru	Delhi	10.64	80.86	0.062	2145.07	Low	Continue	Normal
2026-07-11T14:36:17.186722+00:00	CONT-1002	Strawberry	Bengaluru	Delhi	18.64	92.82	1.045	2140.12	High	Reroute	Critical
2026-07-11T14:36:19.196639+00:00	CONT-1000	Banana	Bengaluru	Delhi	12	88.07	0.403	2145.04	High	Reroute	Critical
2026-07-11T14:36:22.216548+00:00	CONT-1000	Banana	Bengaluru	Delhi	12	88.2	0.411	2145.01	High	Reroute	Critical
2026-07-11T14:36:22.219969+00:00	CONT-1003	Grapes	Bengaluru	Delhi	1.56	94.6	0.032	2140.02	Low	Continue	Normal
2026-07-11T14:36:22.220570+00:00	CONT-1004	Mango	Bengaluru	Delhi	10.41	80.15	0.106	2145.01	Low	Continue	Normal
2026-07-11T14:36:23.221647+00:00	CONT-1000	Banana	Bengaluru	Delhi	12.02	87.84	0.401	2145	High	Reroute	Critical
2026-07-11T14:36:23.223686+00:00	CONT-1001	Avocado	Bengaluru	Delhi	4.01	89.51	0.465	2140	High	Reroute	Critical
2026-07-11T14:36:23.224292+00:00	CONT-1002	Strawberry	Bengaluru	Delhi	18.88	92.91	0.58	2140	High	Reroute	Critical
2026-07-11T14:36:23.224732+00:00	CONT-1003	Grapes	Bengaluru	Delhi	1.48	94.58	0.032	2140	Low	Continue	Normal
2026-07-11T14:36:24.228492+00:00	CONT-1001	Avocado	Bengaluru	Delhi	4	89.2	0.464	2139.98	High	Reroute	Critical
2026-07-11T14:36:24.231583+00:00	CONT-1003	Grapes	Bengaluru	Delhi	1.46	94.69	0.043	2139.98	Low	Continue	Normal
2026-07-11T14:36:25.234602+00:00	CONT-1000	Banana	Bengaluru	Delhi	12.18	87.47	0.4	2144.98	High	Reroute	Critical
2026-07-11T14:36:25.237210+00:00	CONT-1002	Strawberry	Bengaluru	Delhi	18.95	92.72	0.6	2139.96	High	Reroute	Critical
2026-07-11T14:36:25.239147+00:00	CONT-1003	Grapes	Bengaluru	Delhi	1.54	94.48	0.061	2139.96	Low	Continue	Normal
2026-07-11T14:36:27.250742+00:00	CONT-1002	Strawberry	Bengaluru	Delhi	19.02	92.06	0.578	2139.92	High	Reroute	Critical
2026-07-11T14:36:27.255658+00:00	CONT-1004	Mango	Bengaluru	Delhi	10.46	80.74	0.065	2144.96	Low	Continue	Normal
2026-07-11T14:36:28.259107+00:00	CONT-1001	Avocado	Bengaluru	Delhi	4.2	88.74	0.496	2139.9	High	Reroute	Critical
2026-07-11T14:36:28.261605+00:00	CONT-1004	Mango	Bengaluru	Delhi	10.55	80.77	0.076	2144.95	Low	Continue	Normal
2026-07-11T14:36:29.266900+00:00	CONT-1002	Strawberry	Bengaluru	Delhi	19.11	92.46	0.579	2139.88	High	Reroute	Critical
2026-07-11T14:36:29.268509+00:00	CONT-1003	Grapes	Bengaluru	Delhi	1.36	94.53	0.072	2139.88	Low	Continue	Normal
2026-07-11T14:36:29.269005+00:00	CONT-1004	Mango	Bengaluru	Delhi	10.52	80.91	0.066	2144.94	Low	Continue	Normal
2026-07-11T14:36:30.272881+00:00	CONT-1000	Banana	Bengaluru	Delhi	12.37	87	0.358	2144.93	High	Reroute	Critical
2026-07-11T14:36:30.275985+00:00	CONT-1002	Strawberry	Bengaluru	Delhi	19.16	92.78	0.588	2139.86	High	Reroute	Critical
2026-07-11T14:36:30.276471+00:00	CONT-1003	Grapes	Bengaluru	Delhi	1.41	94.33	0.054	2139.86	Low	Continue	Normal
2026-07-11T14:36:30.277061+00:00	CONT-1004	Mango	Bengaluru	Delhi	10.44	81.06	0.08	2144.93	Low	Continue	Normal
2026-07-11T14:36:31.280384+00:00	CONT-1001	Avocado	Bengaluru	Delhi	4.18	89.69	0.51	2139.84	High	Reroute	Critical
2026-07-11T14:36:31.284318+00:00	CONT-1004	Mango	Bengaluru	Delhi	10.36	80.88	0.081	2144.92	Low	Continue	Normal
2026-07-11T14:36:33.291824+00:00	CONT-1001	Avocado	Bengaluru	Delhi	4.45	89.21	0.539	2139.8	High	Reroute	Critical
2026-07-11T14:36:33.293908+00:00	CONT-1002	Strawberry	Bengaluru	Delhi	19.27	93.03	0.546	2139.8	High	Reroute	Critical
2026-07-11T14:36:33.294503+00:00	CONT-1003	Grapes	Bengaluru	Delhi	1.41	94.1	0.026	2139.8	Low	Continue	Normal
2026-07-11T14:36:34.298703+00:00	CONT-1001	Avocado	Bengaluru	Delhi	4.32	89.19	0.537	2139.78	High	Reroute	Critical
2026-07-11T14:36:35.305334+00:00	CONT-1000	Banana	Bengaluru	Delhi	12.15	88.19	0.384	2144.88	High	Reroute	Critical
2026-07-11T14:36:35.308139+00:00	CONT-1002	Strawberry	Bengaluru	Delhi	19.34	93.47	0.559	2139.76	High	Reroute	Critical
2026-07-11T14:36:37.319769+00:00	CONT-1001	Avocado	Bengaluru	Delhi	4.22	89.07	0.543	2139.72	High	Reroute	Critical
2026-07-11T14:36:37.322998+00:00	CONT-1003	Grapes	Bengaluru	Delhi	1.26	94.72	0.011	2139.72	Low	Continue	Normal
2026-07-11T14:36:38.328436+00:00	CONT-1000	Banana	Bengaluru	Delhi	12.11	88.03	0.374	2144.85	High	Reroute	Critical
2026-07-11T14:36:38.330471+00:00	CONT-1001	Avocado	Bengaluru	Delhi	4.1	88.83	0.534	2139.7	High	Reroute	Critical
2026-07-11T14:36:38.334658+00:00	CONT-1004	Mango	Bengaluru	Delhi	10.35	80.77	0.098	2144.85	Low	Continue	Normal
2026-07-11T14:36:39.337866+00:00	CONT-1001	Avocado	Bengaluru	Delhi	4.07	88.59	0.518	2139.68	High	Reroute	Critical
2026-07-11T14:36:40.342283+00:00	CONT-1001	Avocado	Bengaluru	Delhi	4	88.33	0.53	2139.66	High	Reroute	Critical
2026-07-11T14:36:41.346918+00:00	CONT-1000	Banana	Bengaluru	Delhi	12.07	87.65	0.366	2144.82	High	Reroute	Critical
2026-07-11T14:36:42.353755+00:00	CONT-1000	Banana	Bengaluru	Delhi	12.04	87.76	0.382	2144.81	High	Reroute	Critical
2026-07-11T14:36:42.354464+00:00	CONT-1001	Avocado	Bengaluru	Delhi	4	88.54	0.527	2139.62	High	Reroute	Critical
2026-07-11T14:36:42.356146+00:00	CONT-1002	Strawberry	Bengaluru	Delhi	19.61	93.81	0.57	2139.62	High	Reroute	Critical
2026-07-11T14:36:45.375563+00:00	CONT-1002	Strawberry	Bengaluru	Delhi	19.74	93.31	0.6	2139.56	High	Reroute	Critical
2026-07-11T14:36:46.383142+00:00	CONT-1001	Avocado	Bengaluru	Delhi	4.03	88.74	0.489	2139.54	High	Reroute	Critical
2026-07-11T14:36:46.385806+00:00	CONT-1003	Grapes	Bengaluru	Delhi	0.75	93.61	0.003	2139.54	Low	Continue	Normal
2026-07-11T14:36:46.387311+00:00	CONT-1004	Mango	Bengaluru	Delhi	10.49	79.66	0.158	2144.77	Low	Continue	Normal
2026-07-11T14:36:49.403848+00:00	CONT-1001	Avocado	Bengaluru	Delhi	4	89.12	0.493	2139.48	High	Reroute	Critical
2026-07-11T14:36:49.406874+00:00	CONT-1003	Grapes	Bengaluru	Delhi	0.89	93.44	0	2139.48	Low	Continue	Normal
2026-07-11T14:36:50.411847+00:00	CONT-1003	Grapes	Bengaluru	Delhi	0.75	93.56	0.01	2139.46	Low	Continue	Normal
2026-07-11T14:36:51.417914+00:00	CONT-1002	Strawberry	Bengaluru	Delhi	19.93	94.42	0.594	2139.44	High	Reroute	Critical
2026-07-11T14:36:51.422013+00:00	CONT-1004	Mango	Bengaluru	Delhi	10.38	79.09	0.158	2144.72	Low	Continue	Normal
2026-07-11T14:36:52.425799+00:00	CONT-1001	Avocado	Bengaluru	Delhi	4	88.58	0.483	2139.42	High	Reroute	Critical
2026-07-11T14:36:52.426498+00:00	CONT-1002	Strawberry	Bengaluru	Delhi	19.96	94.38	0.584	2139.42	High	Reroute	Critical
2026-07-11T14:36:52.429315+00:00	CONT-1004	Mango	Bengaluru	Delhi	10.46	79.24	0.141	2144.71	Low	Continue	Normal
2026-07-11T14:36:54.437541+00:00	CONT-1000	Banana	Bengaluru	Delhi	12.13	90.15	0.38	2144.69	High	Reroute	Critical
2026-07-11T14:36:56.451079+00:00	CONT-1002	Strawberry	Bengaluru	Delhi	20.08	93.12	0.582	2139.34	High	Reroute	Critical
2026-07-11T14:36:56.451663+00:00	CONT-1003	Grapes	Bengaluru	Delhi	0.62	92.65	0	2139.34	Low	Continue	Normal
2026-07-11T14:36:56.455035+00:00	CONT-1004	Mango	Bengaluru	Delhi	10.4	78.74	0.116	2144.67	Low	Continue	Normal
2026-07-11T14:36:57.457118+00:00	CONT-1001	Avocado	Bengaluru	Delhi	4	88.89	0.466	2139.32	High	Reroute	Critical
2026-07-11T14:36:57.458982+00:00	CONT-1002	Strawberry	Bengaluru	Delhi	20.13	93.37	0.567	2139.32	High	Reroute	Critical
2026-07-11T14:36:58.462240+00:00	CONT-1000	Banana	Bengaluru	Delhi	12.08	89.24	0.35	2144.65	High	Reroute	Critical
2026-07-11T14:36:58.471137+00:00	CONT-1003	Grapes	Bengaluru	Delhi	0.52	92.65	0	2139.3	Low	Continue	Normal
2026-07-11T14:37:00.519848+00:00	CONT-1003	Grapes	Bengaluru	Delhi	0.46	92.8	0.007	2139.26	Low	Continue	Normal
2026-07-11T14:37:01.522640+00:00	CONT-1000	Banana	Bengaluru	Delhi	12.28	88.94	0.361	2144.62	High	Reroute	Critical
2026-07-11T14:37:03.538263+00:00	CONT-1001	Avocado	Bengaluru	Delhi	4.33	88.2	0.476	2139.2	High	Reroute	Critical
2026-07-11T14:37:03.541049+00:00	CONT-1004	Mango	Bengaluru	Delhi	10.38	79.05	0.062	2144.6	Low	Continue	Normal
2026-07-11T14:37:04.544869+00:00	CONT-1001	Avocado	Bengaluru	Delhi	4.47	88.12	0.49	2139.18	High	Reroute	Critical
2026-07-11T14:37:04.546892+00:00	CONT-1002	Strawberry	Bengaluru	Delhi	20.37	92.77	0.6	2139.18	High	Reroute	Critical
2026-07-11T14:37:04.547379+00:00	CONT-1003	Grapes	Bengaluru	Delhi	0.54	93.08	0.016	2139.18	Low	Continue	Normal
2026-07-11T14:37:05.552502+00:00	CONT-1002	Strawberry	Bengaluru	Delhi	20.41	92.98	0.593	2139.16	High	Reroute	Critical
2026-07-11T14:37:05.553198+00:00	CONT-1003	Grapes	Bengaluru	Delhi	0.52	92.8	0.009	2139.16	Low	Continue	Normal
2026-07-11T14:37:06.557231+00:00	CONT-1000	Banana	Bengaluru	Delhi	12.36	89.02	0.41	2144.57	High	Reroute	Critical
2026-07-11T14:37:08.569990+00:00	CONT-1000	Banana	Bengaluru	Delhi	12.41	88.79	0.418	2144.55	High	Reroute	Critical
2026-07-11T14:37:08.571912+00:00	CONT-1001	Avocado	Bengaluru	Delhi	4.6	88.1	0.492	2139.1	High	Reroute	Critical
2026-07-11T14:37:08.574198+00:00	CONT-1003	Grapes	Bengaluru	Delhi	0.53	93.3	0	2139.1	Low	Continue	Normal
2026-07-11T14:37:08.574622+00:00	CONT-1004	Mango	Bengaluru	Delhi	10.2	78.2	0.031	2144.55	Low	Continue	Normal
2026-07-11T14:37:09.578089+00:00	CONT-1001	Avocado	Bengaluru	Delhi	4.59	87.7	0.505	2139.08	High	Reroute	Critical
2026-07-11T14:37:09.592107+00:00	CONT-1004	Mango	Bengaluru	Delhi	10.09	78.09	0.031	2144.54	Low	Continue	Normal
2026-07-11T14:37:10.595535+00:00	CONT-1001	Avocado	Bengaluru	Delhi	4.66	87.67	0.524	2139.06	High	Reroute	Critical
2026-07-11T14:37:10.596146+00:00	CONT-1002	Strawberry	Bengaluru	Delhi	20.57	92.34	0.553	2139.06	High	Reroute	Critical
2026-07-11T14:37:10.597653+00:00	CONT-1003	Grapes	Bengaluru	Delhi	0.28	93.5	0.032	2139.06	Low	Continue	Normal
2026-07-11T14:37:11.601002+00:00	CONT-1001	Avocado	Bengaluru	Delhi	4.62	87.41	0.543	2139.04	High	Reroute	Critical
2026-07-11T14:37:11.604626+00:00	CONT-1003	Grapes	Bengaluru	Delhi	0.14	93.25	0.052	2139.04	Low	Continue	Normal
2026-07-11T14:37:12.608388+00:00	CONT-1001	Avocado	Bengaluru	Delhi	4.51	87.32	0.535	2139.02	High	Reroute	Critical
2026-07-11T14:37:13.622846+00:00	CONT-1003	Grapes	Bengaluru	Delhi	0.08	93.86	0.05	2139	Low	Continue	Normal
2026-07-11T14:37:14.626164+00:00	CONT-1000	Banana	Bengaluru	Delhi	12.27	87.4	0.423	2144.49	High	Reroute	Critical
2026-07-11T14:37:14.631064+00:00	CONT-1003	Grapes	Bengaluru	Delhi	0.04	93.71	0.07	2138.98	Low	Continue	Normal
2026-07-11T14:37:14.631961+00:00	CONT-1004	Mango	Bengaluru	Delhi	9.97	77.19	0.049	2144.49	Low	Continue	Normal
2026-07-11T14:37:15.638433+00:00	CONT-1004	Mango	Bengaluru	Delhi	9.99	77.18	0.069	2144.48	Low	Continue	Normal
2026-07-11T14:37:17.647008+00:00	CONT-1001	Avocado	Bengaluru	Delhi	4.57	87.42	0.522	2138.92	High	Reroute	Critical
2026-07-11T14:37:20.683134+00:00	CONT-1000	Banana	Bengaluru	Delhi	12.25	87.5	0.481	2144.43	High	Reroute	Critical
2026-07-11T14:37:20.687486+00:00	CONT-1002	Strawberry	Bengaluru	Delhi	20.93	91.17	0.537	2138.86	High	Reroute	Critical
2026-07-11T14:37:20.690279+00:00	CONT-1003	Grapes	Bengaluru	Delhi	-0.13	94.13	0.082	2138.86	Low	Continue	Normal
2026-07-11T14:37:20.691571+00:00	CONT-1004	Mango	Bengaluru	Delhi	10.12	77.85	0.058	2144.43	Low	Continue	Normal
2026-07-11T14:37:21.693630+00:00	CONT-1001	Avocado	Bengaluru	Delhi	4.53	87.4	0.548	2138.84	High	Reroute	Critical
2026-07-11T14:37:22.699001+00:00	CONT-1000	Banana	Bengaluru	Delhi	12.16	87.04	0.494	2144.41	High	Reroute	Critical
2026-07-11T14:37:24.710026+00:00	CONT-1000	Banana	Bengaluru	Delhi	12.15	86.76	0.475	2144.39	High	Reroute	Critical
2026-07-11T14:37:24.713815+00:00	CONT-1002	Strawberry	Bengaluru	Delhi	21.07	91.15	0.51	2138.78	High	Reroute	Critical
2026-07-11T14:37:24.714494+00:00	CONT-1003	Grapes	Bengaluru	Delhi	-0.32	94.41	0.106	2138.78	Low	Continue	Normal
2026-07-11T14:37:25.718726+00:00	CONT-1001	Avocado	Bengaluru	Delhi	4.59	87.77	0.564	2138.76	High	Reroute	Critical
2026-07-11T14:37:25.721600+00:00	CONT-1003	Grapes	Bengaluru	Delhi	-0.36	94.35	0.111	2138.76	Low	Continue	Normal
2026-07-11T14:37:25.722757+00:00	CONT-1004	Mango	Bengaluru	Delhi	10.21	78.06	0.079	2144.38	Low	Continue	Normal
2026-07-11T14:37:26.728451+00:00	CONT-1003	Grapes	Bengaluru	Delhi	-0.31	94.12	0.115	2138.74	Low	Continue	Normal
2026-07-11T14:37:28.741767+00:00	CONT-1001	Avocado	Bengaluru	Delhi	4.51	88.07	0.546	2138.7	High	Reroute	Critical
2026-07-11T14:37:28.742374+00:00	CONT-1002	Strawberry	Bengaluru	Delhi	21.18	91.72	0.535	2138.7	High	Reroute	Critical
2026-07-11T14:37:28.744832+00:00	CONT-1003	Grapes	Bengaluru	Delhi	-0.15	94.51	0.084	2138.7	Low	Continue	Normal
2026-07-11T14:37:28.745635+00:00	CONT-1004	Mango	Bengaluru	Delhi	9.87	77.86	0.11	2144.35	Low	Continue	Normal
2026-07-11T14:37:29.750128+00:00	CONT-1002	Strawberry	Bengaluru	Delhi	21.23	91.62	0.535	2138.68	High	Reroute	Critical
2026-07-11T14:37:29.751543+00:00	CONT-1003	Grapes	Bengaluru	Delhi	-0.03	94.36	0.102	2138.68	Low	Continue	Normal
2026-07-11T14:37:29.752404+00:00	CONT-1004	Mango	Bengaluru	Delhi	9.99	78.08	0.126	2144.34	Low	Continue	Normal
2026-07-11T14:37:30.753734+00:00	CONT-1000	Banana	Bengaluru	Delhi	12.12	87.17	0.484	2144.33	High	Reroute	Critical
2026-07-11T14:37:30.754395+00:00	CONT-1001	Avocado	Bengaluru	Delhi	4.46	88.18	0.514	2138.66	High	Reroute	Critical
2026-07-11T14:37:30.756181+00:00	CONT-1002	Strawberry	Bengaluru	Delhi	21.25	91.34	0.534	2138.66	High	Reroute	Critical
2026-07-11T14:37:30.756630+00:00	CONT-1003	Grapes	Bengaluru	Delhi	0.07	94.66	0.097	2138.66	Low	Continue	Normal
2026-07-11T14:37:31.761918+00:00	CONT-1003	Grapes	Bengaluru	Delhi	0.09	94.31	0.077	2138.64	Low	Continue	Normal
2026-07-11T14:37:32.767471+00:00	CONT-1003	Grapes	Bengaluru	Delhi	0.12	93.91	0.075	2138.62	Low	Continue	Normal
2026-07-11T14:37:33.770788+00:00	CONT-1000	Banana	Bengaluru	Delhi	12.25	87.06	0.468	2144.3	High	Reroute	Critical
2026-07-11T14:37:33.771654+00:00	CONT-1001	Avocado	Bengaluru	Delhi	4.32	87.94	0.515	2138.6	High	Reroute	Critical
2026-07-11T14:37:33.773274+00:00	CONT-1002	Strawberry	Bengaluru	Delhi	21.39	90.98	1.228	2138.6	High	Reroute	Critical
2026-07-11T14:37:33.774379+00:00	CONT-1004	Mango	Bengaluru	Delhi	10.34	77.78	0.139	2144.3	Low	Continue	Normal
2026-07-11T14:37:34.781826+00:00	CONT-1003	Grapes	Bengaluru	Delhi	-0.02	93.46	0.05	2138.58	Low	Continue	Normal
2026-07-11T14:37:35.787291+00:00	CONT-1001	Avocado	Bengaluru	Delhi	4.39	87.77	0.548	2138.56	High	Reroute	Critical
2026-07-11T14:37:37.800413+00:00	CONT-1000	Banana	Bengaluru	Delhi	12.44	87.01	0.464	2144.26	High	Reroute	Critical
2026-07-11T14:37:37.805723+00:00	CONT-1004	Mango	Bengaluru	Delhi	10.38	78.01	0.157	2144.26	Low	Continue	Normal
2026-07-11T14:37:40.821674+00:00	CONT-1002	Strawberry	Bengaluru	Delhi	21.65	90.57	0.6	2138.46	High	Reroute	Critical
2026-07-11T14:37:40.823264+00:00	CONT-1003	Grapes	Bengaluru	Delhi	0.41	93.67	0.036	2138.46	Low	Continue	Normal
2026-07-11T14:37:40.823650+00:00	CONT-1004	Mango	Bengaluru	Delhi	10.32	78.62	0.178	2144.23	Low	Continue	Normal
2026-07-11T14:37:42.831963+00:00	CONT-1001	Avocado	Bengaluru	Delhi	4.88	88.48	0.523	2138.42	High	Reroute	Critical
2026-07-11T14:37:42.835715+00:00	CONT-1003	Grapes	Bengaluru	Delhi	0.45	94.17	0.049	2138.42	Low	Continue	Normal
2026-07-11T14:37:42.837534+00:00	CONT-1004	Mango	Bengaluru	Delhi	10.12	78.51	0.17	2144.21	Low	Continue	Normal
2026-07-11T14:37:43.841577+00:00	CONT-1003	Grapes	Bengaluru	Delhi	0.33	94.51	0.042	2138.4	Low	Continue	Normal
2026-07-11T14:37:44.848437+00:00	CONT-1002	Strawberry	Bengaluru	Delhi	21.77	91.01	0.596	2138.38	High	Reroute	Critical
2026-07-11T14:37:44.852577+00:00	CONT-1004	Mango	Bengaluru	Delhi	10.1	78.33	0.184	2144.19	Low	Continue	Normal
2026-07-11T14:37:45.855527+00:00	CONT-1000	Banana	Bengaluru	Delhi	12.72	88.47	0.512	2144.18	High	Reroute	Critical
2026-07-11T14:37:45.857389+00:00	CONT-1001	Avocado	Bengaluru	Delhi	5	88.46	0.56	2138.36	High	Reroute	Critical
2026-07-11T14:37:45.858562+00:00	CONT-1002	Strawberry	Bengaluru	Delhi	21.81	90.72	0.594	2138.36	High	Reroute	Critical
2026-07-11T14:37:45.858953+00:00	CONT-1003	Grapes	Bengaluru	Delhi	0.19	94.79	0.031	2138.36	Low	Continue	Normal
2026-07-11T14:37:46.862603+00:00	CONT-1001	Avocado	Bengaluru	Delhi	4.93	88.67	0.561	2138.34	High	Reroute	Critical
2026-07-11T14:37:46.864861+00:00	CONT-1002	Strawberry	Bengaluru	Delhi	21.85	90.78	0.58	2138.34	High	Reroute	Critical
2026-07-11T14:37:46.865977+00:00	CONT-1003	Grapes	Bengaluru	Delhi	0.33	94.82	0.05	2138.34	Low	Continue	Normal
2026-07-11T14:37:46.866281+00:00	CONT-1004	Mango	Bengaluru	Delhi	10.05	78.08	0.191	2144.17	Low	Continue	Normal
2026-07-11T14:37:47.871249+00:00	CONT-1002	Strawberry	Bengaluru	Delhi	21.89	91.18	0.567	2138.32	High	Reroute	Critical
2026-07-11T14:37:48.883446+00:00	CONT-1004	Mango	Bengaluru	Delhi	9.98	78.32	0.178	2144.15	Low	Continue	Normal
2026-07-11T14:37:49.891924+00:00	CONT-1002	Strawberry	Bengaluru	Delhi	21.97	91.65	0.563	2138.28	High	Reroute	Critical
2026-07-11T14:37:50.901726+00:00	CONT-1004	Mango	Bengaluru	Delhi	10.05	78.32	0.168	2144.13	Low	Continue	Normal
2026-07-11T14:37:51.909673+00:00	CONT-1003	Grapes	Bengaluru	Delhi	0.39	94.71	0.095	2138.24	Low	Continue	Normal
2026-07-11T14:37:52.915807+00:00	CONT-1002	Strawberry	Bengaluru	Delhi	22.06	91.13	0.572	2138.22	High	Reroute	Critical
2026-07-11T14:37:53.922639+00:00	CONT-1000	Banana	Bengaluru	Delhi	12.61	89.24	0.518	2144.1	High	Reroute	Critical
2026-07-11T14:37:54.932683+00:00	CONT-1001	Avocado	Bengaluru	Delhi	4.83	89.44	0.595	2138.18	High	Reroute	Critical
2026-07-11T14:37:54.935485+00:00	CONT-1004	Mango	Bengaluru	Delhi	10.24	77.1	0.144	2144.09	Low	Continue	Normal
2026-07-11T14:37:55.939810+00:00	CONT-1001	Avocado	Bengaluru	Delhi	4.91	89.21	0.582	2138.16	High	Reroute	Critical
2026-07-11T14:37:55.942636+00:00	CONT-1002	Strawberry	Bengaluru	Delhi	22.17	91.54	0.581	2138.16	High	Reroute	Critical
2026-07-11T14:37:55.945498+00:00	CONT-1004	Mango	Bengaluru	Delhi	10.3	76.93	0.152	2144.08	Low	Continue	Normal
2026-07-11T14:37:56.950725+00:00	CONT-1003	Grapes	Bengaluru	Delhi	0.47	94.72	0.068	2138.14	Low	Continue	Normal
2026-07-11T14:37:56.952109+00:00	CONT-1004	Mango	Bengaluru	Delhi	10.32	76.82	0.165	2144.07	Low	Continue	Normal
2026-07-11T14:37:57.957973+00:00	CONT-1002	Strawberry	Bengaluru	Delhi	22.27	91.51	0.587	2138.12	High	Reroute	Critical
2026-07-11T14:37:58.962963+00:00	CONT-1001	Avocado	Bengaluru	Delhi	5.01	89.32	0.6	2138.1	High	Reroute	Critical
2026-07-11T14:37:58.965747+00:00	CONT-1003	Grapes	Bengaluru	Delhi	0.38	95	0.055	2138.1	Low	Continue	Normal
2026-07-11T14:37:58.967219+00:00	CONT-1004	Mango	Bengaluru	Delhi	10.45	77.13	0.137	2144.05	Low	Continue	Normal
2026-07-11T14:37:59.971899+00:00	CONT-1002	Strawberry	Bengaluru	Delhi	22.33	91.86	0.59	2138.08	High	Reroute	Critical
2026-07-11T14:38:01.981725+00:00	CONT-1000	Banana	Bengaluru	Delhi	12.63	88.48	0.505	2144.02	High	Reroute	Critical
2026-07-11T14:38:01.983780+00:00	CONT-1001	Avocado	Bengaluru	Delhi	5.09	90.09	0.6	2138.04	High	Reroute	Critical
2026-07-11T14:38:01.984564+00:00	CONT-1002	Strawberry	Bengaluru	Delhi	22.43	91.61	0.6	2138.04	High	Reroute	Critical
2026-07-11T14:38:03.997432+00:00	CONT-1000	Banana	Bengaluru	Delhi	12.69	88.66	0.531	2144	High	Reroute	Critical
2026-07-11T14:38:04.001309+00:00	CONT-1002	Strawberry	Bengaluru	Delhi	22.5	91.61	0.6	2138	High	Reroute	Critical
2026-07-11T14:38:07.019040+00:00	CONT-1000	Banana	Bengaluru	Delhi	12.48	88.07	0.547	2143.97	High	Reroute	Critical
2026-07-11T14:38:07.021519+00:00	CONT-1001	Avocado	Bengaluru	Delhi	4.92	90	0.586	2137.94	High	Reroute	Critical
2026-07-11T14:38:07.022231+00:00	CONT-1002	Strawberry	Bengaluru	Delhi	22.58	91.87	0.6	2137.94	High	Reroute	Critical
2026-07-11T14:38:08.030599+00:00	CONT-1000	Banana	Bengaluru	Delhi	12.62	87.74	0.54	2143.96	High	Reroute	Critical
2026-07-11T14:38:08.032687+00:00	CONT-1001	Avocado	Bengaluru	Delhi	4.82	89.67	0.573	2137.92	High	Reroute	Critical
2026-07-11T14:38:08.033432+00:00	CONT-1002	Strawberry	Bengaluru	Delhi	22.61	91.66	0.6	2137.92	High	Reroute	Critical
2026-07-11T14:38:09.040571+00:00	CONT-1001	Avocado	Bengaluru	Delhi	4.73	89.92	0.574	2137.9	High	Reroute	Critical
2026-07-11T14:38:09.041384+00:00	CONT-1002	Strawberry	Bengaluru	Delhi	22.65	91.96	0.585	2137.9	High	Reroute	Critical
2026-07-11T14:38:10.050293+00:00	CONT-1000	Banana	Bengaluru	Delhi	12.37	88.15	0.537	2143.94	High	Reroute	Critical
2026-07-11T14:38:10.057054+00:00	CONT-1003	Grapes	Bengaluru	Delhi	0.22	93.91	0	2137.88	Low	Continue	Normal
2026-07-11T14:38:11.065001+00:00	CONT-1002	Strawberry	Bengaluru	Delhi	22.73	91.91	0.6	2137.86	High	Reroute	Critical
2026-07-11T14:38:12.073293+00:00	CONT-1002	Strawberry	Bengaluru	Delhi	22.75	91.83	0.596	2137.84	High	Reroute	Critical
2026-07-11T14:38:12.073765+00:00	CONT-1003	Grapes	Bengaluru	Delhi	0.01	94.18	0.017	2137.84	Low	Continue	Normal
2026-07-11T14:38:12.074128+00:00	CONT-1004	Mango	Bengaluru	Delhi	10.88	78.18	0.11	2143.92	Low	Continue	Normal
2026-07-11T14:38:15.092281+00:00	CONT-1002	Strawberry	Bengaluru	Delhi	22.84	92.08	0.6	2137.78	High	Reroute	Critical
2026-07-11T14:38:15.094997+00:00	CONT-1004	Mango	Bengaluru	Delhi	10.9	78.78	0.145	2143.89	Low	Continue	Normal
2026-07-11T14:38:17.104209+00:00	CONT-1001	Avocado	Bengaluru	Delhi	4.41	89.81	0.547	2137.74	High	Reroute	Critical
2026-07-11T14:38:18.107477+00:00	CONT-1000	Banana	Bengaluru	Delhi	12.07	88.8	0.491	2143.86	High	Reroute	Critical
2026-07-11T14:38:18.110300+00:00	CONT-1002	Strawberry	Bengaluru	Delhi	22.93	91.83	0.59	2137.72	High	Reroute	Critical
2026-07-11T14:38:18.111013+00:00	CONT-1003	Grapes	Bengaluru	Delhi	-0.48	93.54	0	2137.72	Low	Continue	Normal
2026-07-11T14:38:18.111462+00:00	CONT-1004	Mango	Bengaluru	Delhi	10.77	78.39	0.133	2143.86	Low	Continue	Normal
2026-07-11T14:38:19.112613+00:00	CONT-1000	Banana	Bengaluru	Delhi	12	88.63	0.475	2143.85	High	Reroute	Critical
2026-07-11T14:38:20.118839+00:00	CONT-1000	Banana	Bengaluru	Delhi	12	88.49	0.457	2143.84	High	Reroute	Critical
2026-07-11T14:38:20.119631+00:00	CONT-1001	Avocado	Bengaluru	Delhi	4.25	90.4	0.542	2137.68	High	Reroute	Critical
2026-07-11T14:38:20.124696+00:00	CONT-1004	Mango	Bengaluru	Delhi	10.96	77.9	0.107	2143.84	Low	Continue	Normal
2026-07-11T14:38:21.129564+00:00	CONT-1004	Mango	Bengaluru	Delhi	10.99	78	0.088	2143.83	Low	Continue	Normal
2026-07-11T14:38:22.134565+00:00	CONT-1001	Avocado	Bengaluru	Delhi	4.05	90.8	0.532	2137.64	High	Reroute	Critical
2026-07-11T14:38:22.137682+00:00	CONT-1004	Mango	Bengaluru	Delhi	10.9	78.4	0.071	2143.82	Low	Continue	Normal
2026-07-11T14:38:23.142919+00:00	CONT-1001	Avocado	Bengaluru	Delhi	4.14	90.92	0.534	2137.62	High	Reroute	Critical
2026-07-11T14:38:24.151626+00:00	CONT-1004	Mango	Bengaluru	Delhi	10.62	78.57	0.08	2143.8	Low	Continue	Normal
2026-07-11T14:38:25.157553+00:00	CONT-1002	Strawberry	Bengaluru	Delhi	23.18	92.37	0.57	2137.58	High	Reroute	Critical
2026-07-11T14:38:25.163594+00:00	CONT-1004	Mango	Bengaluru	Delhi	10.75	78.42	0.087	2143.79	Low	Continue	Normal
2026-07-11T14:38:26.165137+00:00	CONT-1000	Banana	Bengaluru	Delhi	12.51	88.55	0.416	2143.78	High	Reroute	Critical
2026-07-11T14:38:27.173882+00:00	CONT-1000	Banana	Bengaluru	Delhi	12.41	88.36	0.43	2143.77	High	Reroute	Critical
2026-07-11T14:38:27.176694+00:00	CONT-1002	Strawberry	Bengaluru	Delhi	23.24	91.95	0.599	2137.54	High	Reroute	Critical
2026-07-11T14:38:28.185106+00:00	CONT-1004	Mango	Bengaluru	Delhi	11.03	78.57	0.088	2143.76	Low	Continue	Normal
2026-07-11T14:38:33.226762+00:00	CONT-1001	Avocado	Bengaluru	Delhi	4.35	90.51	0.526	2137.42	High	Reroute	Critical
2026-07-11T14:38:33.232182+00:00	CONT-1004	Mango	Bengaluru	Delhi	10.9	78.58	0.091	2143.71	Low	Continue	Normal
2026-07-11T14:38:34.234004+00:00	CONT-1001	Avocado	Bengaluru	Delhi	4.26	90.6	0.539	2137.4	High	Reroute	Critical
2026-07-11T14:38:34.240342+00:00	CONT-1004	Mango	Bengaluru	Delhi	10.78	78.86	0.099	2143.7	Low	Continue	Normal
2026-07-11T14:38:35.244196+00:00	CONT-1000	Banana	Bengaluru	Delhi	12.54	89.56	0.444	2143.69	High	Reroute	Critical
2026-07-11T14:38:35.246642+00:00	CONT-1002	Strawberry	Bengaluru	Delhi	23.55	91.57	0.595	2137.38	High	Reroute	Critical
2026-07-11T14:38:35.248059+00:00	CONT-1003	Grapes	Bengaluru	Delhi	-0.3	92.46	0.074	2137.38	Medium	Continue	Warning
2026-07-11T14:38:36.252136+00:00	CONT-1001	Avocado	Bengaluru	Delhi	4.4	90.46	0.529	2137.36	High	Reroute	Critical
2026-07-11T14:38:36.252774+00:00	CONT-1002	Strawberry	Bengaluru	Delhi	23.57	91.28	0.6	2137.36	High	Reroute	Critical
2026-07-11T14:38:36.254423+00:00	CONT-1003	Grapes	Bengaluru	Delhi	-0.29	92.44	0.079	2137.36	Medium	Continue	Warning
2026-07-11T14:38:38.269044+00:00	CONT-1003	Grapes	Bengaluru	Delhi	-0.2	91.94	0.077	2137.32	Medium	Continue	Warning
2026-07-11T14:38:39.277207+00:00	CONT-1003	Grapes	Bengaluru	Delhi	-0.16	92.11	0.097	2137.3	Medium	Continue	Warning
2026-07-11T14:38:40.287168+00:00	CONT-1001	Avocado	Bengaluru	Delhi	4.36	90.54	0.554	2137.28	High	Reroute	Critical
2026-07-11T14:38:40.308822+00:00	CONT-1003	Grapes	Bengaluru	Delhi	-0.29	91.92	0.078	2137.28	Medium	Continue	Warning
2026-07-11T14:38:41.326711+00:00	CONT-1003	Grapes	Bengaluru	Delhi	-0.32	91.81	0.082	2137.26	Medium	Continue	Warning
2026-07-11T14:38:42.342581+00:00	CONT-1000	Banana	Bengaluru	Delhi	12.92	89.95	0.495	2143.62	High	Reroute	Critical
2026-07-11T14:38:42.344483+00:00	CONT-1001	Avocado	Bengaluru	Delhi	4.41	90.47	0.56	2137.24	High	Reroute	Critical
2026-07-11T14:38:42.345827+00:00	CONT-1002	Strawberry	Bengaluru	Delhi	23.84	91.91	0.581	2137.24	High	Reroute	Critical
2026-07-11T14:38:42.347560+00:00	CONT-1004	Mango	Bengaluru	Delhi	10.55	78.7	0.123	2143.62	Low	Continue	Normal
2026-07-11T14:38:43.349556+00:00	CONT-1001	Avocado	Bengaluru	Delhi	4.42	90.68	0.572	2137.22	High	Reroute	Critical
2026-07-11T14:38:43.351260+00:00	CONT-1002	Strawberry	Bengaluru	Delhi	23.86	91.64	0.575	2137.22	High	Reroute	Critical
2026-07-11T14:38:43.352658+00:00	CONT-1004	Mango	Bengaluru	Delhi	10.64	78.81	0.121	2143.61	Low	Continue	Normal
2026-07-11T14:38:44.358896+00:00	CONT-1002	Strawberry	Bengaluru	Delhi	23.91	91.53	0.555	2137.2	High	Reroute	Critical
2026-07-11T14:38:44.360630+00:00	CONT-1003	Grapes	Bengaluru	Delhi	-0.39	91.47	0.048	2137.2	Medium	Continue	Warning
2026-07-11T14:38:45.362317+00:00	CONT-1000	Banana	Bengaluru	Delhi	12.77	89.65	0.483	2143.59	High	Reroute	Critical
2026-07-11T14:38:45.368258+00:00	CONT-1004	Mango	Bengaluru	Delhi	10.58	78.98	0.136	2143.59	Low	Continue	Normal
2026-07-11T14:38:47.383088+00:00	CONT-1003	Grapes	Bengaluru	Delhi	-0.31	91.48	0.029	2137.14	Medium	Continue	Warning
2026-07-11T14:38:48.391481+00:00	CONT-1003	Grapes	Bengaluru	Delhi	-0.35	91.27	0.038	2137.12	Medium	Continue	Warning
2026-07-11T14:38:49.396370+00:00	CONT-1001	Avocado	Bengaluru	Delhi	4.3	90.25	0.595	2137.1	High	Reroute	Critical
2026-07-11T14:38:49.398260+00:00	CONT-1002	Strawberry	Bengaluru	Delhi	24.14	91.52	0.538	2137.1	High	Reroute	Critical
2026-07-11T14:38:49.399182+00:00	CONT-1003	Grapes	Bengaluru	Delhi	-0.41	91.35	0.02	2137.1	Medium	Continue	Warning
2026-07-11T14:38:50.401327+00:00	CONT-1000	Banana	Bengaluru	Delhi	12.93	89.7	0.435	2143.54	High	Reroute	Critical
2026-07-11T14:38:50.402102+00:00	CONT-1001	Avocado	Bengaluru	Delhi	4.31	90.58	0.586	2137.08	High	Reroute	Critical
2026-07-11T14:38:50.403716+00:00	CONT-1002	Strawberry	Bengaluru	Delhi	24.19	91.57	0.558	2137.08	High	Reroute	Critical
2026-07-11T14:38:50.404221+00:00	CONT-1003	Grapes	Bengaluru	Delhi	-0.36	91.19	0.034	2137.08	Medium	Continue	Warning
2026-07-11T14:38:51.407006+00:00	CONT-1000	Banana	Bengaluru	Delhi	13.01	89.84	0.452	2143.53	High	Reroute	Critical
2026-07-11T14:38:51.410503+00:00	CONT-1002	Strawberry	Bengaluru	Delhi	24.22	91.82	0.559	2137.06	High	Reroute	Critical
2026-07-11T14:38:51.411482+00:00	CONT-1003	Grapes	Bengaluru	Delhi	-0.25	91.29	0.028	2137.06	Medium	Continue	Warning
2026-07-11T14:38:51.412222+00:00	CONT-1004	Mango	Bengaluru	Delhi	10.67	79.32	0.159	2143.53	Low	Continue	Normal
2026-07-11T14:38:52.415671+00:00	CONT-1002	Strawberry	Bengaluru	Delhi	24.26	91.62	0.553	2137.04	High	Reroute	Critical
2026-07-11T14:38:52.417469+00:00	CONT-1003	Grapes	Bengaluru	Delhi	-0.11	91.56	0.035	2137.04	Medium	Continue	Warning
2026-07-11T14:38:53.419958+00:00	CONT-1000	Banana	Bengaluru	Delhi	13.06	89.95	0.424	2143.51	High	Reroute	Critical
2026-07-11T14:38:53.423165+00:00	CONT-1002	Strawberry	Bengaluru	Delhi	24.3	91.71	0.561	2137.02	High	Reroute	Critical
2026-07-11T14:38:53.423711+00:00	CONT-1003	Grapes	Bengaluru	Delhi	-0.18	91.88	0.032	2137.02	Medium	Continue	Warning
2026-07-11T14:38:54.426196+00:00	CONT-1001	Avocado	Bengaluru	Delhi	4.67	90.55	0.582	2137	High	Reroute	Critical
2026-07-11T14:38:54.429511+00:00	CONT-1003	Grapes	Bengaluru	Delhi	-0.08	91.68	0.051	2137	Medium	Continue	Warning
2026-07-11T14:38:55.431752+00:00	CONT-1000	Banana	Bengaluru	Delhi	13.08	90.27	0.449	2143.49	High	Reroute	Critical
2026-07-11T14:38:55.433514+00:00	CONT-1001	Avocado	Bengaluru	Delhi	4.76	90.83	0.574	2136.98	High	Reroute	Critical
2026-07-11T14:38:55.434111+00:00	CONT-1002	Strawberry	Bengaluru	Delhi	24.38	91.2	0.537	2136.98	High	Reroute	Critical
2026-07-11T14:38:55.436242+00:00	CONT-1004	Mango	Bengaluru	Delhi	10.71	79.85	0.158	2143.49	Low	Continue	Normal
2026-07-11T14:38:56.437715+00:00	CONT-1000	Banana	Bengaluru	Delhi	13.15	90.16	0.461	2143.48	High	Reroute	Critical
2026-07-11T14:38:57.444318+00:00	CONT-1000	Banana	Bengaluru	Delhi	13.29	89.79	0.471	2143.47	High	Reroute	Critical
2026-07-11T14:38:57.446773+00:00	CONT-1002	Strawberry	Bengaluru	Delhi	24.45	91.4	0.537	2136.94	High	Reroute	Critical
2026-07-11T14:38:58.454377+00:00	CONT-1004	Mango	Bengaluru	Delhi	10.73	79.97	0.153	2143.46	Low	Continue	Normal
2026-07-11T14:38:59.456214+00:00	CONT-1001	Avocado	Bengaluru	Delhi	5.01	91.87	0.591	2136.9	High	Reroute	Critical
2026-07-11T14:38:59.458434+00:00	CONT-1002	Strawberry	Bengaluru	Delhi	24.54	91.47	0.539	2136.9	High	Reroute	Critical
2026-07-11T14:38:59.459761+00:00	CONT-1004	Mango	Bengaluru	Delhi	10.62	80.08	0.156	2143.45	Low	Continue	Normal
2026-07-11T14:39:01.470318+00:00	CONT-1001	Avocado	Bengaluru	Delhi	5.24	91.61	0.589	2136.86	High	Reroute	Critical
2026-07-11T14:39:01.472242+00:00	CONT-1002	Strawberry	Bengaluru	Delhi	24.59	91.18	0.541	2136.86	High	Reroute	Critical
2026-07-11T14:39:01.473759+00:00	CONT-1004	Mango	Bengaluru	Delhi	10.67	79.64	0.165	2143.43	Low	Continue	Normal
2026-07-11T14:39:02.475538+00:00	CONT-1000	Banana	Bengaluru	Delhi	13.47	89.5	0.496	2143.42	High	Reroute	Critical
2026-07-11T14:39:03.482342+00:00	CONT-1001	Avocado	Bengaluru	Delhi	5.44	92.25	0.581	2136.82	High	Reroute	Critical
2026-07-11T14:39:03.486297+00:00	CONT-1004	Mango	Bengaluru	Delhi	10.65	80.13	0.157	2143.41	Low	Continue	Normal
2026-07-11T14:39:05.494343+00:00	CONT-1000	Banana	Bengaluru	Delhi	13.26	90.08	0.501	2143.39	High	Reroute	Critical
2026-07-11T14:39:05.496861+00:00	CONT-1002	Strawberry	Bengaluru	Delhi	24.78	91.73	0.6	2136.78	High	Reroute	Critical
2026-07-11T14:39:05.499046+00:00	CONT-1004	Mango	Bengaluru	Delhi	10.7	79.55	0.161	2143.39	Low	Continue	Normal
2026-07-11T14:39:06.500133+00:00	CONT-1000	Banana	Bengaluru	Delhi	13.23	90.15	0.498	2143.38	High	Reroute	Critical
2026-07-11T14:39:07.525839+00:00	CONT-1000	Banana	Bengaluru	Delhi	13.11	89.94	0.486	2143.37	High	Reroute	Critical
2026-07-11T14:39:07.526852+00:00	CONT-1001	Avocado	Bengaluru	Delhi	5.71	93.34	0.6	2136.74	High	Reroute	Critical
2026-07-11T14:39:07.527428+00:00	CONT-1002	Strawberry	Bengaluru	Delhi	24.85	91.82	0.584	2136.74	High	Reroute	Critical
2026-07-11T14:39:08.529023+00:00	CONT-1000	Banana	Bengaluru	Delhi	13	89.62	0.481	2143.36	High	Reroute	Critical
2026-07-11T14:39:08.529863+00:00	CONT-1001	Avocado	Bengaluru	Delhi	5.78	93.06	0.596	2136.72	High	Reroute	Critical
2026-07-11T14:39:08.531543+00:00	CONT-1002	Strawberry	Bengaluru	Delhi	24.89	91.67	0.569	2136.72	High	Reroute	Critical
2026-07-11T14:39:08.531907+00:00	CONT-1003	Grapes	Bengaluru	Delhi	-0.05	90.67	0.087	2136.72	Medium	Continue	Warning
2026-07-11T14:39:08.532444+00:00	CONT-1004	Mango	Bengaluru	Delhi	10.72	79.86	0.193	2143.36	Low	Continue	Normal
2026-07-11T14:39:11.549013+00:00	CONT-1000	Banana	Bengaluru	Delhi	13.12	89.36	0.48	2143.33	High	Reroute	Critical
2026-07-11T14:39:12.555813+00:00	CONT-1000	Banana	Bengaluru	Delhi	13.24	88.99	0.47	2143.32	High	Reroute	Critical
2026-07-11T14:39:12.557806+00:00	CONT-1001	Avocado	Bengaluru	Delhi	5.81	92.5	0.589	2136.64	High	Reroute	Critical
2026-07-11T14:39:12.560591+00:00	CONT-1004	Mango	Bengaluru	Delhi	10.7	80.29	0.21	2143.32	Low	Continue	Normal
2026-07-11T14:39:13.566792+00:00	CONT-1003	Grapes	Bengaluru	Delhi	0.1	90.29	0.058	2136.62	Medium	Continue	Warning
2026-07-11T14:39:14.572047+00:00	CONT-1001	Avocado	Bengaluru	Delhi	5.88	92.41	0.582	2136.6	High	Reroute	Critical
2026-07-11T14:39:14.573802+00:00	CONT-1002	Strawberry	Bengaluru	Delhi	25.11	91.31	0.558	2136.6	High	Reroute	Critical
2026-07-11T14:39:14.574973+00:00	CONT-1003	Grapes	Bengaluru	Delhi	0.14	90.08	0.067	2136.6	Medium	Continue	Warning
2026-07-11T14:39:14.575788+00:00	CONT-1004	Mango	Bengaluru	Delhi	10.74	80.27	0.218	2143.3	Low	Continue	Normal
2026-07-11T14:39:15.580297+00:00	CONT-1003	Grapes	Bengaluru	Delhi	0.26	90.12	0.058	2136.58	Medium	Continue	Warning
2026-07-11T14:39:15.581729+00:00	CONT-1004	Mango	Bengaluru	Delhi	10.62	80.09	0.237	2143.29	Low	Continue	Normal
2026-07-11T14:39:17.595804+00:00	CONT-1000	Banana	Bengaluru	Delhi	13.23	89.39	0.466	2143.27	High	Reroute	Critical
2026-07-11T14:39:17.598996+00:00	CONT-1002	Strawberry	Bengaluru	Delhi	25.21	91.52	0.535	2136.54	High	Reroute	Critical
2026-07-11T14:39:18.601152+00:00	CONT-1000	Banana	Bengaluru	Delhi	13.33	89.33	0.451	2143.26	High	Reroute	Critical
2026-07-11T14:39:18.605522+00:00	CONT-1003	Grapes	Bengaluru	Delhi	0.42	90.49	0.053	2136.52	Medium	Continue	Warning
2026-07-11T14:39:19.608750+00:00	CONT-1000	Banana	Bengaluru	Delhi	13.29	88.94	0.443	2143.25	High	Reroute	Critical
2026-07-11T14:39:19.612635+00:00	CONT-1002	Strawberry	Bengaluru	Delhi	25.27	91.79	0.543	2136.5	High	Reroute	Critical
2026-07-11T14:39:19.613278+00:00	CONT-1003	Grapes	Bengaluru	Delhi	0.5	90.22	0.064	2136.5	Medium	Continue	Warning
2026-07-11T14:39:20.617491+00:00	CONT-1001	Avocado	Bengaluru	Delhi	6.18	92.47	0.573	2136.48	High	Reroute	Critical
2026-07-11T14:39:20.619638+00:00	CONT-1002	Strawberry	Bengaluru	Delhi	25.3	91.44	1.068	2136.48	High	Reroute	Critical
2026-07-11T14:39:20.620704+00:00	CONT-1003	Grapes	Bengaluru	Delhi	0.5	90	0.057	2136.48	Medium	Continue	Warning
2026-07-11T14:39:20.621771+00:00	CONT-1004	Mango	Bengaluru	Delhi	10.82	80.36	0.218	2143.24	Low	Continue	Normal
2026-07-11T14:39:21.623796+00:00	CONT-1000	Banana	Bengaluru	Delhi	13.35	88.77	0.431	2143.23	High	Reroute	Critical
2026-07-11T14:39:23.643417+00:00	CONT-1003	Grapes	Bengaluru	Delhi	0.79	90.59	0.062	2136.42	Low	Continue	Normal
2026-07-11T14:39:24.649117+00:00	CONT-1002	Strawberry	Bengaluru	Delhi	25.44	92.27	0.569	2136.4	High	Reroute	Critical
2026-07-11T14:39:24.651368+00:00	CONT-1004	Mango	Bengaluru	Delhi	10.8	81.17	0.229	2143.2	Low	Continue	Normal
2026-07-11T14:39:25.653550+00:00	CONT-1000	Banana	Bengaluru	Delhi	13.55	89.22	0.487	2143.19	High	Reroute	Critical
2026-07-11T14:39:25.655272+00:00	CONT-1001	Avocado	Bengaluru	Delhi	6.17	91.98	0.555	2136.38	High	Reroute	Critical
2026-07-11T14:39:25.658614+00:00	CONT-1003	Grapes	Bengaluru	Delhi	0.97	90.39	0.049	2136.38	Low	Continue	Normal
2026-07-11T14:39:25.659094+00:00	CONT-1004	Mango	Bengaluru	Delhi	10.67	81.32	0.234	2143.19	Low	Continue	Normal
2026-07-11T14:39:27.676814+00:00	CONT-1002	Strawberry	Bengaluru	Delhi	25.54	91.81	0.592	2136.34	High	Reroute	Critical
2026-07-11T14:39:27.683180+00:00	CONT-1004	Mango	Bengaluru	Delhi	10.79	80.93	0.233	2143.17	Low	Continue	Normal
2026-07-11T14:39:28.685266+00:00	CONT-1000	Banana	Bengaluru	Delhi	13.76	89.33	0.53	2143.16	High	Reroute	Critical
2026-07-11T14:39:28.686208+00:00	CONT-1001	Avocado	Bengaluru	Delhi	6.18	92.16	0.547	2136.32	High	Reroute	Critical
2026-07-11T14:39:28.687674+00:00	CONT-1002	Strawberry	Bengaluru	Delhi	25.59	91.55	0.574	2136.32	High	Reroute	Critical
2026-07-11T14:39:28.688172+00:00	CONT-1003	Grapes	Bengaluru	Delhi	0.72	90.52	0.063	2136.32	Low	Continue	Normal
2026-07-11T14:39:28.688550+00:00	CONT-1004	Mango	Bengaluru	Delhi	10.65	81.2	0.226	2143.16	Low	Continue	Normal
2026-07-11T14:39:31.703891+00:00	CONT-1002	Strawberry	Bengaluru	Delhi	25.71	91.91	0.576	2136.26	High	Reroute	Critical
2026-07-11T14:39:32.710875+00:00	CONT-1000	Banana	Bengaluru	Delhi	13.81	88.78	0.542	2143.12	High	Reroute	Critical
2026-07-11T14:39:32.713825+00:00	CONT-1002	Strawberry	Bengaluru	Delhi	25.75	92.05	0.572	2136.24	High	Reroute	Critical
2026-07-11T14:39:32.715287+00:00	CONT-1003	Grapes	Bengaluru	Delhi	0.84	90.32	0.096	2136.24	Low	Continue	Normal
2026-07-11T14:39:33.718530+00:00	CONT-1001	Avocado	Bengaluru	Delhi	6.02	91.72	0.56	2136.22	High	Reroute	Critical
2026-07-11T14:39:34.728604+00:00	CONT-1003	Grapes	Bengaluru	Delhi	0.79	90.42	0.091	2136.2	Low	Continue	Normal
2026-07-11T14:39:36.743375+00:00	CONT-1001	Avocado	Bengaluru	Delhi	5.82	91.11	0.581	2136.16	High	Reroute	Critical
2026-07-11T14:39:37.749599+00:00	CONT-1000	Banana	Bengaluru	Delhi	13.76	88.25	0.546	2143.07	High	Reroute	Critical
2026-07-11T14:39:37.751437+00:00	CONT-1001	Avocado	Bengaluru	Delhi	5.72	91.37	0.565	2136.14	High	Reroute	Critical
2026-07-11T14:39:37.752085+00:00	CONT-1002	Strawberry	Bengaluru	Delhi	25.92	92.09	0.58	2136.14	High	Reroute	Critical
2026-07-11T14:39:37.752651+00:00	CONT-1003	Grapes	Bengaluru	Delhi	0.67	90.05	0.098	2136.14	Low	Continue	Normal
2026-07-11T14:39:38.754066+00:00	CONT-1000	Banana	Bengaluru	Delhi	13.75	88.29	0.557	2143.06	High	Reroute	Critical
2026-07-11T14:39:38.756508+00:00	CONT-1002	Strawberry	Bengaluru	Delhi	25.95	92.3	0.584	2136.12	High	Reroute	Critical
2026-07-11T14:39:38.759459+00:00	CONT-1003	Grapes	Bengaluru	Delhi	0.64	89.76	0.101	2136.12	Low	Continue	Normal
2026-07-11T14:39:38.764077+00:00	CONT-1004	Mango	Bengaluru	Delhi	10.01	80.17	0.287	2143.06	Low	Continue	Normal
2026-07-11T14:39:40.777791+00:00	CONT-1004	Mango	Bengaluru	Delhi	10.14	80.01	0.262	2143.04	Low	Continue	Normal
2026-07-11T14:39:41.782676+00:00	CONT-1001	Avocado	Bengaluru	Delhi	5.95	91.46	0.58	2136.06	High	Reroute	Critical
2026-07-11T14:39:41.783964+00:00	CONT-1002	Strawberry	Bengaluru	Delhi	26.07	93.1	0.571	2136.06	High	Reroute	Critical
2026-07-11T14:39:41.784623+00:00	CONT-1003	Grapes	Bengaluru	Delhi	0.61	89.78	0.066	2136.06	Low	Continue	Normal
2026-07-11T14:39:41.785180+00:00	CONT-1004	Mango	Bengaluru	Delhi	10.28	80.38	0.263	2143.03	Low	Continue	Normal
2026-07-11T14:39:42.788242+00:00	CONT-1002	Strawberry	Bengaluru	Delhi	26.11	92.84	1.312	2136.04	High	Reroute	Critical
2026-07-11T14:39:42.794860+00:00	CONT-1004	Mango	Bengaluru	Delhi	10.37	80.62	0.278	2143.02	Low	Continue	Normal
2026-07-11T14:39:44.802505+00:00	CONT-1000	Banana	Bengaluru	Delhi	13.76	88.11	0.534	2143	High	Reroute	Critical
2026-07-11T14:39:44.803313+00:00	CONT-1001	Avocado	Bengaluru	Delhi	5.8	91.86	0.58	2136	High	Reroute	Critical
2026-07-11T14:39:45.813278+00:00	CONT-1000	Banana	Bengaluru	Delhi	13.7	87.95	0.521	2142.99	High	Reroute	Critical
2026-07-11T14:39:45.814048+00:00	CONT-1001	Avocado	Bengaluru	Delhi	5.75	91.83	0.585	2135.98	High	Reroute	Critical
2026-07-11T14:39:45.815347+00:00	CONT-1002	Strawberry	Bengaluru	Delhi	26.22	92.61	0.591	2135.98	High	Reroute	Critical
2026-07-11T14:39:45.815681+00:00	CONT-1003	Grapes	Bengaluru	Delhi	0.71	90	0.067	2135.98	Low	Continue	Normal
2026-07-11T14:39:45.816111+00:00	CONT-1004	Mango	Bengaluru	Delhi	10.43	80.99	0.294	2142.99	Low	Continue	Normal
2026-07-11T14:39:47.826411+00:00	CONT-1004	Mango	Bengaluru	Delhi	10.53	81.17	0.286	2142.97	Low	Continue	Normal
2026-07-11T14:39:48.833205+00:00	CONT-1004	Mango	Bengaluru	Delhi	10.54	80.82	0.27	2142.96	Low	Continue	Normal
2026-07-11T14:39:49.835262+00:00	CONT-1001	Avocado	Bengaluru	Delhi	5.9	92.74	0.6	2135.9	High	Reroute	Critical
2026-07-11T14:39:49.838287+00:00	CONT-1002	Strawberry	Bengaluru	Delhi	26.35	92.92	0.592	2135.9	High	Reroute	Critical
2026-07-11T14:39:49.838806+00:00	CONT-1003	Grapes	Bengaluru	Delhi	0.48	90.19	0.071	2135.9	Low	Continue	Normal
2026-07-11T14:39:49.839313+00:00	CONT-1004	Mango	Bengaluru	Delhi	10.39	80.72	0.287	2142.95	Low	Continue	Normal
2026-07-11T14:39:50.840383+00:00	CONT-1000	Banana	Bengaluru	Delhi	13.61	86.91	0.552	2142.94	High	Reroute	Critical
2026-07-11T14:39:50.841178+00:00	CONT-1001	Avocado	Bengaluru	Delhi	5.75	92.82	0.6	2135.88	High	Reroute	Critical
2026-07-11T14:39:51.849781+00:00	CONT-1003	Grapes	Bengaluru	Delhi	0.37	89.89	0.06	2135.86	Low	Continue	Normal
2026-07-11T14:39:52.855058+00:00	CONT-1001	Avocado	Bengaluru	Delhi	5.86	92.57	0.582	2135.84	High	Reroute	Critical
2026-07-11T14:39:54.868207+00:00	CONT-1000	Banana	Bengaluru	Delhi	13.72	87.28	0.527	2142.9	High	Reroute	Critical
2026-07-11T14:39:55.881418+00:00	CONT-1000	Banana	Bengaluru	Delhi	13.59	87.22	0.533	2142.89	High	Reroute	Critical
2026-07-11T14:39:55.883102+00:00	CONT-1001	Avocado	Bengaluru	Delhi	5.72	92.49	0.554	2135.78	High	Reroute	Critical
2026-07-11T14:39:55.886303+00:00	CONT-1004	Mango	Bengaluru	Delhi	10.4	80.63	0.26	2142.89	Low	Continue	Normal
2026-07-11T14:39:56.892044+00:00	CONT-1003	Grapes	Bengaluru	Delhi	0.37	90.71	0.02	2135.76	Low	Continue	Normal
2026-07-11T14:39:57.897950+00:00	CONT-1001	Avocado	Bengaluru	Delhi	5.49	92.54	0.563	2135.74	High	Reroute	Critical
2026-07-11T14:39:58.903429+00:00	CONT-1000	Banana	Bengaluru	Delhi	13.37	87.21	0.573	2142.86	High	Reroute	Critical
2026-07-11T14:39:58.904164+00:00	CONT-1001	Avocado	Bengaluru	Delhi	5.63	92.8	0.579	2135.72	High	Reroute	Critical
2026-07-11T14:39:58.905508+00:00	CONT-1002	Strawberry	Bengaluru	Delhi	26.65	93.46	0.6	2135.72	High	Reroute	Critical
2026-07-11T14:39:58.905892+00:00	CONT-1003	Grapes	Bengaluru	Delhi	0.31	90.9	0.02	2135.72	Low	Continue	Normal
2026-07-11T14:39:59.909645+00:00	CONT-1001	Avocado	Bengaluru	Delhi	5.54	92.65	0.571	2135.7	High	Reroute	Critical
2026-07-11T14:40:00.913607+00:00	CONT-1000	Banana	Bengaluru	Delhi	13.56	87.35	0.572	2142.84	High	Reroute	Critical
2026-07-11T14:40:00.917072+00:00	CONT-1003	Grapes	Bengaluru	Delhi	0.6	90.73	0.048	2135.68	Low	Continue	Normal
2026-07-11T14:40:00.919140+00:00	CONT-1004	Mango	Bengaluru	Delhi	10.12	79.83	0.225	2142.84	Low	Continue	Normal
2026-07-11T14:40:01.920551+00:00	CONT-1000	Banana	Bengaluru	Delhi	13.52	87.72	0.584	2142.83	High	Reroute	Critical
2026-07-11T14:40:01.926414+00:00	CONT-1004	Mango	Bengaluru	Delhi	10.07	79.44	0.233	2142.83	Low	Continue	Normal
2026-07-11T14:40:02.929267+00:00	CONT-1001	Avocado	Bengaluru	Delhi	5.34	92.31	0.598	2135.64	High	Reroute	Critical
2026-07-11T14:40:02.932992+00:00	CONT-1003	Grapes	Bengaluru	Delhi	0.8	90.78	0.024	2135.64	Low	Continue	Normal
2026-07-11T14:40:02.936154+00:00	CONT-1004	Mango	Bengaluru	Delhi	9.94	79.14	0.247	2142.82	Low	Continue	Normal
2026-07-11T14:40:03.941336+00:00	CONT-1002	Strawberry	Bengaluru	Delhi	26.86	93.14	0.56	2135.62	High	Reroute	Critical
2026-07-11T14:40:04.946343+00:00	CONT-1001	Avocado	Bengaluru	Delhi	5.38	92.36	0.6	2135.6	High	Reroute	Critical
2026-07-11T14:40:04.946991+00:00	CONT-1002	Strawberry	Bengaluru	Delhi	26.9	92.93	0.574	2135.6	High	Reroute	Critical
2026-07-11T14:40:04.949509+00:00	CONT-1004	Mango	Bengaluru	Delhi	9.91	78.63	0.259	2142.8	Low	Continue	Normal
2026-07-11T14:40:06.957056+00:00	CONT-1001	Avocado	Bengaluru	Delhi	5.33	92.28	0.6	2135.56	High	Reroute	Critical
2026-07-11T14:40:06.962553+00:00	CONT-1004	Mango	Bengaluru	Delhi	10.05	79.22	0.289	2142.78	Low	Continue	Normal
2026-07-11T14:40:07.967542+00:00	CONT-1000	Banana	Bengaluru	Delhi	13.6	87.5	0.591	2142.77	High	Reroute	Critical
2026-07-11T14:40:07.969982+00:00	CONT-1002	Strawberry	Bengaluru	Delhi	27.02	92.53	0.574	2135.54	High	Reroute	Critical
2026-07-11T14:40:08.976307+00:00	CONT-1001	Avocado	Bengaluru	Delhi	5.23	92.03	0.594	2135.52	High	Reroute	Critical
2026-07-11T14:40:08.977159+00:00	CONT-1002	Strawberry	Bengaluru	Delhi	27.05	92.19	0.58	2135.52	High	Reroute	Critical
2026-07-11T14:40:08.980584+00:00	CONT-1003	Grapes	Bengaluru	Delhi	0.55	90.02	0.019	2135.52	Low	Continue	Normal
2026-07-11T14:40:09.986996+00:00	CONT-1003	Grapes	Bengaluru	Delhi	0.56	89.63	0.029	2135.5	Low	Continue	Normal
2026-07-11T14:40:09.987637+00:00	CONT-1004	Mango	Bengaluru	Delhi	9.86	79.41	0.285	2142.75	Low	Continue	Normal
2026-07-11T14:40:10.989889+00:00	CONT-1000	Banana	Bengaluru	Delhi	13.35	87.35	0.6	2142.74	High	Reroute	Critical
2026-07-11T14:40:10.992586+00:00	CONT-1001	Avocado	Bengaluru	Delhi	5.38	92.34	0.58	2135.48	High	Reroute	Critical
2026-07-11T14:40:10.994252+00:00	CONT-1003	Grapes	Bengaluru	Delhi	0.55	89.42	0.018	2135.48	Low	Continue	Normal
2026-07-11T14:40:12.000456+00:00	CONT-1003	Grapes	Bengaluru	Delhi	0.65	89.16	0.026	2135.46	Low	Continue	Normal
2026-07-11T14:40:13.003618+00:00	CONT-1001	Avocado	Bengaluru	Delhi	5.21	92.43	0.582	2135.44	High	Reroute	Critical
2026-07-11T14:40:15.018426+00:00	CONT-1001	Avocado	Bengaluru	Delhi	5.41	92.44	0.6	2135.4	High	Reroute	Critical
2026-07-11T14:40:16.027952+00:00	CONT-1003	Grapes	Bengaluru	Delhi	0.75	88.72	0.025	2135.38	Low	Continue	Normal
2026-07-11T14:40:17.050239+00:00	CONT-1001	Avocado	Bengaluru	Delhi	5.41	92.49	0.6	2135.36	High	Reroute	Critical
2026-07-11T14:40:17.052889+00:00	CONT-1002	Strawberry	Bengaluru	Delhi	27.34	91.18	0.594	2135.36	High	Reroute	Critical
2026-07-11T14:40:18.059392+00:00	CONT-1001	Avocado	Bengaluru	Delhi	5.43	92.82	0.586	2135.34	High	Reroute	Critical
2026-07-11T14:40:18.061974+00:00	CONT-1003	Grapes	Bengaluru	Delhi	0.72	89.2	0.032	2135.34	Low	Continue	Normal
2026-07-11T14:40:19.065789+00:00	CONT-1001	Avocado	Bengaluru	Delhi	5.54	92.98	0.594	2135.32	High	Reroute	Critical
2026-07-11T14:40:20.071205+00:00	CONT-1000	Banana	Bengaluru	Delhi	13.45	87.42	0.587	2142.65	High	Reroute	Critical
2026-07-11T14:40:20.075885+00:00	CONT-1002	Strawberry	Bengaluru	Delhi	27.44	91.26	0.588	2135.3	High	Reroute	Critical
2026-07-11T14:40:20.077209+00:00	CONT-1003	Grapes	Bengaluru	Delhi	0.88	89.22	0.036	2135.3	Low	Continue	Normal
2026-07-11T14:40:21.084195+00:00	CONT-1003	Grapes	Bengaluru	Delhi	0.9	89.36	0.054	2135.28	Low	Continue	Normal
2026-07-11T14:40:22.090929+00:00	CONT-1004	Mango	Bengaluru	Delhi	9.63	80.91	0.21	2142.63	Low	Continue	Normal
2026-07-11T14:40:23.155561+00:00	CONT-1000	Banana	Bengaluru	Delhi	13.35	87.42	0.596	2142.62	High	Reroute	Critical
2026-07-11T14:40:23.158409+00:00	CONT-1002	Strawberry	Bengaluru	Delhi	27.52	91.52	0.578	2135.24	High	Reroute	Critical
2026-07-11T14:40:24.162691+00:00	CONT-1000	Banana	Bengaluru	Delhi	13.34	87.2	0.6	2142.61	High	Reroute	Critical
2026-07-11T14:40:25.172041+00:00	CONT-1003	Grapes	Bengaluru	Delhi	0.91	89.93	0.024	2135.2	Low	Continue	Normal
2026-07-11T14:40:26.178538+00:00	CONT-1001	Avocado	Bengaluru	Delhi	5.52	91.44	0.591	2135.18	High	Reroute	Critical
2026-07-11T14:40:26.181906+00:00	CONT-1003	Grapes	Bengaluru	Delhi	1	89.64	0.026	2135.18	Low	Continue	Normal
2026-07-11T14:40:27.183853+00:00	CONT-1000	Banana	Bengaluru	Delhi	13.64	88.26	0.599	2142.58	High	Reroute	Critical
2026-07-11T14:40:29.201371+00:00	CONT-1003	Grapes	Bengaluru	Delhi	1	89.67	0.024	2135.12	Low	Continue	Normal
2026-07-11T14:40:29.202868+00:00	CONT-1004	Mango	Bengaluru	Delhi	9.81	81.33	0.219	2142.56	Low	Continue	Normal
2026-07-11T14:40:30.206932+00:00	CONT-1001	Avocado	Bengaluru	Delhi	5.46	91.84	0.568	2135.1	High	Reroute	Critical
2026-07-11T14:40:31.218291+00:00	CONT-1003	Grapes	Bengaluru	Delhi	1.11	89.31	0.04	2135.08	Low	Continue	Normal
2026-07-11T14:40:33.234814+00:00	CONT-1004	Mango	Bengaluru	Delhi	9.73	81.32	0.26	2142.52	Low	Continue	Normal
2026-07-11T14:40:34.237727+00:00	CONT-1001	Avocado	Bengaluru	Delhi	5.26	92.08	0.536	2135.02	High	Reroute	Critical
2026-07-11T14:40:34.239665+00:00	CONT-1002	Strawberry	Bengaluru	Delhi	27.92	92.14	0.557	2135.02	High	Reroute	Critical
2026-07-11T14:40:35.246798+00:00	CONT-1000	Banana	Bengaluru	Delhi	13.68	88.45	0.581	2142.5	High	Reroute	Critical
2026-07-11T14:40:36.254890+00:00	CONT-1000	Banana	Bengaluru	Delhi	13.6	88.32	0.577	2142.49	High	Reroute	Critical
2026-07-11T14:40:36.256085+00:00	CONT-1001	Avocado	Bengaluru	Delhi	5.39	91.91	0.548	2134.98	High	Reroute	Critical
2026-07-11T14:40:36.257739+00:00	CONT-1002	Strawberry	Bengaluru	Delhi	28	92.09	0.552	2134.98	High	Reroute	Critical
2026-07-11T14:40:36.259477+00:00	CONT-1004	Mango	Bengaluru	Delhi	9.5	81.47	0.229	2142.49	Medium	Continue	Warning
2026-07-11T14:40:37.265220+00:00	CONT-1001	Avocado	Bengaluru	Delhi	5.53	91.91	0.549	2134.96	High	Reroute	Critical
2026-07-11T14:40:37.266811+00:00	CONT-1002	Strawberry	Bengaluru	Delhi	28.04	91.97	0.551	2134.96	High	Reroute	Critical
2026-07-11T14:40:37.268076+00:00	CONT-1004	Mango	Bengaluru	Delhi	9.58	81.34	0.209	2142.48	Medium	Continue	Warning
2026-07-11T14:40:39.282688+00:00	CONT-1003	Grapes	Bengaluru	Delhi	1.42	89.17	0.06	2134.92	Low	Continue	Normal
2026-07-11T14:40:39.285649+00:00	CONT-1004	Mango	Bengaluru	Delhi	9.56	81.65	0.203	2142.46	Medium	Continue	Warning
2026-07-11T14:40:40.293184+00:00	CONT-1002	Strawberry	Bengaluru	Delhi	28.15	92.03	0.583	2134.9	High	Reroute	Critical
2026-07-11T14:40:40.293683+00:00	CONT-1003	Grapes	Bengaluru	Delhi	1.57	88.88	0.041	2134.9	Low	Continue	Normal
2026-07-11T14:40:40.295777+00:00	CONT-1004	Mango	Bengaluru	Delhi	9.49	81.75	0.221	2142.45	Medium	Continue	Warning
2026-07-11T14:40:41.301828+00:00	CONT-1003	Grapes	Bengaluru	Delhi	1.45	88.67	0.045	2134.88	Low	Continue	Normal
2026-07-11T14:40:42.305757+00:00	CONT-1000	Banana	Bengaluru	Delhi	13.95	88.07	0.556	2142.43	High	Reroute	Critical
2026-07-11T14:40:42.309403+00:00	CONT-1003	Grapes	Bengaluru	Delhi	1.37	88.53	0.038	2134.86	Low	Continue	Normal
2026-07-11T14:40:42.310807+00:00	CONT-1004	Mango	Bengaluru	Delhi	9.72	81.6	0.215	2142.43	Medium	Continue	Warning
2026-07-11T14:40:43.312847+00:00	CONT-1001	Avocado	Bengaluru	Delhi	5.62	91.35	0.51	2134.84	High	Reroute	Critical
2026-07-11T14:40:43.314897+00:00	CONT-1002	Strawberry	Bengaluru	Delhi	28.28	91.81	0.574	2134.84	High	Reroute	Critical
2026-07-11T14:40:43.316392+00:00	CONT-1004	Mango	Bengaluru	Delhi	9.62	81.39	0.227	2142.42	Medium	Continue	Warning
2026-07-11T14:40:44.317696+00:00	CONT-1000	Banana	Bengaluru	Delhi	14.22	88.05	0.553	2142.41	High	Reroute	Critical
2026-07-11T14:40:44.320263+00:00	CONT-1002	Strawberry	Bengaluru	Delhi	28.3	91.58	0.582	2134.82	High	Reroute	Critical
2026-07-11T14:40:44.322813+00:00	CONT-1004	Mango	Bengaluru	Delhi	9.48	81.65	0.238	2142.41	Medium	Continue	Warning
2026-07-11T14:40:45.328848+00:00	CONT-1003	Grapes	Bengaluru	Delhi	1.39	88.49	0.04	2134.8	Low	Continue	Normal
2026-07-11T14:40:46.331431+00:00	CONT-1000	Banana	Bengaluru	Delhi	14.05	88.39	0.529	2142.39	High	Reroute	Critical
2026-07-11T14:40:46.333002+00:00	CONT-1001	Avocado	Bengaluru	Delhi	5.8	91.17	0.493	2134.78	High	Reroute	Critical
2026-07-11T14:40:48.344859+00:00	CONT-1000	Banana	Bengaluru	Delhi	14.11	88.61	0.524	2142.37	High	Reroute	Critical
2026-07-11T14:40:48.350032+00:00	CONT-1004	Mango	Bengaluru	Delhi	9.75	81.86	0.223	2142.37	Medium	Continue	Warning
2026-07-11T14:40:49.352850+00:00	CONT-1001	Avocado	Bengaluru	Delhi	5.84	91.11	0.489	2134.72	High	Reroute	Critical
2026-07-11T14:40:49.356308+00:00	CONT-1002	Strawberry	Bengaluru	Delhi	28.47	91.75	0.563	2134.72	High	Reroute	Critical
2026-07-11T14:40:49.357624+00:00	CONT-1003	Grapes	Bengaluru	Delhi	1.45	88.08	0.057	2134.72	Low	Continue	Normal
2026-07-11T14:40:50.363411+00:00	CONT-1002	Strawberry	Bengaluru	Delhi	28.5	91.7	0.547	2134.7	High	Reroute	Critical
2026-07-11T14:40:50.365035+00:00	CONT-1003	Grapes	Bengaluru	Delhi	1.59	87.83	0.052	2134.7	Low	Continue	Normal
2026-07-11T14:40:50.366599+00:00	CONT-1004	Mango	Bengaluru	Delhi	9.66	81.57	0.205	2142.35	Medium	Continue	Warning
2026-07-11T14:40:52.377736+00:00	CONT-1002	Strawberry	Bengaluru	Delhi	28.58	91.69	0.565	2134.66	High	Reroute	Critical
2026-07-11T14:40:53.382548+00:00	CONT-1000	Banana	Bengaluru	Delhi	14.04	88.59	0.553	2142.32	High	Reroute	Critical
2026-07-11T14:40:53.385904+00:00	CONT-1002	Strawberry	Bengaluru	Delhi	28.61	91.89	0.545	2134.64	High	Reroute	Critical
2026-07-11T14:40:54.393909+00:00	CONT-1001	Avocado	Bengaluru	Delhi	5.7	91.2	0.499	2134.62	High	Reroute	Critical
2026-07-11T14:40:54.398145+00:00	CONT-1004	Mango	Bengaluru	Delhi	9.65	81.42	0.156	2142.31	Medium	Continue	Warning
2026-07-11T14:40:55.402668+00:00	CONT-1001	Avocado	Bengaluru	Delhi	5.81	91.53	0.491	2134.6	High	Reroute	Critical
2026-07-11T14:40:55.404417+00:00	CONT-1002	Strawberry	Bengaluru	Delhi	28.66	91.74	0.564	2134.6	High	Reroute	Critical
2026-07-11T14:40:56.413813+00:00	CONT-1001	Avocado	Bengaluru	Delhi	5.76	91.31	0.479	2134.58	High	Reroute	Critical
2026-07-11T14:40:57.424859+00:00	CONT-1003	Grapes	Bengaluru	Delhi	2.07	86.83	0.07	2134.56	Low	Continue	Normal
2026-07-11T14:40:58.437980+00:00	CONT-1004	Mango	Bengaluru	Delhi	9.65	81.84	0.172	2142.27	High	Reroute	Critical
2026-07-11T14:40:59.439821+00:00	CONT-1000	Banana	Bengaluru	Delhi	14.3	88.8	0.534	2142.26	High	Reroute	Critical
2026-07-11T14:40:59.444003+00:00	CONT-1002	Strawberry	Bengaluru	Delhi	28.78	91.31	0.563	2134.52	High	Reroute	Critical
2026-07-11T14:40:59.446464+00:00	CONT-1004	Mango	Bengaluru	Delhi	9.61	82.13	0.156	2142.26	High	Reroute	Critical
2026-07-11T14:41:00.449274+00:00	CONT-1000	Banana	Bengaluru	Delhi	14.23	89.11	0.52	2142.25	High	Reroute	Critical
2026-07-11T14:41:00.453306+00:00	CONT-1003	Grapes	Bengaluru	Delhi	2.02	86.94	0.083	2134.5	Low	Continue	Normal
2026-07-11T14:41:00.453993+00:00	CONT-1004	Mango	Bengaluru	Delhi	9.63	82.47	0.137	2142.25	High	Reroute	Critical
2026-07-11T14:41:01.455316+00:00	CONT-1000	Banana	Bengaluru	Delhi	14.37	88.76	0.529	2142.24	High	Reroute	Critical
2026-07-11T14:41:01.467758+00:00	CONT-1004	Mango	Bengaluru	Delhi	9.73	82.31	0.154	2142.24	High	Reroute	Critical
2026-07-11T14:41:03.477140+00:00	CONT-1000	Banana	Bengaluru	Delhi	14.36	89.12	0.507	2142.22	High	Reroute	Critical
2026-07-11T14:41:04.484020+00:00	CONT-1000	Banana	Bengaluru	Delhi	14.45	88.95	0.498	2142.21	High	Reroute	Critical
2026-07-11T14:41:04.486055+00:00	CONT-1001	Avocado	Bengaluru	Delhi	5.77	92.48	0.481	2134.42	Medium	Continue	Warning
2026-07-11T14:41:04.486973+00:00	CONT-1002	Strawberry	Bengaluru	Delhi	28.98	90.97	0.57	2134.42	High	Reroute	Critical
2026-07-11T14:41:04.487829+00:00	CONT-1003	Grapes	Bengaluru	Delhi	1.77	87.78	0.076	2134.42	Low	Continue	Normal
2026-07-11T14:41:04.488138+00:00	CONT-1004	Mango	Bengaluru	Delhi	9.75	82.19	0.123	2142.21	High	Reroute	Critical
2026-07-11T14:41:06.497799+00:00	CONT-1000	Banana	Bengaluru	Delhi	14.49	88.81	0.472	2142.19	High	Reroute	Critical
2026-07-11T14:41:06.498515+00:00	CONT-1001	Avocado	Bengaluru	Delhi	5.71	92.67	0.474	2134.38	Medium	Continue	Warning
2026-07-11T14:41:06.502967+00:00	CONT-1004	Mango	Bengaluru	Delhi	9.88	82.27	0.092	2142.19	High	Reroute	Critical
2026-07-11T14:41:07.505198+00:00	CONT-1000	Banana	Bengaluru	Delhi	14.49	89.2	0.476	2142.18	High	Reroute	Critical
2026-07-11T14:41:07.506135+00:00	CONT-1001	Avocado	Bengaluru	Delhi	5.63	92.57	0.473	2134.36	Medium	Continue	Warning
2026-07-11T14:41:07.507739+00:00	CONT-1002	Strawberry	Bengaluru	Delhi	29.09	90.22	0.581	2134.36	High	Reroute	Critical
2026-07-11T14:41:07.508121+00:00	CONT-1003	Grapes	Bengaluru	Delhi	1.45	88.09	0.096	2134.36	Low	Continue	Normal
2026-07-11T14:41:08.512948+00:00	CONT-1001	Avocado	Bengaluru	Delhi	5.66	92.18	0.487	2134.34	Medium	Continue	Warning
2026-07-11T14:41:08.517173+00:00	CONT-1003	Grapes	Bengaluru	Delhi	1.4	88.05	0.081	2134.34	Low	Continue	Normal
2026-07-11T14:41:09.525594+00:00	CONT-1004	Mango	Bengaluru	Delhi	9.67	83.06	0.08	2142.16	High	Reroute	Critical
2026-07-11T14:41:11.535145+00:00	CONT-1001	Avocado	Bengaluru	Delhi	5.65	92.16	0.507	2134.28	Medium	Continue	Warning
2026-07-11T14:41:11.537840+00:00	CONT-1002	Strawberry	Bengaluru	Delhi	29.26	90.73	0.585	2134.28	High	Reroute	Critical
2026-07-11T14:41:11.538549+00:00	CONT-1003	Grapes	Bengaluru	Delhi	1.49	87.55	0.05	2134.28	Low	Continue	Normal
2026-07-11T14:41:11.539293+00:00	CONT-1004	Mango	Bengaluru	Delhi	9.55	83.77	0.099	2142.14	High	Reroute	Critical
2026-07-11T14:41:12.542713+00:00	CONT-1001	Avocado	Bengaluru	Delhi	5.7	92.2	0.508	2134.26	Medium	Continue	Warning
2026-07-11T14:41:13.550223+00:00	CONT-1003	Grapes	Bengaluru	Delhi	1.52	88.14	0.073	2134.24	Low	Continue	Normal
2026-07-11T14:41:14.552807+00:00	CONT-1000	Banana	Bengaluru	Delhi	14.44	88.99	0.465	2142.11	High	Reroute	Critical
2026-07-11T14:41:14.554647+00:00	CONT-1001	Avocado	Bengaluru	Delhi	5.76	92.27	0.528	2134.22	Medium	Continue	Warning
2026-07-11T14:41:14.555272+00:00	CONT-1002	Strawberry	Bengaluru	Delhi	29.37	90.28	0.588	2134.22	High	Reroute	Critical
2026-07-11T14:41:14.555757+00:00	CONT-1003	Grapes	Bengaluru	Delhi	1.39	88.45	0.092	2134.22	Low	Continue	Normal
2026-07-11T14:41:14.556151+00:00	CONT-1004	Mango	Bengaluru	Delhi	9.81	83.86	0.107	2142.11	High	Reroute	Critical
2026-07-11T14:41:15.561209+00:00	CONT-1004	Mango	Bengaluru	Delhi	9.71	83.53	0.092	2142.1	High	Reroute	Critical
2026-07-11T14:41:16.562584+00:00	CONT-1000	Banana	Bengaluru	Delhi	14.55	88.91	0.443	2142.09	High	Reroute	Critical
2026-07-11T14:41:17.570166+00:00	CONT-1000	Banana	Bengaluru	Delhi	14.46	89.3	0.454	2142.08	Medium	Continue	Warning
2026-07-11T14:41:19.587333+00:00	CONT-1003	Grapes	Bengaluru	Delhi	1.74	89.01	0.109	2134.12	Low	Continue	Normal
2026-07-11T14:41:21.597362+00:00	CONT-1000	Banana	Bengaluru	Delhi	14.65	89.47	0.418	2142.04	Medium	Continue	Warning
2026-07-11T14:41:22.612642+00:00	CONT-1003	Grapes	Bengaluru	Delhi	1.62	89.47	0.117	2134.06	Low	Continue	Normal
2026-07-11T14:41:23.617329+00:00	CONT-1001	Avocado	Bengaluru	Delhi	5.96	92.79	0.6	2134.04	High	Reroute	Critical
2026-07-11T14:41:23.617937+00:00	CONT-1002	Strawberry	Bengaluru	Delhi	29.7	89.95	0.592	2134.04	High	Reroute	Critical
2026-07-11T14:41:23.619776+00:00	CONT-1003	Grapes	Bengaluru	Delhi	1.51	89.55	0.127	2134.04	Low	Continue	Normal
2026-07-11T14:41:24.625169+00:00	CONT-1001	Avocado	Bengaluru	Delhi	6.11	92.55	0.6	2134.02	High	Reroute	Critical
2026-07-11T14:41:24.627926+00:00	CONT-1002	Strawberry	Bengaluru	Delhi	29.75	89.67	0.965	2134.02	High	Reroute	Critical
2026-07-11T14:41:24.629388+00:00	CONT-1003	Grapes	Bengaluru	Delhi	1.39	89.41	0.114	2134.02	Low	Continue	Normal
2026-07-11T14:41:25.633638+00:00	CONT-1001	Avocado	Bengaluru	Delhi	6.23	92.26	0.587	2134	High	Reroute	Critical
2026-07-11T14:41:25.635800+00:00	CONT-1002	Strawberry	Bengaluru	Delhi	29.77	89.29	0.6	2134	High	Reroute	Critical
2026-07-11T14:41:25.637867+00:00	CONT-1004	Mango	Bengaluru	Delhi	9.48	83.24	0.069	2142	High	Reroute	Critical
2026-07-11T14:41:27.647670+00:00	CONT-1002	Strawberry	Bengaluru	Delhi	29.82	89.23	0.595	2133.96	High	Reroute	Critical
2026-07-11T14:41:27.649504+00:00	CONT-1003	Grapes	Bengaluru	Delhi	1.73	89.36	0.139	2133.96	Low	Continue	Normal
2026-07-11T14:41:31.680731+00:00	CONT-1002	Strawberry	Bengaluru	Delhi	29.96	88.99	0.56	2133.88	High	Reroute	Critical
2026-07-11T14:41:31.683519+00:00	CONT-1004	Mango	Bengaluru	Delhi	9.67	82.98	0.067	2141.94	High	Reroute	Critical
2026-07-11T14:41:33.695562+00:00	CONT-1002	Strawberry	Bengaluru	Delhi	30.03	88.8	0.557	2133.84	High	Reroute	Critical
2026-07-11T14:41:34.702763+00:00	CONT-1001	Avocado	Bengaluru	Delhi	6.31	91.33	0.6	2133.82	High	Reroute	Critical
2026-07-11T14:41:35.713064+00:00	CONT-1000	Banana	Bengaluru	Delhi	14.52	89.26	0.444	2141.9	Low	Continue	Normal
2026-07-11T14:41:35.717252+00:00	CONT-1002	Strawberry	Bengaluru	Delhi	30.08	88.67	0.521	2133.8	High	Reroute	Critical
2026-07-11T14:41:37.726282+00:00	CONT-1001	Avocado	Bengaluru	Delhi	6.31	91.5	0.588	2133.76	High	Reroute	Critical
2026-07-11T14:41:37.735528+00:00	CONT-1004	Mango	Bengaluru	Delhi	9.77	82.29	0.101	2141.88	High	Reroute	Critical
2026-07-11T14:41:39.748747+00:00	CONT-1001	Avocado	Bengaluru	Delhi	6.24	91.77	0.583	2133.72	High	Reroute	Critical
2026-07-11T14:41:39.753845+00:00	CONT-1003	Grapes	Bengaluru	Delhi	1.74	89.02	0.108	2133.72	Low	Continue	Normal
2026-07-11T14:41:39.754716+00:00	CONT-1004	Mango	Bengaluru	Delhi	9.79	82.72	0.11	2141.86	High	Reroute	Critical
2026-07-11T14:41:41.763895+00:00	CONT-1002	Strawberry	Bengaluru	Delhi	30.33	88.12	0.531	2133.68	High	Reroute	Critical
2026-07-11T14:41:42.772160+00:00	CONT-1003	Grapes	Bengaluru	Delhi	1.53	88.74	0.128	2133.66	Low	Continue	Normal
2026-07-11T14:41:44.778655+00:00	CONT-1000	Banana	Bengaluru	Delhi	14.45	88.06	0.361	2141.81	Low	Continue	Normal
2026-07-11T14:41:44.782712+00:00	CONT-1003	Grapes	Bengaluru	Delhi	1.55	88.75	0.118	2133.62	Low	Continue	Normal
2026-07-11T14:41:45.784908+00:00	CONT-1000	Banana	Bengaluru	Delhi	14.31	87.96	0.356	2141.8	Low	Continue	Normal
2026-07-11T14:41:45.788461+00:00	CONT-1003	Grapes	Bengaluru	Delhi	1.58	88.64	0.105	2133.6	Low	Continue	Normal
2026-07-11T14:41:48.806794+00:00	CONT-1001	Avocado	Bengaluru	Delhi	6.32	90.6	0.59	2133.54	High	Reroute	Critical
2026-07-11T14:41:48.808328+00:00	CONT-1002	Strawberry	Bengaluru	Delhi	30.6	88.75	0.598	2133.54	High	Reroute	Critical
2026-07-11T14:41:48.809825+00:00	CONT-1003	Grapes	Bengaluru	Delhi	1.82	88.28	0.15	2133.54	Low	Continue	Normal
2026-07-11T14:41:48.811184+00:00	CONT-1004	Mango	Bengaluru	Delhi	9.93	83.96	0.158	2141.77	High	Reroute	Critical
2026-07-11T14:41:49.819589+00:00	CONT-1003	Grapes	Bengaluru	Delhi	1.96	88.48	0.144	2133.52	Low	Continue	Normal
2026-07-11T14:41:51.834799+00:00	CONT-1001	Avocado	Bengaluru	Delhi	6.06	90.05	0.589	2133.48	High	Reroute	Critical
2026-07-11T14:41:51.836894+00:00	CONT-1002	Strawberry	Bengaluru	Delhi	30.73	88.99	0.6	2133.48	High	Reroute	Critical
2026-07-11T14:41:51.838279+00:00	CONT-1004	Mango	Bengaluru	Delhi	9.66	83.97	0.147	2141.74	High	Reroute	Critical
2026-07-11T14:41:52.841634+00:00	CONT-1001	Avocado	Bengaluru	Delhi	6.02	90.45	0.6	2133.46	High	Reroute	Critical
2026-07-11T14:41:52.842562+00:00	CONT-1002	Strawberry	Bengaluru	Delhi	30.77	88.99	0.597	2133.46	High	Reroute	Critical
2026-07-11T14:41:52.845031+00:00	CONT-1004	Mango	Bengaluru	Delhi	9.8	84.17	0.136	2141.73	High	Reroute	Critical
2026-07-11T14:41:53.847496+00:00	CONT-1000	Banana	Bengaluru	Delhi	13.8	88.34	0.344	2141.72	Low	Continue	Normal
2026-07-11T14:41:53.849149+00:00	CONT-1001	Avocado	Bengaluru	Delhi	6.02	90.1	0.594	2133.44	High	Reroute	Critical
2026-07-11T14:41:53.850105+00:00	CONT-1002	Strawberry	Bengaluru	Delhi	30.82	88.83	0.589	2133.44	High	Reroute	Critical
2026-07-11T14:41:53.852054+00:00	CONT-1004	Mango	Bengaluru	Delhi	9.86	84.13	0.152	2141.72	High	Reroute	Critical
2026-07-11T14:41:54.854981+00:00	CONT-1001	Avocado	Bengaluru	Delhi	6.11	90.41	0.6	2133.42	High	Reroute	Critical
2026-07-11T14:41:54.857120+00:00	CONT-1003	Grapes	Bengaluru	Delhi	1.94	88.75	0.13	2133.42	Low	Continue	Normal
2026-07-11T14:41:56.868781+00:00	CONT-1000	Banana	Bengaluru	Delhi	14.06	88.84	0.345	2141.69	Low	Continue	Normal
2026-07-11T14:41:56.869435+00:00	CONT-1001	Avocado	Bengaluru	Delhi	6.32	90.66	0.6	2133.38	High	Reroute	Critical
2026-07-11T14:41:57.878513+00:00	CONT-1002	Strawberry	Bengaluru	Delhi	30.96	88.98	0.6	2133.36	High	Reroute	Critical
2026-07-11T14:41:58.883284+00:00	CONT-1000	Banana	Bengaluru	Delhi	13.89	88.76	0.361	2141.67	Low	Continue	Normal
2026-07-11T14:41:59.893483+00:00	CONT-1001	Avocado	Bengaluru	Delhi	6.43	90.39	0.584	2133.32	High	Reroute	Critical
2026-07-11T14:42:00.901909+00:00	CONT-1000	Banana	Bengaluru	Delhi	13.92	88.93	0.374	2141.65	Low	Continue	Normal
2026-07-11T14:42:00.905309+00:00	CONT-1003	Grapes	Bengaluru	Delhi	1.9	89.04	0.14	2133.3	Low	Continue	Normal
2026-07-11T14:42:00.907734+00:00	CONT-1004	Mango	Bengaluru	Delhi	9.77	84.73	0.145	2141.65	High	Reroute	Critical
2026-07-11T14:42:01.914784+00:00	CONT-1004	Mango	Bengaluru	Delhi	9.88	84.72	0.127	2141.64	High	Reroute	Critical
2026-07-11T14:42:02.920899+00:00	CONT-1003	Grapes	Bengaluru	Delhi	1.79	89.7	0.155	2133.26	Low	Continue	Normal
2026-07-11T14:42:02.921575+00:00	CONT-1004	Mango	Bengaluru	Delhi	9.81	84.38	0.144	2141.63	High	Reroute	Critical
2026-07-11T14:42:03.932701+00:00	CONT-1003	Grapes	Bengaluru	Delhi	1.77	90.01	0.17	2133.24	Low	Continue	Normal
2026-07-11T14:42:04.937376+00:00	CONT-1001	Avocado	Bengaluru	Delhi	6.41	89.78	0.577	2133.22	High	Reroute	Critical
2026-07-11T14:42:04.942839+00:00	CONT-1004	Mango	Bengaluru	Delhi	9.79	84.41	0.125	2141.61	High	Reroute	Critical
2026-07-11T14:42:05.946450+00:00	CONT-1000	Banana	Bengaluru	Delhi	13.73	88.83	0.379	2141.6	Low	Continue	Normal
2026-07-11T14:42:07.966376+00:00	CONT-1002	Strawberry	Bengaluru	Delhi	31.3	90.77	0.566	2133.16	High	Reroute	Critical
2026-07-11T14:42:07.967913+00:00	CONT-1003	Grapes	Bengaluru	Delhi	1.83	89.78	0.159	2133.16	Low	Continue	Normal
2026-07-11T14:42:07.968725+00:00	CONT-1004	Mango	Bengaluru	Delhi	9.65	84.43	0.106	2141.58	High	Reroute	Critical
2026-07-11T14:42:08.971279+00:00	CONT-1001	Avocado	Bengaluru	Delhi	6.49	90.19	0.585	2133.14	High	Reroute	Critical
2026-07-11T14:42:08.973169+00:00	CONT-1002	Strawberry	Bengaluru	Delhi	31.32	91.16	0.57	2133.14	High	Reroute	Critical
2026-07-11T14:42:08.974646+00:00	CONT-1004	Mango	Bengaluru	Delhi	9.55	84.66	0.109	2141.57	High	Reroute	Critical
2026-07-11T14:42:09.978749+00:00	CONT-1002	Strawberry	Bengaluru	Delhi	31.37	90.81	0.558	2133.12	High	Reroute	Critical
2026-07-11T14:42:09.981150+00:00	CONT-1004	Mango	Bengaluru	Delhi	9.67	84.96	0.109	2141.56	High	Reroute	Critical
2026-07-11T14:42:10.986620+00:00	CONT-1004	Mango	Bengaluru	Delhi	9.71	85.12	0.093	2141.55	High	Reroute	Critical
2026-07-11T14:42:11.991526+00:00	CONT-1002	Strawberry	Bengaluru	Delhi	31.44	90.93	0.56	2133.08	High	Reroute	Critical
2026-07-11T14:42:13.000851+00:00	CONT-1002	Strawberry	Bengaluru	Delhi	31.49	91.1	0.568	2133.06	High	Reroute	Critical
2026-07-11T14:42:13.001439+00:00	CONT-1003	Grapes	Bengaluru	Delhi	1.57	89.28	0.191	2133.06	Low	Continue	Normal
2026-07-11T14:42:13.003624+00:00	CONT-1004	Mango	Bengaluru	Delhi	9.87	85.2	0.08	2141.53	High	Reroute	Critical
2026-07-11T14:42:14.004910+00:00	CONT-1000	Banana	Bengaluru	Delhi	14.05	89.17	0.373	2141.52	Low	Continue	Normal
2026-07-11T14:42:14.005933+00:00	CONT-1001	Avocado	Bengaluru	Delhi	6.63	89.63	0.597	2133.04	High	Reroute	Critical
2026-07-11T14:42:15.019251+00:00	CONT-1004	Mango	Bengaluru	Delhi	9.64	84.98	0.052	2141.51	High	Reroute	Critical
2026-07-11T14:42:16.021253+00:00	CONT-1000	Banana	Bengaluru	Delhi	14.1	89.28	0.364	2141.5	Low	Continue	Normal
2026-07-11T14:42:16.021999+00:00	CONT-1001	Avocado	Bengaluru	Delhi	6.84	90.11	0.576	2133	High	Reroute	Critical
2026-07-11T14:42:16.024164+00:00	CONT-1002	Strawberry	Bengaluru	Delhi	31.59	90.97	0.565	2133	High	Reroute	Critical
2026-07-11T14:42:16.025766+00:00	CONT-1004	Mango	Bengaluru	Delhi	9.51	84.67	0.065	2141.5	High	Reroute	Critical
2026-07-11T14:42:17.027408+00:00	CONT-1000	Banana	Bengaluru	Delhi	14.17	89.16	0.352	2141.49	Low	Continue	Normal
2026-07-11T14:42:18.035998+00:00	CONT-1000	Banana	Bengaluru	Delhi	14.17	89.15	0.359	2141.48	Low	Continue	Normal
2026-07-11T14:42:20.050850+00:00	CONT-1003	Grapes	Bengaluru	Delhi	1.89	89.47	0.252	2132.92	Low	Continue	Normal
2026-07-11T14:42:22.061912+00:00	CONT-1002	Strawberry	Bengaluru	Delhi	31.82	91.27	0.582	2132.88	High	Reroute	Critical
2026-07-11T14:42:22.065447+00:00	CONT-1004	Mango	Bengaluru	Delhi	10	85.47	0.05	2141.44	High	Reroute	Critical
2026-07-11T14:42:23.066816+00:00	CONT-1000	Banana	Bengaluru	Delhi	14.33	89.73	0.351	2141.43	Low	Continue	Normal
2026-07-11T14:42:23.069576+00:00	CONT-1002	Strawberry	Bengaluru	Delhi	31.86	91.59	0.59	2132.86	High	Reroute	Critical
2026-07-11T14:42:24.079643+00:00	CONT-1001	Avocado	Bengaluru	Delhi	6.5	90.09	0.561	2132.84	High	Reroute	Critical
2026-07-11T14:42:25.090754+00:00	CONT-1003	Grapes	Bengaluru	Delhi	1.99	89.7	0.233	2132.82	Low	Continue	Normal
2026-07-11T14:42:25.091664+00:00	CONT-1004	Mango	Bengaluru	Delhi	10.15	85.75	0.056	2141.41	High	Reroute	Critical
2026-07-11T14:42:26.095368+00:00	CONT-1001	Avocado	Bengaluru	Delhi	6.62	90.53	0.581	2132.8	High	Reroute	Critical
2026-07-11T14:42:26.097050+00:00	CONT-1002	Strawberry	Bengaluru	Delhi	32.01	91.86	0.591	2132.8	High	Reroute	Critical
2026-07-11T14:42:26.098942+00:00	CONT-1004	Mango	Bengaluru	Delhi	10.09	85.5	0.076	2141.4	High	Reroute	Critical
2026-07-11T14:42:27.102539+00:00	CONT-1000	Banana	Bengaluru	Delhi	14.38	90.16	0.344	2141.39	Low	Continue	Normal
2026-07-11T14:42:28.110848+00:00	CONT-1001	Avocado	Bengaluru	Delhi	6.6	90.8	0.586	2132.76	High	Reroute	Critical
2026-07-11T14:42:30.121346+00:00	CONT-1000	Banana	Bengaluru	Delhi	14.23	90.14	0.343	2141.36	Low	Continue	Normal
2026-07-11T14:42:30.125866+00:00	CONT-1003	Grapes	Bengaluru	Delhi	2.31	90.01	0.231	2132.72	Low	Continue	Normal
2026-07-11T14:42:30.127270+00:00	CONT-1004	Mango	Bengaluru	Delhi	10.22	85.92	0.053	2141.36	High	Reroute	Critical
2026-07-11T14:42:32.138052+00:00	CONT-1000	Banana	Bengaluru	Delhi	14.24	89.99	0.32	2141.34	Low	Continue	Normal
2026-07-11T14:42:32.140577+00:00	CONT-1002	Strawberry	Bengaluru	Delhi	32.21	92.1	0.573	2132.68	High	Reroute	Critical
2026-07-11T14:42:34.152267+00:00	CONT-1000	Banana	Bengaluru	Delhi	14.36	90.03	0.328	2141.32	Low	Continue	Normal
2026-07-11T14:42:34.158767+00:00	CONT-1004	Mango	Bengaluru	Delhi	10.29	85.56	0.042	2141.32	High	Reroute	Critical
2026-07-11T14:42:35.160294+00:00	CONT-1000	Banana	Bengaluru	Delhi	14.28	90.08	0.31	2141.31	Low	Continue	Normal
2026-07-11T14:42:36.167168+00:00	CONT-1000	Banana	Bengaluru	Delhi	14.2	90.43	0.296	2141.3	Low	Continue	Normal
2026-07-11T14:42:37.176884+00:00	CONT-1003	Grapes	Bengaluru	Delhi	2.24	89.55	0.285	2132.58	Low	Continue	Normal
2026-07-11T14:42:38.181871+00:00	CONT-1001	Avocado	Bengaluru	Delhi	6.79	89.66	0.58	2132.56	High	Reroute	Critical
2026-07-11T14:42:39.188077+00:00	CONT-1000	Banana	Bengaluru	Delhi	14.29	89.99	0.278	2141.27	Low	Continue	Normal
2026-07-11T14:42:40.197196+00:00	CONT-1001	Avocado	Bengaluru	Delhi	6.93	89.06	0.563	2132.52	High	Reroute	Critical
2026-07-11T14:42:42.213266+00:00	CONT-1000	Banana	Bengaluru	Delhi	14.54	89.92	0.271	2141.24	Low	Continue	Normal
2026-07-11T14:42:42.215666+00:00	CONT-1001	Avocado	Bengaluru	Delhi	6.73	88.97	0.576	2132.48	High	Reroute	Critical
2026-07-11T14:42:42.217256+00:00	CONT-1003	Grapes	Bengaluru	Delhi	2.64	90.13	0.26	2132.48	Medium	Continue	Warning
2026-07-11T14:42:42.218590+00:00	CONT-1004	Mango	Bengaluru	Delhi	10.01	84.88	0.058	2141.24	Medium	Continue	Warning
2026-07-11T14:42:43.219691+00:00	CONT-1000	Banana	Bengaluru	Delhi	14.4	89.8	0.266	2141.23	Low	Continue	Normal
2026-07-11T14:42:45.234183+00:00	CONT-1001	Avocado	Bengaluru	Delhi	6.76	89.16	0.552	2132.42	High	Reroute	Critical
2026-07-11T14:42:45.236995+00:00	CONT-1003	Grapes	Bengaluru	Delhi	2.83	89.73	0.257	2132.42	Medium	Continue	Warning
2026-07-11T14:42:45.239043+00:00	CONT-1004	Mango	Bengaluru	Delhi	10.28	85.04	0.04	2141.21	Medium	Continue	Warning
2026-07-11T14:42:46.241701+00:00	CONT-1001	Avocado	Bengaluru	Delhi	6.69	89.4	0.538	2132.4	High	Reroute	Critical
2026-07-11T14:42:46.245034+00:00	CONT-1004	Mango	Bengaluru	Delhi	10.2	85.35	0.054	2141.2	Medium	Continue	Warning
2026-07-11T14:42:47.246581+00:00	CONT-1000	Banana	Bengaluru	Delhi	14.02	90.76	0.317	2141.19	Low	Continue	Normal
2026-07-11T14:42:47.249290+00:00	CONT-1002	Strawberry	Bengaluru	Delhi	32.68	94.05	0.566	2132.38	High	Reroute	Critical
2026-07-11T14:42:47.249896+00:00	CONT-1003	Grapes	Bengaluru	Delhi	2.97	90.18	0.264	2132.38	Medium	Continue	Warning
2026-07-11T14:42:47.250806+00:00	CONT-1004	Mango	Bengaluru	Delhi	10.28	85.3	0.052	2141.19	Medium	Continue	Warning
2026-07-11T14:42:48.251891+00:00	CONT-1000	Banana	Bengaluru	Delhi	13.88	90.47	0.307	2141.18	Low	Continue	Normal
2026-07-11T14:42:48.255679+00:00	CONT-1003	Grapes	Bengaluru	Delhi	2.99	90.44	0.274	2132.36	Medium	Continue	Warning
2026-07-11T14:42:49.265997+00:00	CONT-1004	Mango	Bengaluru	Delhi	10.34	85.72	0.06	2141.17	Medium	Continue	Warning
2026-07-11T14:42:50.268596+00:00	CONT-1000	Banana	Bengaluru	Delhi	14.13	89.93	0.302	2141.16	Low	Continue	Normal
2026-07-11T14:42:50.272970+00:00	CONT-1003	Grapes	Bengaluru	Delhi	2.94	89.98	0.283	2132.32	Medium	Continue	Warning
2026-07-11T14:42:50.273804+00:00	CONT-1004	Mango	Bengaluru	Delhi	10.28	85.46	0.062	2141.16	Medium	Continue	Warning
2026-07-11T14:42:51.275389+00:00	CONT-1000	Banana	Bengaluru	Delhi	14.04	89.98	0.299	2141.15	Low	Continue	Normal
2026-07-11T14:42:51.276410+00:00	CONT-1001	Avocado	Bengaluru	Delhi	6.44	89.58	0.578	2132.3	High	Reroute	Critical
2026-07-11T14:42:51.281635+00:00	CONT-1004	Mango	Bengaluru	Delhi	10.19	85.08	0.051	2141.15	Medium	Continue	Warning
2026-07-11T14:42:53.291720+00:00	CONT-1001	Avocado	Bengaluru	Delhi	6.39	89.68	0.562	2132.26	High	Reroute	Critical
2026-07-11T14:42:54.297931+00:00	CONT-1000	Banana	Bengaluru	Delhi	14.01	90.12	0.3	2141.12	Low	Continue	Normal
2026-07-11T14:42:54.301522+00:00	CONT-1002	Strawberry	Bengaluru	Delhi	32.92	93.14	0.505	2132.24	High	Reroute	Critical
2026-07-11T14:42:54.302360+00:00	CONT-1003	Grapes	Bengaluru	Delhi	2.83	89.71	0.287	2132.24	High	Reroute	Critical
2026-07-11T14:42:56.315340+00:00	CONT-1003	Grapes	Bengaluru	Delhi	2.87	90.13	0.303	2132.2	High	Reroute	Critical
2026-07-11T14:42:57.317936+00:00	CONT-1000	Banana	Bengaluru	Delhi	13.9	90.21	0.251	2141.09	Low	Continue	Normal
2026-07-11T14:42:57.320787+00:00	CONT-1002	Strawberry	Bengaluru	Delhi	33.04	94.03	0.491	2132.18	High	Reroute	Critical
2026-07-11T14:42:57.321312+00:00	CONT-1003	Grapes	Bengaluru	Delhi	2.85	90.09	0.323	2132.18	High	Reroute	Critical
2026-07-11T14:42:58.324859+00:00	CONT-1001	Avocado	Bengaluru	Delhi	6.61	89.49	0.595	2132.16	High	Reroute	Critical
2026-07-11T14:42:59.329240+00:00	CONT-1000	Banana	Bengaluru	Delhi	14.14	90.27	0.261	2141.07	Low	Continue	Normal
2026-07-11T14:42:59.331215+00:00	CONT-1001	Avocado	Bengaluru	Delhi	6.68	89.52	0.578	2132.14	High	Reroute	Critical
2026-07-11T14:42:59.331773+00:00	CONT-1002	Strawberry	Bengaluru	Delhi	33.11	93.85	0.516	2132.14	High	Reroute	Critical
2026-07-11T14:42:59.332998+00:00	CONT-1004	Mango	Bengaluru	Delhi	10.62	84.85	0.014	2141.07	Medium	Continue	Warning
2026-07-11T14:43:00.334796+00:00	CONT-1000	Banana	Bengaluru	Delhi	14	90.51	0.267	2141.06	Low	Continue	Normal
2026-07-11T14:43:00.337381+00:00	CONT-1002	Strawberry	Bengaluru	Delhi	33.14	93.5	0.529	2132.12	High	Reroute	Critical
2026-07-11T14:43:00.340183+00:00	CONT-1003	Grapes	Bengaluru	Delhi	2.73	90.87	0.342	2132.12	High	Reroute	Critical
2026-07-11T14:43:02.356535+00:00	CONT-1004	Mango	Bengaluru	Delhi	10.59	84.25	0.029	2141.04	Low	Continue	Normal
2026-07-11T14:43:03.358802+00:00	CONT-1001	Avocado	Bengaluru	Delhi	6.49	88.73	0.57	2132.06	High	Reroute	Critical
2026-07-11T14:43:03.360279+00:00	CONT-1002	Strawberry	Bengaluru	Delhi	33.24	92.63	0.521	2132.06	High	Reroute	Critical
2026-07-11T14:43:04.367710+00:00	CONT-1002	Strawberry	Bengaluru	Delhi	33.27	92.71	0.53	2132.04	High	Reroute	Critical
2026-07-11T14:43:04.368937+00:00	CONT-1003	Grapes	Bengaluru	Delhi	2.69	90.88	0.327	2132.04	High	Reroute	Critical
2026-07-11T14:43:05.376644+00:00	CONT-1002	Strawberry	Bengaluru	Delhi	33.3	92.36	0.512	2132.02	High	Reroute	Critical
2026-07-11T14:43:05.378077+00:00	CONT-1003	Grapes	Bengaluru	Delhi	2.83	91.18	0.333	2132.02	High	Reroute	Critical
2026-07-11T14:43:05.379276+00:00	CONT-1004	Mango	Bengaluru	Delhi	10.43	84.11	0.047	2141.01	Low	Continue	Normal
2026-07-11T14:43:06.384844+00:00	CONT-1002	Strawberry	Bengaluru	Delhi	33.34	92.11	0.518	2132	High	Reroute	Critical
2026-07-11T14:43:06.385658+00:00	CONT-1003	Grapes	Bengaluru	Delhi	2.71	91.57	0.314	2132	High	Reroute	Critical
2026-07-11T14:43:06.388101+00:00	CONT-1004	Mango	Bengaluru	Delhi	10.31	84.35	0.051	2141	Low	Continue	Normal
2026-07-11T14:43:08.395821+00:00	CONT-1000	Banana	Bengaluru	Delhi	13.48	90.84	0.243	2140.98	Low	Continue	Normal
2026-07-11T14:43:08.396698+00:00	CONT-1001	Avocado	Bengaluru	Delhi	6.79	89.03	0.566	2131.96	High	Reroute	Critical
2026-07-11T14:43:08.400626+00:00	CONT-1003	Grapes	Bengaluru	Delhi	2.92	91.8	0.307	2131.96	High	Reroute	Critical
2026-07-11T14:43:09.402963+00:00	CONT-1000	Banana	Bengaluru	Delhi	13.39	90.61	0.251	2140.97	Low	Continue	Normal
2026-07-11T14:43:09.406478+00:00	CONT-1001	Avocado	Bengaluru	Delhi	6.79	89.08	0.584	2131.94	High	Reroute	Critical
2026-07-11T14:43:09.407606+00:00	CONT-1002	Strawberry	Bengaluru	Delhi	33.46	92.29	0.595	2131.94	High	Reroute	Critical
2026-07-11T14:43:10.419250+00:00	CONT-1000	Banana	Bengaluru	Delhi	13.32	90.5	0.254	2140.96	Low	Continue	Normal
2026-07-11T14:43:11.427611+00:00	CONT-1000	Banana	Bengaluru	Delhi	13.26	90.56	0.274	2140.95	Low	Continue	Normal
2026-07-11T14:43:11.428539+00:00	CONT-1001	Avocado	Bengaluru	Delhi	6.78	89.4	0.576	2131.9	High	Reroute	Critical
2026-07-11T14:43:11.431970+00:00	CONT-1003	Grapes	Bengaluru	Delhi	2.9	91.96	0.294	2131.9	High	Reroute	Critical
2026-07-11T14:43:12.434367+00:00	CONT-1000	Banana	Bengaluru	Delhi	13.39	90.22	0.264	2140.94	Low	Continue	Normal
2026-07-11T14:43:12.436567+00:00	CONT-1002	Strawberry	Bengaluru	Delhi	33.59	92.64	0.59	2131.88	High	Reroute	Critical
2026-07-11T14:43:12.437884+00:00	CONT-1003	Grapes	Bengaluru	Delhi	2.81	91.58	0.287	2131.88	High	Reroute	Critical
2026-07-11T14:43:13.442381+00:00	CONT-1001	Avocado	Bengaluru	Delhi	6.87	89.27	0.561	2131.86	High	Reroute	Critical
2026-07-11T14:43:13.448186+00:00	CONT-1004	Mango	Bengaluru	Delhi	10.12	83.27	0.082	2140.93	Low	Continue	Normal
2026-07-11T14:43:14.449743+00:00	CONT-1000	Banana	Bengaluru	Delhi	13.41	90.09	0.256	2140.92	Low	Continue	Normal
2026-07-11T14:43:15.458723+00:00	CONT-1001	Avocado	Bengaluru	Delhi	6.68	88.67	0.548	2131.82	High	Reroute	Critical
2026-07-11T14:43:15.464370+00:00	CONT-1004	Mango	Bengaluru	Delhi	10.32	83.32	0.065	2140.91	Low	Continue	Normal
2026-07-11T14:43:16.469394+00:00	CONT-1001	Avocado	Bengaluru	Delhi	6.55	89.05	0.561	2131.8	High	Reroute	Critical
2026-07-11T14:43:16.472227+00:00	CONT-1004	Mango	Bengaluru	Delhi	10.21	83.62	0.047	2140.9	Low	Continue	Normal
2026-07-11T14:43:18.482461+00:00	CONT-1000	Banana	Bengaluru	Delhi	13.42	89.9	0.246	2140.88	Low	Continue	Normal
2026-07-11T14:43:18.487245+00:00	CONT-1004	Mango	Bengaluru	Delhi	10.26	83.42	0.02	2140.88	Low	Continue	Normal
2026-07-11T14:43:19.489304+00:00	CONT-1000	Banana	Bengaluru	Delhi	13.36	89.63	0.232	2140.87	Low	Continue	Normal
2026-07-11T14:43:19.492036+00:00	CONT-1002	Strawberry	Bengaluru	Delhi	33.83	92.58	0.6	2131.74	High	Reroute	Critical
2026-07-11T14:43:21.514566+00:00	CONT-1004	Mango	Bengaluru	Delhi	10.43	83.05	0	2140.85	Low	Continue	Normal
2026-07-11T14:43:22.518894+00:00	CONT-1000	Banana	Bengaluru	Delhi	13.25	88.81	0.269	2140.84	Low	Continue	Normal
2026-07-11T14:43:22.522130+00:00	CONT-1002	Strawberry	Bengaluru	Delhi	33.95	92.82	0.574	2131.68	High	Reroute	Critical
2026-07-11T14:43:22.524569+00:00	CONT-1004	Mango	Bengaluru	Delhi	10.52	83.25	0	2140.84	Low	Continue	Normal
2026-07-11T14:43:23.527137+00:00	CONT-1001	Avocado	Bengaluru	Delhi	6.34	89.81	0.59	2131.66	High	Reroute	Critical
2026-07-11T14:43:24.538155+00:00	CONT-1003	Grapes	Bengaluru	Delhi	2.34	92.26	0.312	2131.64	High	Reroute	Critical
2026-07-11T14:43:25.544563+00:00	CONT-1003	Grapes	Bengaluru	Delhi	2.19	92.21	0.304	2131.62	High	Reroute	Critical
2026-07-11T14:43:26.547874+00:00	CONT-1000	Banana	Bengaluru	Delhi	12.98	88.43	0.293	2140.8	Low	Continue	Normal
2026-07-11T14:43:27.555950+00:00	CONT-1000	Banana	Bengaluru	Delhi	12.99	88.2	0.289	2140.79	Low	Continue	Normal
2026-07-11T14:43:27.561204+00:00	CONT-1003	Grapes	Bengaluru	Delhi	2.02	92.35	0.315	2131.58	High	Reroute	Critical
2026-07-11T14:43:28.567538+00:00	CONT-1002	Strawberry	Bengaluru	Delhi	34.16	92.12	0.568	2131.56	High	Reroute	Critical
2026-07-11T14:43:28.569916+00:00	CONT-1003	Grapes	Bengaluru	Delhi	1.94	92.54	0.302	2131.56	High	Reroute	Critical
2026-07-11T14:43:28.571284+00:00	CONT-1004	Mango	Bengaluru	Delhi	10.51	83.8	0.051	2140.78	Low	Continue	Normal
2026-07-11T14:43:29.576099+00:00	CONT-1004	Mango	Bengaluru	Delhi	10.58	83.84	0.034	2140.77	Low	Continue	Normal
2026-07-11T14:43:31.586786+00:00	CONT-1004	Mango	Bengaluru	Delhi	10.46	84.33	0.049	2140.75	Low	Continue	Normal
2026-07-11T14:43:32.589395+00:00	CONT-1001	Avocado	Bengaluru	Delhi	5.95	90	0.571	2131.48	High	Reroute	Critical
2026-07-11T14:43:32.591029+00:00	CONT-1002	Strawberry	Bengaluru	Delhi	34.31	91.99	0.6	2131.48	High	Reroute	Critical
2026-07-11T14:43:33.604657+00:00	CONT-1003	Grapes	Bengaluru	Delhi	1.97	92.59	0.32	2131.46	High	Reroute	Critical
2026-07-11T14:43:34.611466+00:00	CONT-1002	Strawberry	Bengaluru	Delhi	34.4	92.55	1.038	2131.44	High	Reroute	Critical
2026-07-11T14:43:34.612399+00:00	CONT-1003	Grapes	Bengaluru	Delhi	2.09	92.72	0.325	2131.44	High	Reroute	Critical
2026-07-11T14:43:35.618227+00:00	CONT-1002	Strawberry	Bengaluru	Delhi	34.45	92.28	0.6	2131.42	High	Reroute	Critical
2026-07-11T14:43:35.621648+00:00	CONT-1003	Grapes	Bengaluru	Delhi	2.08	92.33	0.31	2131.42	High	Reroute	Critical
2026-07-11T14:43:35.622685+00:00	CONT-1004	Mango	Bengaluru	Delhi	10.49	83.84	0.003	2140.71	Low	Continue	Normal
2026-07-11T14:43:36.626182+00:00	CONT-1002	Strawberry	Bengaluru	Delhi	34.47	92.47	0.586	2131.4	High	Reroute	Critical
2026-07-11T14:43:36.628746+00:00	CONT-1003	Grapes	Bengaluru	Delhi	1.95	92.7	0.308	2131.4	High	Reroute	Critical
2026-07-11T14:43:36.630665+00:00	CONT-1004	Mango	Bengaluru	Delhi	10.44	84.19	0.019	2140.7	Low	Continue	Normal
2026-07-11T14:43:37.632992+00:00	CONT-1001	Avocado	Bengaluru	Delhi	5.79	90.24	0.556	2131.38	High	Reroute	Critical
2026-07-11T14:43:39.645461+00:00	CONT-1001	Avocado	Bengaluru	Delhi	5.82	90.44	0.57	2131.34	High	Reroute	Critical
2026-07-11T14:43:39.647788+00:00	CONT-1002	Strawberry	Bengaluru	Delhi	34.57	92.82	0.6	2131.34	High	Reroute	Critical
2026-07-11T14:43:39.648741+00:00	CONT-1003	Grapes	Bengaluru	Delhi	2.03	92.95	0.286	2131.34	High	Reroute	Critical
2026-07-11T14:43:39.649198+00:00	CONT-1004	Mango	Bengaluru	Delhi	10.8	84.1	0.011	2140.67	Low	Continue	Normal
2026-07-11T14:43:40.653401+00:00	CONT-1003	Grapes	Bengaluru	Delhi	1.97	92.61	0.268	2131.32	High	Reroute	Critical
2026-07-11T14:43:41.656233+00:00	CONT-1000	Banana	Bengaluru	Delhi	12.88	86.92	0.257	2140.65	Low	Continue	Normal
2026-07-11T14:43:41.656914+00:00	CONT-1001	Avocado	Bengaluru	Delhi	5.99	90.15	0.581	2131.3	High	Reroute	Critical
2026-07-11T14:43:42.670802+00:00	CONT-1003	Grapes	Bengaluru	Delhi	2.07	92.96	0.242	2131.28	High	Reroute	Critical
2026-07-11T14:43:44.680890+00:00	CONT-1000	Banana	Bengaluru	Delhi	12.99	86.98	0.252	2140.62	Low	Continue	Normal
2026-07-11T14:43:46.694137+00:00	CONT-1000	Banana	Bengaluru	Delhi	12.88	86.9	0.262	2140.6	Low	Continue	Normal
2026-07-11T14:43:46.694993+00:00	CONT-1001	Avocado	Bengaluru	Delhi	5.96	91.22	0.567	2131.2	High	Reroute	Critical
2026-07-11T14:43:46.699464+00:00	CONT-1003	Grapes	Bengaluru	Delhi	2.1	92.96	0.266	2131.2	High	Reroute	Critical
2026-07-11T14:43:46.701423+00:00	CONT-1004	Mango	Bengaluru	Delhi	10.51	84.72	0.002	2140.6	Low	Continue	Normal
2026-07-11T14:43:47.707004+00:00	CONT-1001	Avocado	Bengaluru	Delhi	6.07	91.29	0.579	2131.18	High	Reroute	Critical
2026-07-11T14:43:48.714696+00:00	CONT-1000	Banana	Bengaluru	Delhi	12.81	86.45	0.269	2140.58	Low	Continue	Normal
2026-07-11T14:43:49.721569+00:00	CONT-1001	Avocado	Bengaluru	Delhi	5.99	91.57	0.592	2131.14	High	Reroute	Critical
2026-07-11T14:43:49.723843+00:00	CONT-1002	Strawberry	Bengaluru	Delhi	34.97	93.23	0.6	2131.14	High	Reroute	Critical
2026-07-11T14:43:49.725404+00:00	CONT-1004	Mango	Bengaluru	Delhi	10.4	85.45	0.048	2140.57	Low	Continue	Normal
2026-07-11T14:43:52.740534+00:00	CONT-1002	Strawberry	Bengaluru	Delhi	35.08	92.94	0.568	2131.08	High	Reroute	Critical
2026-07-11T14:43:52.743039+00:00	CONT-1004	Mango	Bengaluru	Delhi	10.56	85.62	0.015	2140.54	Low	Continue	Normal
2026-07-11T14:43:53.746848+00:00	CONT-1001	Avocado	Bengaluru	Delhi	5.92	91.38	0.6	2131.06	High	Reroute	Critical
2026-07-11T14:43:53.749679+00:00	CONT-1002	Strawberry	Bengaluru	Delhi	35.11	92.73	0.561	2131.06	High	Reroute	Critical
2026-07-11T14:43:53.751759+00:00	CONT-1003	Grapes	Bengaluru	Delhi	2.5	93.13	0.256	2131.06	High	Reroute	Critical
2026-07-11T14:43:54.757125+00:00	CONT-1003	Grapes	Bengaluru	Delhi	2.52	93.06	0.269	2131.04	High	Reroute	Critical
2026-07-11T14:43:55.759752+00:00	CONT-1000	Banana	Bengaluru	Delhi	13.14	86.67	0.296	2140.51	Low	Continue	Normal
2026-07-11T14:43:55.761684+00:00	CONT-1001	Avocado	Bengaluru	Delhi	5.8	91.11	0.583	2131.02	High	Reroute	Critical
2026-07-11T14:43:55.763095+00:00	CONT-1003	Grapes	Bengaluru	Delhi	2.58	93.43	0.28	2131.02	High	Reroute	Critical
2026-07-11T14:43:56.768004+00:00	CONT-1000	Banana	Bengaluru	Delhi	13.28	87.07	0.301	2140.5	Low	Continue	Normal
2026-07-11T14:43:56.772187+00:00	CONT-1003	Grapes	Bengaluru	Delhi	2.63	93.72	0.3	2131	High	Reroute	Critical
2026-07-11T14:43:57.777995+00:00	CONT-1001	Avocado	Bengaluru	Delhi	5.65	90.97	0.567	2130.98	High	Reroute	Critical
2026-07-11T14:43:57.779829+00:00	CONT-1002	Strawberry	Bengaluru	Delhi	35.23	93.39	0.543	2130.98	High	Reroute	Critical
2026-07-11T14:43:57.781445+00:00	CONT-1004	Mango	Bengaluru	Delhi	10.6	85.53	0.036	2140.49	Low	Continue	Normal
2026-07-11T14:43:58.783695+00:00	CONT-1000	Banana	Bengaluru	Delhi	13.53	86.87	0.316	2140.48	Low	Continue	Normal
2026-07-11T14:43:59.789200+00:00	CONT-1000	Banana	Bengaluru	Delhi	13.49	87.01	0.329	2140.47	Low	Continue	Normal
2026-07-11T14:43:59.792974+00:00	CONT-1002	Strawberry	Bengaluru	Delhi	35.31	93.47	0.565	2130.94	High	Reroute	Critical
2026-07-11T14:44:00.799759+00:00	CONT-1000	Banana	Bengaluru	Delhi	13.38	86.82	0.343	2140.46	Low	Continue	Normal
2026-07-11T14:44:00.802941+00:00	CONT-1002	Strawberry	Bengaluru	Delhi	35.36	93.09	1.137	2130.92	High	Reroute	Critical
2026-07-11T14:44:00.803705+00:00	CONT-1003	Grapes	Bengaluru	Delhi	2.55	94.29	0.296	2130.92	High	Reroute	Critical
2026-07-11T14:44:01.808091+00:00	CONT-1001	Avocado	Bengaluru	Delhi	5.53	91.18	0.569	2130.9	High	Reroute	Critical
2026-07-11T14:44:02.817528+00:00	CONT-1002	Strawberry	Bengaluru	Delhi	35.44	93.11	0.6	2130.88	High	Reroute	Critical
2026-07-11T14:44:02.819108+00:00	CONT-1003	Grapes	Bengaluru	Delhi	2.76	94.33	0.287	2130.88	High	Reroute	Critical
2026-07-11T14:44:03.822025+00:00	CONT-1000	Banana	Bengaluru	Delhi	13.2	87.53	0.318	2140.43	Low	Continue	Normal
2026-07-11T14:44:03.822683+00:00	CONT-1001	Avocado	Bengaluru	Delhi	5.49	91.36	0.593	2130.86	High	Reroute	Critical
2026-07-11T14:44:03.826112+00:00	CONT-1003	Grapes	Bengaluru	Delhi	2.89	94.25	0.271	2130.86	High	Reroute	Critical
2026-07-11T14:44:04.829986+00:00	CONT-1001	Avocado	Bengaluru	Delhi	5.47	91.21	0.6	2130.84	High	Reroute	Critical
2026-07-11T14:44:06.852465+00:00	CONT-1001	Avocado	Bengaluru	Delhi	5.39	91.83	0.6	2130.8	High	Reroute	Critical
2026-07-11T14:44:06.853851+00:00	CONT-1002	Strawberry	Bengaluru	Delhi	35.54	92.55	0.6	2130.8	High	Reroute	Critical
2026-07-11T14:44:06.854816+00:00	CONT-1003	Grapes	Bengaluru	Delhi	2.81	94.18	0.272	2130.8	High	Reroute	Critical
2026-07-11T14:44:06.855524+00:00	CONT-1004	Mango	Bengaluru	Delhi	10.78	84.29	0.071	2140.4	Low	Continue	Normal
2026-07-11T14:44:07.859109+00:00	CONT-1001	Avocado	Bengaluru	Delhi	5.43	91.58	0.6	2130.78	High	Reroute	Critical
2026-07-11T14:44:07.860374+00:00	CONT-1002	Strawberry	Bengaluru	Delhi	35.58	92.95	0.597	2130.78	High	Reroute	Critical
2026-07-11T14:44:07.861480+00:00	CONT-1003	Grapes	Bengaluru	Delhi	2.67	94	0.267	2130.78	High	Reroute	Critical
2026-07-11T14:44:07.862043+00:00	CONT-1004	Mango	Bengaluru	Delhi	10.75	84.19	0.069	2140.39	Low	Continue	Normal
2026-07-11T14:44:09.872880+00:00	CONT-1002	Strawberry	Bengaluru	Delhi	35.64	92.73	0.594	2130.74	High	Reroute	Critical
2026-07-11T14:44:10.876216+00:00	CONT-1000	Banana	Bengaluru	Delhi	13.14	88.05	0.339	2140.36	Low	Continue	Normal
2026-07-11T14:44:11.883745+00:00	CONT-1000	Banana	Bengaluru	Delhi	13.27	88.25	0.334	2140.35	Low	Continue	Normal
2026-07-11T14:44:12.891589+00:00	CONT-1001	Avocado	Bengaluru	Delhi	5.5	92.23	0.586	2130.68	High	Reroute	Critical
2026-07-11T14:44:13.898467+00:00	CONT-1000	Banana	Bengaluru	Delhi	13.3	88.33	0.335	2140.33	Low	Continue	Normal
2026-07-11T14:44:13.899271+00:00	CONT-1001	Avocado	Bengaluru	Delhi	5.6	92.42	0.583	2130.66	High	Reroute	Critical
2026-07-11T14:44:13.900664+00:00	CONT-1002	Strawberry	Bengaluru	Delhi	35.79	92.99	0.597	2130.66	High	Reroute	Critical
2026-07-11T14:44:13.901502+00:00	CONT-1003	Grapes	Bengaluru	Delhi	2.46	94.16	0.233	2130.66	High	Reroute	Critical
2026-07-11T14:44:13.901920+00:00	CONT-1004	Mango	Bengaluru	Delhi	10.77	84.23	0.03	2140.33	Low	Continue	Normal
2026-07-11T14:44:14.903123+00:00	CONT-1000	Banana	Bengaluru	Delhi	13.16	88.36	0.315	2140.32	Low	Continue	Normal
2026-07-11T14:44:15.913399+00:00	CONT-1002	Strawberry	Bengaluru	Delhi	35.87	92.94	0.599	2130.62	High	Reroute	Critical
2026-07-11T14:44:16.922358+00:00	CONT-1002	Strawberry	Bengaluru	Delhi	35.92	92.62	0.582	2130.6	High	Reroute	Critical
2026-07-11T14:44:18.937116+00:00	CONT-1000	Banana	Bengaluru	Delhi	13.19	87.99	0.334	2140.28	Low	Continue	Normal
2026-07-11T14:44:18.938808+00:00	CONT-1001	Avocado	Bengaluru	Delhi	5.49	91.83	0.599	2130.56	High	Reroute	Critical
2026-07-11T14:44:18.939816+00:00	CONT-1002	Strawberry	Bengaluru	Delhi	36.01	92.44	0.6	2130.56	High	Reroute	Critical
2026-07-11T14:44:18.942003+00:00	CONT-1004	Mango	Bengaluru	Delhi	10.82	84.02	0.03	2140.28	Low	Continue	Normal
2026-07-11T14:44:21.962029+00:00	CONT-1000	Banana	Bengaluru	Delhi	13.24	87.87	0.31	2140.25	Low	Continue	Normal
2026-07-11T14:44:21.964154+00:00	CONT-1001	Avocado	Bengaluru	Delhi	5.56	91.56	0.6	2130.5	High	Reroute	Critical
2026-07-11T14:44:21.968103+00:00	CONT-1004	Mango	Bengaluru	Delhi	10.85	83.88	0.06	2140.25	Low	Continue	Normal
2026-07-11T14:44:22.973026+00:00	CONT-1001	Avocado	Bengaluru	Delhi	5.63	91.68	0.6	2130.48	High	Reroute	Critical
2026-07-11T14:44:22.977325+00:00	CONT-1002	Strawberry	Bengaluru	Delhi	36.17	92.68	0.593	2130.48	High	Reroute	Critical
2026-07-11T14:44:22.978579+00:00	CONT-1003	Grapes	Bengaluru	Delhi	2.36	92.81	0.23	2130.48	High	Reroute	Critical
2026-07-11T14:44:23.985202+00:00	CONT-1002	Strawberry	Bengaluru	Delhi	36.2	92.64	0.598	2130.46	High	Reroute	Critical
2026-07-11T14:44:23.985994+00:00	CONT-1003	Grapes	Bengaluru	Delhi	2.38	92.74	0.216	2130.46	High	Reroute	Critical
2026-07-11T14:44:23.988082+00:00	CONT-1004	Mango	Bengaluru	Delhi	10.71	83.68	0.069	2140.23	Low	Continue	Normal
2026-07-11T14:44:24.990803+00:00	CONT-1000	Banana	Bengaluru	Delhi	13.24	86.9	0.316	2140.22	Low	Continue	Normal
2026-07-11T14:44:26.004831+00:00	CONT-1003	Grapes	Bengaluru	Delhi	2.46	92.31	0.227	2130.42	High	Reroute	Critical
2026-07-11T14:44:27.011640+00:00	CONT-1001	Avocado	Bengaluru	Delhi	5.49	90.88	0.594	2130.4	High	Reroute	Critical
2026-07-11T14:44:27.013796+00:00	CONT-1003	Grapes	Bengaluru	Delhi	2.35	92.41	0.229	2130.4	High	Reroute	Critical
2026-07-11T14:44:27.015612+00:00	CONT-1004	Mango	Bengaluru	Delhi	10.61	83.52	0.081	2140.2	Low	Continue	Normal
2026-07-11T14:44:28.019523+00:00	CONT-1001	Avocado	Bengaluru	Delhi	5.35	90.64	0.579	2130.38	High	Reroute	Critical
2026-07-11T14:44:28.023285+00:00	CONT-1004	Mango	Bengaluru	Delhi	10.52	83.51	0.085	2140.19	Low	Continue	Normal
2026-07-11T14:44:29.024998+00:00	CONT-1000	Banana	Bengaluru	Delhi	13.31	87.22	0.303	2140.18	Low	Continue	Normal
2026-07-11T14:44:29.028733+00:00	CONT-1003	Grapes	Bengaluru	Delhi	2.21	91.83	0.214	2130.36	High	Reroute	Critical
2026-07-11T14:44:30.032392+00:00	CONT-1000	Banana	Bengaluru	Delhi	13.34	87.49	0.307	2140.17	Low	Continue	Normal
2026-07-11T14:44:30.035997+00:00	CONT-1003	Grapes	Bengaluru	Delhi	2.21	91.74	0.208	2130.34	High	Reroute	Critical
2026-07-11T14:44:30.037280+00:00	CONT-1004	Mango	Bengaluru	Delhi	10.33	83.34	0.103	2140.17	Low	Continue	Normal
2026-07-11T14:44:32.045514+00:00	CONT-1000	Banana	Bengaluru	Delhi	13.35	87.9	0.307	2140.15	Low	Continue	Normal
2026-07-11T14:44:33.055754+00:00	CONT-1000	Banana	Bengaluru	Delhi	13.43	87.61	0.326	2140.14	Low	Continue	Normal
2026-07-11T14:44:33.060674+00:00	CONT-1004	Mango	Bengaluru	Delhi	10.33	83.16	0.136	2140.14	Low	Continue	Normal
2026-07-11T14:44:34.062919+00:00	CONT-1000	Banana	Bengaluru	Delhi	13.45	87.55	0.345	2140.13	Low	Continue	Normal
2026-07-11T14:44:35.072462+00:00	CONT-1001	Avocado	Bengaluru	Delhi	5.54	89.57	0.574	2130.24	High	Reroute	Critical
2026-07-11T14:44:39.096514+00:00	CONT-1000	Banana	Bengaluru	Delhi	13.65	87.67	0.347	2140.08	Low	Continue	Normal
2026-07-11T14:44:39.098570+00:00	CONT-1001	Avocado	Bengaluru	Delhi	5.47	90.18	0.593	2130.16	High	Reroute	Critical
2026-07-11T14:44:39.099267+00:00	CONT-1002	Strawberry	Bengaluru	Delhi	36.73	93.15	0.587	2130.16	High	Reroute	Critical
2026-07-11T14:44:39.099587+00:00	CONT-1003	Grapes	Bengaluru	Delhi	1.92	92.08	0.193	2130.16	High	Reroute	Critical
2026-07-11T14:44:39.099890+00:00	CONT-1004	Mango	Bengaluru	Delhi	10.84	83.6	0.116	2140.08	Low	Continue	Normal
2026-07-11T14:44:40.104232+00:00	CONT-1003	Grapes	Bengaluru	Delhi	2	92.05	0.196	2130.14	High	Reroute	Critical
2026-07-11T14:44:41.108318+00:00	CONT-1000	Banana	Bengaluru	Delhi	13.83	87.21	0.368	2140.06	Low	Continue	Normal
2026-07-11T14:44:41.113241+00:00	CONT-1004	Mango	Bengaluru	Delhi	11.1	83.54	0.101	2140.06	Low	Continue	Normal
2026-07-11T14:44:43.123681+00:00	CONT-1002	Strawberry	Bengaluru	Delhi	36.87	92.82	0.562	2130.08	High	Reroute	Critical
2026-07-11T14:44:44.128674+00:00	CONT-1002	Strawberry	Bengaluru	Delhi	36.89	92.57	0.577	2130.06	High	Reroute	Critical
2026-07-11T14:44:44.130276+00:00	CONT-1003	Grapes	Bengaluru	Delhi	1.74	92.2	0.181	2130.06	High	Reroute	Critical
2026-07-11T14:44:44.131360+00:00	CONT-1004	Mango	Bengaluru	Delhi	11.23	83.31	0.103	2140.03	Low	Continue	Normal
2026-07-11T14:44:45.137470+00:00	CONT-1001	Avocado	Bengaluru	Delhi	5.6	90.77	0.6	2130.04	High	Reroute	Critical
2026-07-11T14:44:45.138806+00:00	CONT-1002	Strawberry	Bengaluru	Delhi	36.93	92.66	0.567	2130.04	High	Reroute	Critical
2026-07-11T14:44:46.166016+00:00	CONT-1000	Banana	Bengaluru	Delhi	13.48	87.58	0.364	2140.01	Low	Continue	Normal
2026-07-11T14:44:46.169163+00:00	CONT-1002	Strawberry	Bengaluru	Delhi	36.97	92.33	0.558	2130.02	High	Reroute	Critical
2026-07-11T14:44:47.175534+00:00	CONT-1000	Banana	Bengaluru	Delhi	13.48	87.47	0.357	2140	Low	Continue	Normal
2026-07-11T14:44:49.191326+00:00	CONT-1001	Avocado	Bengaluru	Delhi	5.72	90.11	0.586	2129.96	High	Reroute	Critical
2026-07-11T14:44:49.192758+00:00	CONT-1002	Strawberry	Bengaluru	Delhi	37.09	92.19	0.543	2129.96	High	Reroute	Critical
2026-07-11T14:44:49.193769+00:00	CONT-1003	Grapes	Bengaluru	Delhi	1.7	91.47	0.17	2129.96	High	Reroute	Critical
2026-07-11T14:44:49.194126+00:00	CONT-1004	Mango	Bengaluru	Delhi	11.31	82.9	0.081	2139.98	Low	Continue	Normal
2026-07-11T14:44:50.196890+00:00	CONT-1001	Avocado	Bengaluru	Delhi	5.64	90.08	0.589	2129.94	High	Reroute	Critical
2026-07-11T14:44:50.199801+00:00	CONT-1003	Grapes	Bengaluru	Delhi	1.61	91.78	0.17	2129.94	High	Reroute	Critical
2026-07-11T14:44:51.202967+00:00	CONT-1000	Banana	Bengaluru	Delhi	13.56	87.77	0.344	2139.96	Low	Continue	Normal
2026-07-11T14:44:51.205319+00:00	CONT-1001	Avocado	Bengaluru	Delhi	5.56	89.97	0.58	2129.92	High	Reroute	Critical
2026-07-11T14:44:53.221151+00:00	CONT-1002	Strawberry	Bengaluru	Delhi	37.23	92.02	1.065	2129.88	High	Reroute	Critical
2026-07-11T14:44:54.227929+00:00	CONT-1001	Avocado	Bengaluru	Delhi	5.69	90.77	0.576	2129.86	High	Reroute	Critical
2026-07-11T14:44:54.229590+00:00	CONT-1002	Strawberry	Bengaluru	Delhi	37.27	91.64	0.6	2129.86	High	Reroute	Critical
2026-07-11T14:44:54.230935+00:00	CONT-1003	Grapes	Bengaluru	Delhi	1.7	91.93	0.139	2129.86	High	Reroute	Critical
2026-07-11T14:44:55.235347+00:00	CONT-1000	Banana	Bengaluru	Delhi	13.35	86.9	0.315	2139.92	Low	Continue	Normal
2026-07-11T14:44:55.240226+00:00	CONT-1004	Mango	Bengaluru	Delhi	11.07	82.21	0.067	2139.92	Low	Continue	Normal
2026-07-11T14:44:56.246011+00:00	CONT-1004	Mango	Bengaluru	Delhi	10.97	82.34	0.086	2139.91	Low	Continue	Normal
2026-07-11T14:44:59.260013+00:00	CONT-1000	Banana	Bengaluru	Delhi	13.32	86.91	0.275	2139.88	Low	Continue	Normal
2026-07-11T14:44:59.262920+00:00	CONT-1003	Grapes	Bengaluru	Delhi	1.94	92.19	0.139	2129.76	High	Reroute	Critical
2026-07-11T14:44:59.263624+00:00	CONT-1004	Mango	Bengaluru	Delhi	10.92	82.17	0.055	2139.88	Low	Continue	Normal
2026-07-11T14:45:00.264486+00:00	CONT-1000	Banana	Bengaluru	Delhi	13.39	86.55	0.277	2139.87	Low	Continue	Normal
2026-07-11T14:45:01.277890+00:00	CONT-1002	Strawberry	Bengaluru	Delhi	37.49	92.11	0.586	2129.72	High	Reroute	Critical
2026-07-11T14:45:01.280367+00:00	CONT-1003	Grapes	Bengaluru	Delhi	1.96	92.35	0.138	2129.72	High	Reroute	Critical
2026-07-11T14:45:01.281105+00:00	CONT-1004	Mango	Bengaluru	Delhi	11.05	82.03	0.019	2139.86	Low	Continue	Normal
2026-07-11T14:45:02.286447+00:00	CONT-1004	Mango	Bengaluru	Delhi	11.18	82.02	0.021	2139.85	Low	Continue	Normal
2026-07-11T14:45:03.289085+00:00	CONT-1000	Banana	Bengaluru	Delhi	13.4	86.47	0.325	2139.84	Low	Continue	Normal
2026-07-11T14:45:04.298979+00:00	CONT-1001	Avocado	Bengaluru	Delhi	5.27	91.06	0.591	2129.66	High	Reroute	Critical
2026-07-11T14:45:04.300875+00:00	CONT-1002	Strawberry	Bengaluru	Delhi	37.59	91.83	0.577	2129.66	High	Reroute	Critical
2026-07-11T14:45:04.303085+00:00	CONT-1003	Grapes	Bengaluru	Delhi	1.78	92.34	0.146	2129.66	High	Reroute	Critical
2026-07-11T14:45:04.304761+00:00	CONT-1004	Mango	Bengaluru	Delhi	11.17	82.46	0.004	2139.83	Low	Continue	Normal
2026-07-11T14:45:05.306317+00:00	CONT-1000	Banana	Bengaluru	Delhi	13.49	86.79	0.303	2139.82	Low	Continue	Normal
2026-07-11T14:45:05.311555+00:00	CONT-1004	Mango	Bengaluru	Delhi	11.12	82.74	0	2139.82	Low	Continue	Normal
2026-07-11T14:45:06.312845+00:00	CONT-1000	Banana	Bengaluru	Delhi	13.47	87.14	0.317	2139.81	Low	Continue	Normal
2026-07-11T14:45:06.320724+00:00	CONT-1002	Strawberry	Bengaluru	Delhi	37.66	92.11	0.563	2129.62	High	Reroute	Critical
2026-07-11T14:45:08.335991+00:00	CONT-1003	Grapes	Bengaluru	Delhi	1.49	92.57	0.136	2129.58	Medium	Continue	Warning
2026-07-11T14:45:09.345537+00:00	CONT-1001	Avocado	Bengaluru	Delhi	5.3	90.75	0.6	2129.56	High	Reroute	Critical
2026-07-11T14:45:10.355662+00:00	CONT-1000	Banana	Bengaluru	Delhi	13.67	86.71	0.362	2139.77	Low	Continue	Normal
2026-07-11T14:45:10.358820+00:00	CONT-1002	Strawberry	Bengaluru	Delhi	37.79	91.83	0.559	2129.54	High	Reroute	Critical
2026-07-11T14:45:10.361010+00:00	CONT-1004	Mango	Bengaluru	Delhi	11.29	82.5	0.004	2139.77	Low	Continue	Normal
2026-07-11T14:45:12.370956+00:00	CONT-1001	Avocado	Bengaluru	Delhi	5.24	91.09	0.6	2129.5	High	Reroute	Critical
2026-07-11T14:45:13.378021+00:00	CONT-1001	Avocado	Bengaluru	Delhi	5.36	90.71	0.583	2129.48	High	Reroute	Critical
2026-07-11T14:45:13.381048+00:00	CONT-1003	Grapes	Bengaluru	Delhi	1.48	92.21	0.133	2129.48	Medium	Continue	Warning
2026-07-11T14:45:13.385800+00:00	CONT-1004	Mango	Bengaluru	Delhi	11.47	82.37	0.016	2139.74	Low	Continue	Normal
2026-07-11T14:45:14.389272+00:00	CONT-1001	Avocado	Bengaluru	Delhi	5.46	90.35	0.573	2129.46	High	Reroute	Critical
2026-07-11T14:45:14.391994+00:00	CONT-1003	Grapes	Bengaluru	Delhi	1.51	91.98	0.146	2129.46	Medium	Continue	Warning
2026-07-11T14:45:15.401807+00:00	CONT-1002	Strawberry	Bengaluru	Delhi	37.98	91.82	0.559	2129.44	High	Reroute	Critical
2026-07-11T14:45:15.405561+00:00	CONT-1004	Mango	Bengaluru	Delhi	11.42	82.53	0.016	2139.72	Low	Continue	Normal
2026-07-11T14:45:16.409903+00:00	CONT-1001	Avocado	Bengaluru	Delhi	5.62	90.42	0.591	2129.42	High	Reroute	Critical
2026-07-11T14:45:18.423462+00:00	CONT-1001	Avocado	Bengaluru	Delhi	5.76	90.38	0.59	2129.38	High	Reroute	Critical
2026-07-11T14:45:18.424352+00:00	CONT-1002	Strawberry	Bengaluru	Delhi	38.08	91.79	0.595	2129.38	High	Reroute	Critical
2026-07-11T14:45:19.428563+00:00	CONT-1000	Banana	Bengaluru	Delhi	13.38	86.98	0.378	2139.68	Low	Continue	Normal
2026-07-11T14:45:19.432344+00:00	CONT-1003	Grapes	Bengaluru	Delhi	1.74	91.33	0.16	2129.36	Medium	Continue	Warning
2026-07-11T14:45:19.435469+00:00	CONT-1004	Mango	Bengaluru	Delhi	11.54	82.18	0.059	2139.68	Low	Continue	Normal
2026-07-11T14:45:20.437131+00:00	CONT-1000	Banana	Bengaluru	Delhi	13.26	86.61	0.378	2139.67	Low	Continue	Normal
2026-07-11T14:45:21.447280+00:00	CONT-1004	Mango	Bengaluru	Delhi	11.55	82.07	0.066	2139.66	Low	Continue	Normal
2026-07-11T14:45:23.463637+00:00	CONT-1004	Mango	Bengaluru	Delhi	11.68	82.21	0.059	2139.64	Low	Continue	Normal
2026-07-11T14:45:24.472579+00:00	CONT-1002	Strawberry	Bengaluru	Delhi	38.28	91.51	0.58	2129.26	High	Reroute	Critical
2026-07-11T14:45:25.477002+00:00	CONT-1000	Banana	Bengaluru	Delhi	13.05	87.16	0.383	2139.62	Low	Continue	Normal
2026-07-11T14:45:25.481540+00:00	CONT-1003	Grapes	Bengaluru	Delhi	1.88	91.57	0.155	2129.24	Low	Continue	Normal
2026-07-11T14:45:26.485018+00:00	CONT-1000	Banana	Bengaluru	Delhi	13.09	86.94	0.363	2139.61	Low	Continue	Normal
2026-07-11T14:45:26.488607+00:00	CONT-1004	Mango	Bengaluru	Delhi	11.78	82.23	0.032	2139.61	Low	Continue	Normal
2026-07-11T14:45:28.502389+00:00	CONT-1000	Banana	Bengaluru	Delhi	13.12	87.23	0.392	2139.59	Low	Continue	Normal
2026-07-11T14:45:28.504046+00:00	CONT-1001	Avocado	Bengaluru	Delhi	5.96	89.45	0.543	2129.18	High	Reroute	Critical
2026-07-11T14:45:28.504660+00:00	CONT-1002	Strawberry	Bengaluru	Delhi	38.43	91.28	0.587	2129.18	High	Reroute	Critical
2026-07-11T14:45:28.505127+00:00	CONT-1003	Grapes	Bengaluru	Delhi	1.56	91.88	0.14	2129.18	Low	Continue	Normal
2026-07-11T14:45:28.505518+00:00	CONT-1004	Mango	Bengaluru	Delhi	11.74	82.22	0.06	2139.59	Low	Continue	Normal
2026-07-11T14:45:29.506591+00:00	CONT-1000	Banana	Bengaluru	Delhi	12.97	87.05	0.403	2139.58	Low	Continue	Normal
2026-07-11T14:45:29.509439+00:00	CONT-1001	Avocado	Bengaluru	Delhi	6.08	89.29	0.536	2129.16	High	Reroute	Critical
2026-07-11T14:45:29.510285+00:00	CONT-1002	Strawberry	Bengaluru	Delhi	38.46	90.97	0.585	2129.16	High	Reroute	Critical
2026-07-11T14:45:29.511106+00:00	CONT-1003	Grapes	Bengaluru	Delhi	1.47	91.65	0.132	2129.16	Low	Continue	Normal
2026-07-11T14:45:29.511452+00:00	CONT-1004	Mango	Bengaluru	Delhi	11.83	82.33	0.054	2139.58	Low	Continue	Normal
2026-07-11T14:45:30.513450+00:00	CONT-1000	Banana	Bengaluru	Delhi	12.87	87.13	0.395	2139.57	Low	Continue	Normal
2026-07-11T14:45:32.542701+00:00	CONT-1000	Banana	Bengaluru	Delhi	12.77	86.72	0.402	2139.55	Low	Continue	Normal
2026-07-11T14:45:32.547963+00:00	CONT-1004	Mango	Bengaluru	Delhi	12.14	82.35	0.019	2139.55	Low	Continue	Normal
2026-07-11T14:45:33.557596+00:00	CONT-1000	Banana	Bengaluru	Delhi	12.85	86.36	0.402	2139.54	Low	Continue	Normal
2026-07-11T14:45:33.560316+00:00	CONT-1002	Strawberry	Bengaluru	Delhi	38.6	90.76	1.1	2129.08	High	Reroute	Critical
2026-07-11T14:45:33.562237+00:00	CONT-1003	Grapes	Bengaluru	Delhi	1.31	91.58	0.159	2129.08	Low	Continue	Normal
2026-07-11T14:45:33.564233+00:00	CONT-1004	Mango	Bengaluru	Delhi	12.24	82.19	0.017	2139.54	Low	Continue	Normal
2026-07-11T14:45:34.571718+00:00	CONT-1001	Avocado	Bengaluru	Delhi	6.17	89.12	0.542	2129.06	High	Reroute	Critical
2026-07-11T14:45:34.574001+00:00	CONT-1003	Grapes	Bengaluru	Delhi	1.38	91.97	0.17	2129.06	Low	Continue	Normal
2026-07-11T14:45:35.579022+00:00	CONT-1000	Banana	Bengaluru	Delhi	12.8	86.27	0.4	2139.52	Low	Continue	Normal
2026-07-11T14:45:35.579865+00:00	CONT-1001	Avocado	Bengaluru	Delhi	6.18	89.46	0.56	2129.04	High	Reroute	Critical
2026-07-11T14:45:35.584348+00:00	CONT-1003	Grapes	Bengaluru	Delhi	1.3	91.6	0.176	2129.04	Low	Continue	Normal
2026-07-11T14:45:36.590504+00:00	CONT-1000	Banana	Bengaluru	Delhi	12.87	86.08	0.408	2139.51	Low	Continue	Normal
2026-07-11T14:45:36.592204+00:00	CONT-1001	Avocado	Bengaluru	Delhi	6.04	89.78	0.554	2129.02	High	Reroute	Critical
2026-07-11T14:45:36.593200+00:00	CONT-1002	Strawberry	Bengaluru	Delhi	38.73	91.26	0.597	2129.02	High	Reroute	Critical
2026-07-11T14:45:36.593914+00:00	CONT-1003	Grapes	Bengaluru	Delhi	1.17	91.34	0.164	2129.02	Low	Continue	Normal
2026-07-11T14:45:37.597632+00:00	CONT-1000	Banana	Bengaluru	Delhi	12.76	85.9	0.415	2139.5	Low	Continue	Normal
2026-07-11T14:45:37.599354+00:00	CONT-1001	Avocado	Bengaluru	Delhi	6.1	89.58	0.536	2129	High	Reroute	Critical
2026-07-11T14:45:37.599971+00:00	CONT-1002	Strawberry	Bengaluru	Delhi	38.76	91.27	0.6	2129	High	Reroute	Critical
2026-07-11T14:45:38.614864+00:00	CONT-1004	Mango	Bengaluru	Delhi	11.97	82.97	0.059	2139.49	Low	Continue	Normal
2026-07-11T14:45:39.620651+00:00	CONT-1004	Mango	Bengaluru	Delhi	12.09	82.89	0.063	2139.48	Low	Continue	Normal
2026-07-11T14:45:40.628996+00:00	CONT-1004	Mango	Bengaluru	Delhi	12.14	82.82	0.072	2139.47	Low	Continue	Normal
2026-07-11T14:45:41.632429+00:00	CONT-1001	Avocado	Bengaluru	Delhi	6.18	89.19	0.532	2128.92	High	Reroute	Critical
2026-07-11T14:45:41.634798+00:00	CONT-1002	Strawberry	Bengaluru	Delhi	38.9	91.34	0.567	2128.92	High	Reroute	Critical
2026-07-11T14:45:41.637424+00:00	CONT-1004	Mango	Bengaluru	Delhi	12.16	83.15	0.09	2139.46	Low	Continue	Normal
2026-07-11T14:45:42.642341+00:00	CONT-1003	Grapes	Bengaluru	Delhi	0.81	91.53	0.108	2128.9	Low	Continue	Normal
2026-07-11T14:45:43.645347+00:00	CONT-1000	Banana	Bengaluru	Delhi	12.97	85.68	0.422	2139.44	Low	Continue	Normal
2026-07-11T14:45:47.684374+00:00	CONT-1001	Avocado	Bengaluru	Delhi	6.04	89.01	0.51	2128.8	High	Reroute	Critical
2026-07-11T14:45:50.705695+00:00	CONT-1004	Mango	Bengaluru	Delhi	12.11	83.57	0.083	2139.37	Low	Continue	Normal
2026-07-11T14:45:51.708106+00:00	CONT-1000	Banana	Bengaluru	Delhi	13.11	86.55	0.423	2139.36	Low	Continue	Normal
2026-07-11T14:45:51.710767+00:00	CONT-1002	Strawberry	Bengaluru	Delhi	39.22	91.53	0.59	2128.72	High	Reroute	Critical
2026-07-11T14:45:51.712409+00:00	CONT-1003	Grapes	Bengaluru	Delhi	0.9	91.98	0.132	2128.72	Low	Continue	Normal
2026-07-11T14:45:51.713028+00:00	CONT-1004	Mango	Bengaluru	Delhi	12.04	83.18	0.069	2139.36	Low	Continue	Normal
2026-07-11T14:45:52.723851+00:00	CONT-1003	Grapes	Bengaluru	Delhi	0.9	92.26	0.125	2128.7	Low	Continue	Normal
2026-07-11T14:45:52.725097+00:00	CONT-1004	Mango	Bengaluru	Delhi	12.11	83.24	0.076	2139.35	Low	Continue	Normal
2026-07-11T14:45:53.726976+00:00	CONT-1000	Banana	Bengaluru	Delhi	13.19	86.18	0.448	2139.34	Low	Continue	Normal
2026-07-11T14:45:53.728819+00:00	CONT-1001	Avocado	Bengaluru	Delhi	6.01	88.45	0.528	2128.68	High	Reroute	Critical
2026-07-11T14:45:53.729433+00:00	CONT-1002	Strawberry	Bengaluru	Delhi	39.28	91.03	0.576	2128.68	High	Reroute	Critical
2026-07-11T14:45:54.737220+00:00	CONT-1002	Strawberry	Bengaluru	Delhi	39.33	90.67	0.579	2128.66	High	Reroute	Critical
2026-07-11T14:45:54.737870+00:00	CONT-1003	Grapes	Bengaluru	Delhi	0.89	92.69	0.088	2128.66	Low	Continue	Normal
2026-07-11T14:45:54.740187+00:00	CONT-1004	Mango	Bengaluru	Delhi	12.01	83.34	0.062	2139.33	Low	Continue	Normal
2026-07-11T14:45:55.741857+00:00	CONT-1000	Banana	Bengaluru	Delhi	13.2	85.9	0.432	2139.32	Low	Continue	Normal
2026-07-11T14:45:55.743964+00:00	CONT-1001	Avocado	Bengaluru	Delhi	5.98	89.03	0.534	2128.64	High	Reroute	Critical
2026-07-11T14:45:55.744659+00:00	CONT-1002	Strawberry	Bengaluru	Delhi	39.36	90.67	0.599	2128.64	High	Reroute	Critical
2026-07-11T14:45:55.745317+00:00	CONT-1003	Grapes	Bengaluru	Delhi	1	92.43	0.068	2128.64	Low	Continue	Normal
2026-07-11T14:45:55.745728+00:00	CONT-1004	Mango	Bengaluru	Delhi	12.16	83.59	0.063	2139.32	Low	Continue	Normal
2026-07-11T14:45:58.762369+00:00	CONT-1003	Grapes	Bengaluru	Delhi	1.17	92.45	0.051	2128.58	Low	Continue	Normal
2026-07-11T14:45:59.768039+00:00	CONT-1001	Avocado	Bengaluru	Delhi	5.88	88.59	0.539	2128.56	High	Reroute	Critical
2026-07-11T14:46:00.774271+00:00	CONT-1001	Avocado	Bengaluru	Delhi	5.97	88.51	0.521	2128.54	High	Reroute	Critical
2026-07-11T14:46:02.788735+00:00	CONT-1001	Avocado	Bengaluru	Delhi	6.03	89.16	0.543	2128.5	High	Reroute	Critical
2026-07-11T14:46:03.797128+00:00	CONT-1001	Avocado	Bengaluru	Delhi	5.89	88.9	0.546	2128.48	High	Reroute	Critical
2026-07-11T14:46:03.799854+00:00	CONT-1004	Mango	Bengaluru	Delhi	12.04	82.73	0.005	2139.24	Low	Continue	Normal
2026-07-11T14:46:04.802272+00:00	CONT-1001	Avocado	Bengaluru	Delhi	5.8	88.63	0.538	2128.46	High	Reroute	Critical
2026-07-11T14:46:04.804835+00:00	CONT-1002	Strawberry	Bengaluru	Delhi	39.67	90.43	0.586	2128.46	High	Reroute	Critical
2026-07-11T14:46:04.805432+00:00	CONT-1003	Grapes	Bengaluru	Delhi	1.16	92.45	0.08	2128.46	Low	Continue	Normal
2026-07-11T14:46:04.806121+00:00	CONT-1004	Mango	Bengaluru	Delhi	12.19	82.79	0.014	2139.23	Low	Continue	Normal
2026-07-11T14:46:05.811638+00:00	CONT-1004	Mango	Bengaluru	Delhi	12.12	82.82	0	2139.22	Low	Continue	Normal
2026-07-11T14:46:06.816503+00:00	CONT-1002	Strawberry	Bengaluru	Delhi	39.75	90.86	0.6	2128.42	High	Reroute	Critical
2026-07-11T14:46:06.820391+00:00	CONT-1003	Grapes	Bengaluru	Delhi	1.1	92.74	0.092	2128.42	Low	Continue	Normal
2026-07-11T14:46:06.822492+00:00	CONT-1004	Mango	Bengaluru	Delhi	12.12	83.05	0	2139.21	Low	Continue	Normal
2026-07-11T14:46:07.824260+00:00	CONT-1000	Banana	Bengaluru	Delhi	13.26	85.2	0.501	2139.2	Low	Continue	Warning
2026-07-11T14:46:08.836221+00:00	CONT-1003	Grapes	Bengaluru	Delhi	1.24	93.05	0.113	2128.38	Low	Continue	Normal
2026-07-11T14:46:09.847310+00:00	CONT-1001	Avocado	Bengaluru	Delhi	6.14	88.93	0.552	2128.36	High	Reroute	Critical
2026-07-11T14:46:09.848396+00:00	CONT-1002	Strawberry	Bengaluru	Delhi	39.85	90.14	0.592	2128.36	High	Reroute	Critical
2026-07-11T14:46:09.849171+00:00	CONT-1003	Grapes	Bengaluru	Delhi	1.27	92.67	0.1	2128.36	Low	Continue	Normal
2026-07-11T14:46:10.859128+00:00	CONT-1001	Avocado	Bengaluru	Delhi	6.03	88.95	0.566	2128.34	High	Reroute	Critical
2026-07-11T14:46:10.863907+00:00	CONT-1003	Grapes	Bengaluru	Delhi	1.12	92.97	0.095	2128.34	Low	Continue	Normal
2026-07-11T14:46:11.872431+00:00	CONT-1004	Mango	Bengaluru	Delhi	12.59	82.7	0.016	2139.16	Low	Continue	Normal
2026-07-11T14:46:12.883272+00:00	CONT-1004	Mango	Bengaluru	Delhi	12.72	83.03	0.033	2139.15	Low	Continue	Normal
2026-07-11T14:46:13.885464+00:00	CONT-1000	Banana	Bengaluru	Delhi	13.12	86.19	0.509	2139.14	Medium	Continue	Warning
2026-07-11T14:46:13.886357+00:00	CONT-1001	Avocado	Bengaluru	Delhi	6.01	88.82	0.544	2128.28	High	Reroute	Critical
2026-07-11T14:46:13.887792+00:00	CONT-1002	Strawberry	Bengaluru	Delhi	39.99	89.76	0.585	2128.28	High	Reroute	Critical
2026-07-11T14:46:13.888828+00:00	CONT-1004	Mango	Bengaluru	Delhi	12.72	83.13	0.047	2139.14	Low	Continue	Normal
2026-07-11T14:46:14.891410+00:00	CONT-1001	Avocado	Bengaluru	Delhi	6.01	88.78	0.536	2128.26	High	Reroute	Critical
2026-07-11T14:46:14.893462+00:00	CONT-1002	Strawberry	Bengaluru	Delhi	40.03	89.57	0.6	2128.26	High	Reroute	Critical
2026-07-11T14:46:14.894169+00:00	CONT-1003	Grapes	Bengaluru	Delhi	1.32	93.11	0.09	2128.26	Low	Continue	Normal
2026-07-11T14:46:14.894752+00:00	CONT-1004	Mango	Bengaluru	Delhi	12.65	82.89	0.027	2139.13	Low	Continue	Normal
2026-07-11T14:46:15.898793+00:00	CONT-1002	Strawberry	Bengaluru	Delhi	40.07	89.59	0.59	2128.24	High	Reroute	Critical
2026-07-11T14:46:15.903396+00:00	CONT-1003	Grapes	Bengaluru	Delhi	1.27	92.97	0.093	2128.24	Low	Continue	Normal
2026-07-11T14:46:16.914252+00:00	CONT-1000	Banana	Bengaluru	Delhi	13.11	86.56	0.474	2139.11	Medium	Continue	Warning
2026-07-11T14:46:16.922185+00:00	CONT-1003	Grapes	Bengaluru	Delhi	1.21	93.26	0.097	2128.22	Low	Continue	Normal
2026-07-11T14:46:17.932268+00:00	CONT-1002	Strawberry	Bengaluru	Delhi	40.15	89.06	0.6	2128.2	High	Reroute	Critical
2026-07-11T14:46:17.938365+00:00	CONT-1004	Mango	Bengaluru	Delhi	12.86	83.12	0.073	2139.1	Low	Continue	Normal
2026-07-11T14:46:18.941824+00:00	CONT-1000	Banana	Bengaluru	Delhi	13.31	86.84	0.462	2139.09	Medium	Continue	Warning
2026-07-11T14:46:18.944725+00:00	CONT-1002	Strawberry	Bengaluru	Delhi	40.19	88.75	0.6	2128.18	High	Reroute	Critical
2026-07-11T14:46:19.959187+00:00	CONT-1003	Grapes	Bengaluru	Delhi	1.33	93.7	0.098	2128.16	Low	Continue	Normal
2026-07-11T14:46:20.968108+00:00	CONT-1003	Grapes	Bengaluru	Delhi	1.32	93.54	0.079	2128.14	Low	Continue	Normal
2026-07-11T14:46:20.969451+00:00	CONT-1004	Mango	Bengaluru	Delhi	13.13	83.22	0.049	2139.07	Low	Continue	Normal
2026-07-11T14:46:21.971880+00:00	CONT-1001	Avocado	Bengaluru	Delhi	5.72	88.74	0.504	2128.12	High	Reroute	Critical
2026-07-11T14:46:21.973766+00:00	CONT-1002	Strawberry	Bengaluru	Delhi	40.28	88.76	0.6	2128.12	High	Reroute	Critical
2026-07-11T14:46:21.974502+00:00	CONT-1003	Grapes	Bengaluru	Delhi	1.37	93.74	0.091	2128.12	Low	Continue	Normal
2026-07-11T14:46:21.974909+00:00	CONT-1004	Mango	Bengaluru	Delhi	13.08	82.86	0.054	2139.06	Low	Continue	Normal
2026-07-11T14:46:22.979882+00:00	CONT-1002	Strawberry	Bengaluru	Delhi	40.3	88.77	0.594	2128.1	High	Reroute	Critical
2026-07-11T14:46:23.988943+00:00	CONT-1001	Avocado	Bengaluru	Delhi	5.57	88.78	0.524	2128.08	High	Reroute	Critical
2026-07-11T14:46:23.989651+00:00	CONT-1002	Strawberry	Bengaluru	Delhi	40.34	89	0.592	2128.08	High	Reroute	Critical
2026-07-11T14:46:23.991963+00:00	CONT-1003	Grapes	Bengaluru	Delhi	1.38	93.63	0.085	2128.08	Low	Continue	Normal
2026-07-11T14:46:23.992826+00:00	CONT-1004	Mango	Bengaluru	Delhi	13.22	82.99	0.077	2139.04	Low	Continue	Normal
2026-07-11T14:46:25.999106+00:00	CONT-1000	Banana	Bengaluru	Delhi	13.4	87.12	0.472	2139.02	Medium	Continue	Warning
2026-07-11T14:46:26.001553+00:00	CONT-1001	Avocado	Bengaluru	Delhi	5.48	88.3	0.497	2128.04	High	Reroute	Critical
2026-07-11T14:46:26.003758+00:00	CONT-1003	Grapes	Bengaluru	Delhi	1.29	93.46	0.09	2128.04	Low	Continue	Normal
2026-07-11T14:46:26.005714+00:00	CONT-1004	Mango	Bengaluru	Delhi	13.14	83.58	0.067	2139.02	Low	Continue	Normal
2026-07-11T14:46:27.008075+00:00	CONT-1001	Avocado	Bengaluru	Delhi	5.52	88.35	0.501	2128.02	High	Reroute	Critical
2026-07-11T14:46:27.010182+00:00	CONT-1002	Strawberry	Bengaluru	Delhi	40.45	89.24	0.582	2128.02	High	Reroute	Critical
2026-07-11T14:46:27.010813+00:00	CONT-1003	Grapes	Bengaluru	Delhi	1.38	93.32	0.077	2128.02	Low	Continue	Normal
2026-07-11T14:46:27.011727+00:00	CONT-1004	Mango	Bengaluru	Delhi	13.27	83.76	0.052	2139.01	Low	Continue	Normal
2026-07-11T14:46:28.013137+00:00	CONT-1000	Banana	Bengaluru	Delhi	13.3	86.5	0.494	2139	Low	Continue	Normal
2026-07-11T14:46:28.015656+00:00	CONT-1002	Strawberry	Bengaluru	Delhi	40.47	89.48	0.6	2128	High	Reroute	Critical
2026-07-11T14:46:28.019800+00:00	CONT-1003	Grapes	Bengaluru	Delhi	1.38	93.57	0.08	2128	Low	Continue	Normal
2026-07-11T14:46:28.020359+00:00	CONT-1004	Mango	Bengaluru	Delhi	13.21	83.65	0.041	2139	Low	Continue	Normal
2026-07-11T14:46:30.027538+00:00	CONT-1001	Avocado	Bengaluru	Delhi	5.46	88.5	0.523	2127.96	High	Reroute	Critical
2026-07-11T14:46:30.030284+00:00	CONT-1002	Strawberry	Bengaluru	Delhi	40.53	89.78	0.6	2127.96	High	Reroute	Critical
2026-07-11T14:46:31.040493+00:00	CONT-1003	Grapes	Bengaluru	Delhi	1.34	93.78	0.061	2127.94	Low	Continue	Normal
2026-07-11T14:46:31.041207+00:00	CONT-1004	Mango	Bengaluru	Delhi	13.15	83.32	0.076	2138.97	Low	Continue	Normal
2026-07-11T14:46:32.043552+00:00	CONT-1000	Banana	Bengaluru	Delhi	13.54	86.52	0.461	2138.96	Low	Continue	Normal
2026-07-11T14:46:32.045237+00:00	CONT-1001	Avocado	Bengaluru	Delhi	5.41	88.41	0.497	2127.92	High	Reroute	Critical
2026-07-11T14:46:32.045823+00:00	CONT-1002	Strawberry	Bengaluru	Delhi	40.6	89.67	0.586	2127.92	High	Reroute	Critical
2026-07-11T14:46:34.060165+00:00	CONT-1003	Grapes	Bengaluru	Delhi	1.68	94.38	0.087	2127.88	Low	Continue	Normal
2026-07-11T14:46:35.064691+00:00	CONT-1000	Banana	Bengaluru	Delhi	13.66	86.59	0.47	2138.93	Low	Continue	Normal
2026-07-11T14:46:35.066599+00:00	CONT-1001	Avocado	Bengaluru	Delhi	5.27	88.68	0.503	2127.86	High	Reroute	Critical
2026-07-11T14:46:35.072293+00:00	CONT-1003	Grapes	Bengaluru	Delhi	1.8	94.43	0.096	2127.86	Low	Continue	Normal
2026-07-11T14:46:35.076114+00:00	CONT-1004	Mango	Bengaluru	Delhi	13.14	82.87	0.134	2138.93	Low	Continue	Normal
2026-07-11T14:46:36.082005+00:00	CONT-1002	Strawberry	Bengaluru	Delhi	40.73	89.02	0.588	2127.84	High	Reroute	Critical
2026-07-11T14:46:37.090728+00:00	CONT-1000	Banana	Bengaluru	Delhi	13.78	87.06	0.493	2138.91	Low	Continue	Normal
2026-07-11T14:46:37.092967+00:00	CONT-1002	Strawberry	Bengaluru	Delhi	40.76	88.65	0.6	2127.82	High	Reroute	Critical
2026-07-11T14:46:38.103472+00:00	CONT-1000	Banana	Bengaluru	Delhi	13.86	87.42	0.507	2138.9	Low	Continue	Warning
2026-07-11T14:46:38.105134+00:00	CONT-1001	Avocado	Bengaluru	Delhi	5.33	88.36	0.477	2127.8	High	Reroute	Critical
2026-07-11T14:46:38.105969+00:00	CONT-1002	Strawberry	Bengaluru	Delhi	40.8	88.32	0.6	2127.8	High	Reroute	Critical
2026-07-11T14:46:38.106399+00:00	CONT-1003	Grapes	Bengaluru	Delhi	1.88	94.1	0.101	2127.8	Low	Continue	Normal
2026-07-11T14:46:38.106782+00:00	CONT-1004	Mango	Bengaluru	Delhi	12.98	82.91	0.154	2138.9	Low	Continue	Normal
2026-07-11T14:46:39.107733+00:00	CONT-1000	Banana	Bengaluru	Delhi	13.9	87.29	0.517	2138.89	Medium	Continue	Warning
2026-07-11T14:46:39.110988+00:00	CONT-1002	Strawberry	Bengaluru	Delhi	40.83	88.35	0.6	2127.78	High	Reroute	Critical
2026-07-11T14:46:39.112423+00:00	CONT-1004	Mango	Bengaluru	Delhi	13.06	83	0.142	2138.89	Low	Continue	Normal
2026-07-11T14:46:40.115404+00:00	CONT-1000	Banana	Bengaluru	Delhi	13.94	87.18	0.529	2138.88	Medium	Continue	Warning
2026-07-11T14:46:40.117700+00:00	CONT-1002	Strawberry	Bengaluru	Delhi	40.87	87.97	0.583	2127.76	High	Reroute	Critical
2026-07-11T14:46:40.120028+00:00	CONT-1003	Grapes	Bengaluru	Delhi	1.72	94.41	0.094	2127.76	Low	Continue	Normal
2026-07-11T14:46:40.120748+00:00	CONT-1004	Mango	Bengaluru	Delhi	13.07	83.12	0.16	2138.88	Low	Continue	Normal
2026-07-11T14:46:41.123529+00:00	CONT-1000	Banana	Bengaluru	Delhi	14.03	87.37	0.516	2138.87	Medium	Continue	Warning
2026-07-11T14:46:41.126340+00:00	CONT-1002	Strawberry	Bengaluru	Delhi	40.91	88.15	0.565	2127.74	High	Reroute	Critical
2026-07-11T14:46:43.139305+00:00	CONT-1000	Banana	Bengaluru	Delhi	13.98	87.25	0.528	2138.85	Medium	Continue	Warning
2026-07-11T14:46:44.145840+00:00	CONT-1000	Banana	Bengaluru	Delhi	13.89	87.62	0.51	2138.84	Medium	Continue	Warning
2026-07-11T14:46:45.155075+00:00	CONT-1002	Strawberry	Bengaluru	Delhi	41.05	87.32	1.195	2127.66	High	Reroute	Critical
2026-07-11T14:46:47.167373+00:00	CONT-1002	Strawberry	Bengaluru	Delhi	41.12	86.74	0.596	2127.62	High	Reroute	Critical
2026-07-11T14:46:47.170152+00:00	CONT-1004	Mango	Bengaluru	Delhi	12.73	83.19	0.158	2138.81	Low	Continue	Normal
2026-07-11T14:46:48.172689+00:00	CONT-1000	Banana	Bengaluru	Delhi	13.91	86.92	0.509	2138.8	Medium	Continue	Warning
2026-07-11T14:46:49.179909+00:00	CONT-1001	Avocado	Bengaluru	Delhi	5.41	89.81	0.499	2127.58	Medium	Continue	Warning
2026-07-11T14:46:49.181854+00:00	CONT-1002	Strawberry	Bengaluru	Delhi	41.18	86.67	0.589	2127.58	High	Reroute	Critical
2026-07-11T14:46:51.193015+00:00	CONT-1002	Strawberry	Bengaluru	Delhi	41.26	86.55	0.569	2127.54	High	Reroute	Critical
2026-07-11T14:46:51.194955+00:00	CONT-1004	Mango	Bengaluru	Delhi	12.87	82.54	0.16	2138.77	Low	Continue	Normal
2026-07-11T14:46:53.203144+00:00	CONT-1001	Avocado	Bengaluru	Delhi	5.38	90.1	0.524	2127.5	High	Reroute	Critical
2026-07-11T14:46:53.206365+00:00	CONT-1002	Strawberry	Bengaluru	Delhi	41.36	86.5	0.541	2127.5	High	Reroute	Critical
2026-07-11T14:46:53.207108+00:00	CONT-1003	Grapes	Bengaluru	Delhi	1.87	94.8	0.161	2127.5	Low	Continue	Normal
2026-07-11T14:46:53.208834+00:00	CONT-1004	Mango	Bengaluru	Delhi	13.04	82.7	0.158	2138.75	Low	Continue	Normal
2026-07-11T14:46:55.219358+00:00	CONT-1001	Avocado	Bengaluru	Delhi	5.56	90.73	0.516	2127.46	High	Reroute	Critical
2026-07-11T14:46:56.227706+00:00	CONT-1002	Strawberry	Bengaluru	Delhi	41.45	86.2	0.537	2127.44	High	Reroute	Critical
2026-07-11T14:46:57.231320+00:00	CONT-1000	Banana	Bengaluru	Delhi	13.63	87.91	0.571	2138.71	High	Reroute	Critical
2026-07-11T14:46:57.233534+00:00	CONT-1001	Avocado	Bengaluru	Delhi	5.55	91.01	0.534	2127.42	High	Reroute	Critical
2026-07-11T14:46:57.237455+00:00	CONT-1004	Mango	Bengaluru	Delhi	12.94	82.37	0.134	2138.71	Low	Continue	Normal
2026-07-11T14:46:58.239434+00:00	CONT-1001	Avocado	Bengaluru	Delhi	5.46	90.96	0.529	2127.4	High	Reroute	Critical
2026-07-11T14:46:58.241225+00:00	CONT-1002	Strawberry	Bengaluru	Delhi	41.53	86.5	0.514	2127.4	High	Reroute	Critical
2026-07-11T14:46:59.247422+00:00	CONT-1002	Strawberry	Bengaluru	Delhi	41.57	86.61	0.522	2127.38	High	Reroute	Critical
2026-07-11T14:47:01.269906+00:00	CONT-1004	Mango	Bengaluru	Delhi	13.19	82.45	0.108	2138.67	Low	Continue	Normal
2026-07-11T14:47:02.273558+00:00	CONT-1002	Strawberry	Bengaluru	Delhi	41.67	86.1	0.594	2127.32	High	Reroute	Critical
2026-07-11T14:47:03.278170+00:00	CONT-1000	Banana	Bengaluru	Delhi	13.61	86.97	0.534	2138.65	High	Reroute	Critical
2026-07-11T14:47:03.281532+00:00	CONT-1002	Strawberry	Bengaluru	Delhi	41.7	86.03	0.591	2127.3	High	Reroute	Critical
2026-07-11T14:47:05.295115+00:00	CONT-1001	Avocado	Bengaluru	Delhi	5.92	91.51	0.568	2127.26	High	Reroute	Critical
2026-07-11T14:47:06.305303+00:00	CONT-1004	Mango	Bengaluru	Delhi	13.01	82.29	0.102	2138.62	Low	Continue	Normal
2026-07-11T14:47:08.311743+00:00	CONT-1000	Banana	Bengaluru	Delhi	13.7	85.94	0.491	2138.6	High	Reroute	Critical
2026-07-11T14:47:08.315590+00:00	CONT-1003	Grapes	Bengaluru	Delhi	2.15	93.56	0.175	2127.2	Low	Continue	Normal
2026-07-11T14:47:10.325961+00:00	CONT-1000	Banana	Bengaluru	Delhi	13.79	85.99	0.47	2138.58	High	Reroute	Critical
2026-07-11T14:47:10.330492+00:00	CONT-1003	Grapes	Bengaluru	Delhi	2.19	93.68	0.187	2127.16	Low	Continue	Normal
2026-07-11T14:47:11.336836+00:00	CONT-1002	Strawberry	Bengaluru	Delhi	42	84.55	0.586	2127.14	High	Reroute	Critical
2026-07-11T14:47:11.342060+00:00	CONT-1004	Mango	Bengaluru	Delhi	12.74	82.15	0.106	2138.57	Low	Continue	Normal
2026-07-11T14:47:12.344974+00:00	CONT-1000	Banana	Bengaluru	Delhi	13.66	85.78	0.464	2138.56	High	Reroute	Critical
2026-07-11T14:47:12.348959+00:00	CONT-1003	Grapes	Bengaluru	Delhi	2.33	93.08	0.21	2127.12	Low	Continue	Normal
2026-07-11T14:47:13.351228+00:00	CONT-1000	Banana	Bengaluru	Delhi	13.81	85.94	0.478	2138.55	High	Reroute	Critical
2026-07-11T14:47:13.356460+00:00	CONT-1004	Mango	Bengaluru	Delhi	12.8	82.34	0.116	2138.55	Low	Continue	Normal
2026-07-11T14:47:15.369572+00:00	CONT-1002	Strawberry	Bengaluru	Delhi	42.13	84.97	0.6	2127.06	High	Reroute	Critical
2026-07-11T14:47:16.375344+00:00	CONT-1002	Strawberry	Bengaluru	Delhi	42.16	84.6	0.6	2127.04	High	Reroute	Critical
2026-07-11T14:47:17.383967+00:00	CONT-1000	Banana	Bengaluru	Delhi	13.72	85.53	0.442	2138.51	Medium	Continue	Warning
2026-07-11T14:47:18.394259+00:00	CONT-1003	Grapes	Bengaluru	Delhi	2.63	93.1	0.192	2127	Low	Continue	Normal
2026-07-11T14:47:18.394834+00:00	CONT-1004	Mango	Bengaluru	Delhi	12.7	82.03	0.134	2138.5	Low	Continue	Normal
2026-07-11T14:47:19.399174+00:00	CONT-1003	Grapes	Bengaluru	Delhi	2.59	93.09	0.176	2126.98	Low	Continue	Normal
2026-07-11T14:47:20.408163+00:00	CONT-1002	Strawberry	Bengaluru	Delhi	42.31	84.64	0.6	2126.96	High	Reroute	Critical
2026-07-11T14:47:23.429160+00:00	CONT-1000	Banana	Bengaluru	Delhi	13.71	85.43	0.454	2138.45	Medium	Continue	Warning
2026-07-11T14:47:23.434130+00:00	CONT-1003	Grapes	Bengaluru	Delhi	2.57	93.09	0.189	2126.9	Medium	Continue	Warning
2026-07-11T14:47:26.452133+00:00	CONT-1000	Banana	Bengaluru	Delhi	13.6	85.89	0.441	2138.42	Medium	Continue	Warning
2026-07-11T14:47:26.452995+00:00	CONT-1001	Avocado	Bengaluru	Delhi	5.79	93.39	0.588	2126.84	High	Reroute	Critical
2026-07-11T14:47:26.457487+00:00	CONT-1004	Mango	Bengaluru	Delhi	12.67	81.64	0.143	2138.42	Low	Continue	Normal
2026-07-11T14:47:28.467562+00:00	CONT-1000	Banana	Bengaluru	Delhi	13.53	85.38	0.439	2138.4	Medium	Continue	Warning
2026-07-11T14:47:28.469399+00:00	CONT-1001	Avocado	Bengaluru	Delhi	6.02	93.36	0.587	2126.8	High	Reroute	Critical
2026-07-11T14:47:28.470873+00:00	CONT-1002	Strawberry	Bengaluru	Delhi	42.59	85.05	0.596	2126.8	High	Reroute	Critical
2026-07-11T14:47:28.471323+00:00	CONT-1003	Grapes	Bengaluru	Delhi	2.23	93.07	0.178	2126.8	Medium	Continue	Warning
2026-07-11T14:47:29.473507+00:00	CONT-1001	Avocado	Bengaluru	Delhi	6.06	93.16	0.577	2126.78	High	Reroute	Critical
2026-07-11T14:47:30.480262+00:00	CONT-1001	Avocado	Bengaluru	Delhi	6.04	93.08	0.594	2126.76	High	Reroute	Critical
2026-07-11T14:47:30.482801+00:00	CONT-1002	Strawberry	Bengaluru	Delhi	42.67	84.94	0.6	2126.76	High	Reroute	Critical
2026-07-11T14:47:30.492146+00:00	CONT-1004	Mango	Bengaluru	Delhi	13.04	81.92	0.139	2138.38	Low	Continue	Normal
2026-07-11T14:47:31.495716+00:00	CONT-1002	Strawberry	Bengaluru	Delhi	42.69	84.62	0.6	2126.74	High	Reroute	Critical
2026-07-11T14:47:32.501952+00:00	CONT-1001	Avocado	Bengaluru	Delhi	6	93.19	0.6	2126.72	High	Reroute	Critical
2026-07-11T14:47:32.502623+00:00	CONT-1002	Strawberry	Bengaluru	Delhi	42.74	84.34	0.599	2126.72	High	Reroute	Critical
2026-07-11T14:47:32.506784+00:00	CONT-1003	Grapes	Bengaluru	Delhi	2.24	93.39	0.197	2126.72	Medium	Continue	Warning
2026-07-11T14:47:32.507186+00:00	CONT-1004	Mango	Bengaluru	Delhi	13	82.17	0.149	2138.36	Low	Continue	Normal
2026-07-11T14:47:33.510546+00:00	CONT-1001	Avocado	Bengaluru	Delhi	5.87	93.2	0.6	2126.7	High	Reroute	Critical
2026-07-11T14:47:34.518493+00:00	CONT-1000	Banana	Bengaluru	Delhi	13.65	85.02	0.486	2138.34	Medium	Continue	Warning
2026-07-11T14:47:35.534849+00:00	CONT-1004	Mango	Bengaluru	Delhi	12.97	82.2	0.158	2138.33	Low	Continue	Normal
2026-07-11T14:47:36.538983+00:00	CONT-1000	Banana	Bengaluru	Delhi	13.65	85.38	0.462	2138.32	Low	Continue	Normal
2026-07-11T14:47:36.545456+00:00	CONT-1003	Grapes	Bengaluru	Delhi	2.53	93.42	0.21	2126.64	Medium	Continue	Warning
2026-07-11T14:47:37.548912+00:00	CONT-1000	Banana	Bengaluru	Delhi	13.7	85.38	0.442	2138.31	Low	Continue	Normal
2026-07-11T14:47:37.550708+00:00	CONT-1001	Avocado	Bengaluru	Delhi	5.69	92.75	0.6	2126.62	High	Reroute	Critical
2026-07-11T14:47:37.553844+00:00	CONT-1003	Grapes	Bengaluru	Delhi	2.63	93.38	0.202	2126.62	Medium	Continue	Warning
2026-07-11T14:47:39.568305+00:00	CONT-1003	Grapes	Bengaluru	Delhi	2.57	93.92	0.2	2126.58	High	Reroute	Critical
2026-07-11T14:47:40.571477+00:00	CONT-1000	Banana	Bengaluru	Delhi	13.48	85.89	0.407	2138.28	Low	Continue	Normal
2026-07-11T14:47:40.573823+00:00	CONT-1002	Strawberry	Bengaluru	Delhi	42.98	83.77	0.575	2126.56	High	Reroute	Critical
2026-07-11T14:47:41.580355+00:00	CONT-1000	Banana	Bengaluru	Delhi	13.45	85.5	0.407	2138.27	Low	Continue	Normal
2026-07-11T14:47:42.589555+00:00	CONT-1001	Avocado	Bengaluru	Delhi	5.36	92.44	0.6	2126.52	High	Reroute	Critical
2026-07-11T14:47:43.597014+00:00	CONT-1001	Avocado	Bengaluru	Delhi	5.49	92.08	0.6	2126.5	High	Reroute	Critical
2026-07-11T14:47:44.602781+00:00	CONT-1000	Banana	Bengaluru	Delhi	13.4	85.66	0.428	2138.24	Low	Continue	Normal
2026-07-11T14:47:44.603827+00:00	CONT-1001	Avocado	Bengaluru	Delhi	5.56	92.11	0.591	2126.48	High	Reroute	Critical
2026-07-11T14:47:44.605890+00:00	CONT-1002	Strawberry	Bengaluru	Delhi	43.1	83.06	0.6	2126.48	High	Reroute	Critical
2026-07-11T14:47:44.606437+00:00	CONT-1003	Grapes	Bengaluru	Delhi	2.67	94.1	0.2	2126.48	High	Reroute	Critical
2026-07-11T14:47:45.609459+00:00	CONT-1000	Banana	Bengaluru	Delhi	13.25	85.46	0.443	2138.23	Low	Continue	Normal
2026-07-11T14:47:45.613166+00:00	CONT-1002	Strawberry	Bengaluru	Delhi	43.13	82.87	0.947	2126.46	High	Reroute	Critical
2026-07-11T14:47:45.614123+00:00	CONT-1003	Grapes	Bengaluru	Delhi	2.6	94.14	0.187	2126.46	High	Reroute	Critical
2026-07-11T14:47:46.618478+00:00	CONT-1001	Avocado	Bengaluru	Delhi	5.5	92.39	0.573	2126.44	High	Reroute	Critical
2026-07-11T14:47:46.619066+00:00	CONT-1002	Strawberry	Bengaluru	Delhi	43.16	83.17	0.6	2126.44	High	Reroute	Critical
2026-07-11T14:47:46.627074+00:00	CONT-1004	Mango	Bengaluru	Delhi	13.36	81.71	0.083	2138.22	Low	Continue	Normal
2026-07-11T14:47:47.631203+00:00	CONT-1002	Strawberry	Bengaluru	Delhi	43.21	83.06	0.6	2126.42	High	Reroute	Critical
2026-07-11T14:47:47.632641+00:00	CONT-1003	Grapes	Bengaluru	Delhi	2.49	94.19	0.19	2126.42	High	Reroute	Critical
2026-07-11T14:47:47.634475+00:00	CONT-1004	Mango	Bengaluru	Delhi	13.26	81.81	0.089	2138.21	Low	Continue	Normal
2026-07-11T14:47:48.637398+00:00	CONT-1000	Banana	Bengaluru	Delhi	13.12	85.46	0.466	2138.2	Low	Continue	Normal
2026-07-11T14:47:48.640925+00:00	CONT-1003	Grapes	Bengaluru	Delhi	2.39	94.55	0.198	2126.4	High	Reroute	Critical
2026-07-11T14:47:49.645996+00:00	CONT-1002	Strawberry	Bengaluru	Delhi	43.26	82.73	0.6	2126.38	High	Reroute	Critical
2026-07-11T14:47:49.649101+00:00	CONT-1004	Mango	Bengaluru	Delhi	13.26	81.71	0.078	2138.19	Low	Continue	Normal
2026-07-11T14:47:50.653346+00:00	CONT-1001	Avocado	Bengaluru	Delhi	5.52	92.4	0.592	2126.36	High	Reroute	Critical
2026-07-11T14:47:50.655964+00:00	CONT-1002	Strawberry	Bengaluru	Delhi	43.29	82.67	0.588	2126.36	High	Reroute	Critical
2026-07-11T14:47:50.656885+00:00	CONT-1003	Grapes	Bengaluru	Delhi	2.35	94.17	0.203	2126.36	High	Reroute	Critical
2026-07-11T14:47:50.657295+00:00	CONT-1004	Mango	Bengaluru	Delhi	13.23	81.78	0.087	2138.18	Low	Continue	Normal
2026-07-11T14:47:51.658628+00:00	CONT-1000	Banana	Bengaluru	Delhi	13.07	85.19	0.472	2138.17	Low	Continue	Normal
2026-07-11T14:47:52.668145+00:00	CONT-1000	Banana	Bengaluru	Delhi	13.21	85.57	0.488	2138.16	Low	Continue	Normal
2026-07-11T14:47:52.674685+00:00	CONT-1004	Mango	Bengaluru	Delhi	13.2	81.2	0.067	2138.16	Low	Continue	Normal
2026-07-11T14:47:53.683060+00:00	CONT-1001	Avocado	Bengaluru	Delhi	5.43	92.46	0.58	2126.3	High	Reroute	Critical
2026-07-11T14:47:54.692285+00:00	CONT-1000	Banana	Bengaluru	Delhi	13.28	85.07	0.497	2138.14	Low	Continue	Normal
2026-07-11T14:47:54.699661+00:00	CONT-1003	Grapes	Bengaluru	Delhi	2.3	94.11	0.239	2126.28	High	Reroute	Critical
2026-07-11T14:47:55.703785+00:00	CONT-1000	Banana	Bengaluru	Delhi	13.24	85.1	0.478	2138.13	Low	Continue	Normal
2026-07-11T14:47:55.705538+00:00	CONT-1001	Avocado	Bengaluru	Delhi	5.63	92.12	0.546	2126.26	High	Reroute	Critical
2026-07-11T14:47:55.706194+00:00	CONT-1002	Strawberry	Bengaluru	Delhi	43.5	81.59	0.588	2126.26	High	Reroute	Critical
2026-07-11T14:47:55.707585+00:00	CONT-1004	Mango	Bengaluru	Delhi	13.1	81.19	0.061	2138.13	Medium	Continue	Warning
2026-07-11T14:47:56.709545+00:00	CONT-1000	Banana	Bengaluru	Delhi	13.34	84.8	0.487	2138.12	Low	Continue	Normal
2026-07-11T14:47:56.713309+00:00	CONT-1003	Grapes	Bengaluru	Delhi	2.35	93.78	0.239	2126.24	High	Reroute	Critical
2026-07-11T14:47:58.728442+00:00	CONT-1000	Banana	Bengaluru	Delhi	13.41	84.91	0.495	2138.1	Low	Continue	Normal
2026-07-11T14:47:58.730366+00:00	CONT-1001	Avocado	Bengaluru	Delhi	5.38	92.89	0.525	2126.2	High	Reroute	Critical
2026-07-11T14:47:58.730957+00:00	CONT-1002	Strawberry	Bengaluru	Delhi	43.62	81.12	0.553	2126.2	High	Reroute	Critical
2026-07-11T14:47:58.732591+00:00	CONT-1004	Mango	Bengaluru	Delhi	13.32	80.93	0.052	2138.1	Medium	Continue	Warning
2026-07-11T14:47:59.737671+00:00	CONT-1001	Avocado	Bengaluru	Delhi	5.39	93.22	0.515	2126.18	High	Reroute	Critical
2026-07-11T14:47:59.741105+00:00	CONT-1004	Mango	Bengaluru	Delhi	13.31	81.21	0.043	2138.09	Medium	Continue	Warning
2026-07-11T14:48:02.763244+00:00	CONT-1004	Mango	Bengaluru	Delhi	13.43	80.34	0.027	2138.06	Medium	Continue	Warning
2026-07-11T14:48:03.769008+00:00	CONT-1003	Grapes	Bengaluru	Delhi	2.44	93.66	0.298	2126.1	High	Reroute	Critical
2026-07-11T14:48:04.775707+00:00	CONT-1000	Banana	Bengaluru	Delhi	13.51	85.02	0.494	2138.04	Medium	Continue	Warning
2026-07-11T14:48:04.777586+00:00	CONT-1001	Avocado	Bengaluru	Delhi	5.35	92.56	0.534	2126.08	High	Reroute	Critical
2026-07-11T14:48:04.778541+00:00	CONT-1002	Strawberry	Bengaluru	Delhi	43.85	81.44	0.533	2126.08	High	Reroute	Critical
2026-07-11T14:48:04.779705+00:00	CONT-1004	Mango	Bengaluru	Delhi	13.35	81	0.017	2138.04	Medium	Continue	Warning
2026-07-11T14:48:05.784388+00:00	CONT-1000	Banana	Bengaluru	Delhi	13.56	85.18	0.478	2138.03	Medium	Continue	Warning
2026-07-11T14:48:05.785087+00:00	CONT-1001	Avocado	Bengaluru	Delhi	5.34	92.48	0.54	2126.06	High	Reroute	Critical
2026-07-11T14:48:05.786442+00:00	CONT-1002	Strawberry	Bengaluru	Delhi	43.89	81.45	0.518	2126.06	High	Reroute	Critical
2026-07-11T14:48:05.788091+00:00	CONT-1003	Grapes	Bengaluru	Delhi	2.5	94.18	0.317	2126.06	High	Reroute	Critical
2026-07-11T14:48:07.795756+00:00	CONT-1001	Avocado	Bengaluru	Delhi	5.5	92.39	0.547	2126.02	High	Reroute	Critical
2026-07-11T14:48:07.801912+00:00	CONT-1004	Mango	Bengaluru	Delhi	13.41	80.83	0.029	2138.01	Medium	Continue	Warning
2026-07-11T14:48:08.804309+00:00	CONT-1000	Banana	Bengaluru	Delhi	13.44	85.27	0.514	2138	Medium	Continue	Warning
2026-07-11T14:48:08.807009+00:00	CONT-1002	Strawberry	Bengaluru	Delhi	44	81.26	0.473	2126	High	Reroute	Critical
2026-07-11T14:48:08.808707+00:00	CONT-1003	Grapes	Bengaluru	Delhi	2.53	94.29	0.321	2126	High	Reroute	Critical
2026-07-11T14:48:08.809719+00:00	CONT-1004	Mango	Bengaluru	Delhi	13.34	80.76	0.032	2138	Medium	Continue	Warning
2026-07-11T14:48:09.812347+00:00	CONT-1000	Banana	Bengaluru	Delhi	13.46	85.34	0.51	2137.99	Medium	Continue	Warning
2026-07-11T14:48:09.814961+00:00	CONT-1002	Strawberry	Bengaluru	Delhi	44.05	81.01	0.46	2125.98	High	Reroute	Critical
2026-07-11T14:48:09.816609+00:00	CONT-1003	Grapes	Bengaluru	Delhi	2.63	94.29	0.308	2125.98	High	Reroute	Critical
2026-07-11T14:48:09.817050+00:00	CONT-1004	Mango	Bengaluru	Delhi	13.23	81.14	0.03	2137.99	Medium	Continue	Warning
2026-07-11T14:48:13.842125+00:00	CONT-1002	Strawberry	Bengaluru	Delhi	44.17	80.67	0.476	2125.9	High	Reroute	Critical
2026-07-11T14:48:14.852302+00:00	CONT-1002	Strawberry	Bengaluru	Delhi	44.22	80.37	0.457	2125.88	High	Reroute	Critical
2026-07-11T14:48:15.867439+00:00	CONT-1003	Grapes	Bengaluru	Delhi	2.82	94.03	0.272	2125.86	High	Reroute	Critical
2026-07-11T14:48:15.869966+00:00	CONT-1004	Mango	Bengaluru	Delhi	13.4	80.94	0.011	2137.93	Medium	Continue	Warning
2026-07-11T14:48:16.881091+00:00	CONT-1003	Grapes	Bengaluru	Delhi	2.76	93.77	0.289	2125.84	High	Reroute	Critical
2026-07-11T14:48:17.887602+00:00	CONT-1000	Banana	Bengaluru	Delhi	13.63	85.07	0.469	2137.91	Medium	Continue	Warning
2026-07-11T14:48:17.892637+00:00	CONT-1003	Grapes	Bengaluru	Delhi	2.74	93.64	0.273	2125.82	High	Reroute	Critical
2026-07-11T14:48:20.916881+00:00	CONT-1000	Banana	Bengaluru	Delhi	13.35	85.29	0.484	2137.88	Medium	Continue	Warning
2026-07-11T14:48:20.920467+00:00	CONT-1002	Strawberry	Bengaluru	Delhi	44.45	80.67	0.491	2125.76	High	Reroute	Critical
2026-07-11T14:48:20.921391+00:00	CONT-1003	Grapes	Bengaluru	Delhi	2.66	93.85	0.264	2125.76	High	Reroute	Critical
2026-07-11T14:48:20.922049+00:00	CONT-1004	Mango	Bengaluru	Delhi	13.3	81.02	0.014	2137.88	High	Reroute	Critical
2026-07-11T14:48:22.929354+00:00	CONT-1000	Banana	Bengaluru	Delhi	13.26	85.4	0.462	2137.86	Medium	Continue	Warning
2026-07-11T14:48:22.931151+00:00	CONT-1001	Avocado	Bengaluru	Delhi	5.33	91.55	0.599	2125.72	High	Reroute	Critical
2026-07-11T14:48:22.933984+00:00	CONT-1004	Mango	Bengaluru	Delhi	13.4	81.14	0	2137.86	High	Reroute	Critical
2026-07-11T14:48:23.939084+00:00	CONT-1002	Strawberry	Bengaluru	Delhi	44.57	80.29	0.596	2125.7	High	Reroute	Critical
2026-07-11T14:48:23.939669+00:00	CONT-1003	Grapes	Bengaluru	Delhi	2.47	94.06	0.273	2125.7	High	Reroute	Critical
2026-07-11T14:48:24.942841+00:00	CONT-1000	Banana	Bengaluru	Delhi	13.26	85.36	0.483	2137.84	Medium	Continue	Warning
2026-07-11T14:48:24.944791+00:00	CONT-1001	Avocado	Bengaluru	Delhi	5.14	91.2	0.6	2125.68	High	Reroute	Critical
2026-07-11T14:48:24.945437+00:00	CONT-1002	Strawberry	Bengaluru	Delhi	44.6	80.17	0.592	2125.68	High	Reroute	Critical
2026-07-11T14:48:25.951182+00:00	CONT-1001	Avocado	Bengaluru	Delhi	5.07	91.48	0.587	2125.66	High	Reroute	Critical
2026-07-11T14:48:25.951786+00:00	CONT-1002	Strawberry	Bengaluru	Delhi	44.64	80.36	0.6	2125.66	High	Reroute	Critical
2026-07-11T14:48:25.955398+00:00	CONT-1003	Grapes	Bengaluru	Delhi	2.31	94.06	0.261	2125.66	High	Reroute	Critical
2026-07-11T14:48:25.956814+00:00	CONT-1004	Mango	Bengaluru	Delhi	13.57	80.67	0	2137.83	High	Reroute	Critical
2026-07-11T14:48:26.959111+00:00	CONT-1000	Banana	Bengaluru	Delhi	13.13	85.69	0.491	2137.82	Medium	Continue	Warning
2026-07-11T14:48:26.961402+00:00	CONT-1001	Avocado	Bengaluru	Delhi	5.19	91.87	0.6	2125.64	High	Reroute	Critical
2026-07-11T14:48:26.963679+00:00	CONT-1003	Grapes	Bengaluru	Delhi	2.22	94.42	0.272	2125.64	High	Reroute	Critical
2026-07-11T14:48:26.964730+00:00	CONT-1004	Mango	Bengaluru	Delhi	13.45	80.29	0	2137.82	High	Reroute	Critical
2026-07-11T14:48:27.970554+00:00	CONT-1003	Grapes	Bengaluru	Delhi	2.33	94.08	0.276	2125.62	High	Reroute	Critical
2026-07-11T14:48:27.972567+00:00	CONT-1004	Mango	Bengaluru	Delhi	13.42	80.55	0.006	2137.81	High	Reroute	Critical
2026-07-11T14:48:28.973818+00:00	CONT-1000	Banana	Bengaluru	Delhi	12.97	86.01	0.473	2137.8	Medium	Continue	Warning
2026-07-11T14:48:28.978167+00:00	CONT-1004	Mango	Bengaluru	Delhi	13.28	80.18	0	2137.8	High	Reroute	Critical
2026-07-11T14:48:30.993727+00:00	CONT-1000	Banana	Bengaluru	Delhi	13.09	86.14	0.477	2137.78	Medium	Continue	Warning
2026-07-11T14:48:32.002530+00:00	CONT-1000	Banana	Bengaluru	Delhi	13.02	85.75	0.494	2137.77	Medium	Continue	Warning
2026-07-11T14:48:32.004653+00:00	CONT-1001	Avocado	Bengaluru	Delhi	5.15	92.34	0.595	2125.54	High	Reroute	Critical
2026-07-11T14:48:32.006217+00:00	CONT-1003	Grapes	Bengaluru	Delhi	2.27	93.37	0.241	2125.54	High	Reroute	Critical
2026-07-11T14:48:32.007425+00:00	CONT-1004	Mango	Bengaluru	Delhi	13.24	80.65	0	2137.77	High	Reroute	Critical
2026-07-11T14:48:34.016003+00:00	CONT-1003	Grapes	Bengaluru	Delhi	2.4	93.36	0.25	2125.5	High	Reroute	Critical
2026-07-11T14:48:34.016910+00:00	CONT-1004	Mango	Bengaluru	Delhi	13.29	80.39	0.006	2137.75	High	Reroute	Critical
2026-07-11T14:48:36.027169+00:00	CONT-1001	Avocado	Bengaluru	Delhi	4.8	92.67	0.6	2125.46	High	Reroute	Critical
2026-07-11T14:48:36.028650+00:00	CONT-1002	Strawberry	Bengaluru	Delhi	44.99	80.31	0.6	2125.46	High	Reroute	Critical
2026-07-11T14:48:37.034609+00:00	CONT-1001	Avocado	Bengaluru	Delhi	4.7	92.33	0.594	2125.44	High	Reroute	Critical
2026-07-11T14:48:37.039376+00:00	CONT-1003	Grapes	Bengaluru	Delhi	2.35	93.52	0.259	2125.44	High	Reroute	Critical
2026-07-11T14:48:39.053275+00:00	CONT-1000	Banana	Bengaluru	Delhi	12.69	85.44	0.544	2137.7	High	Reroute	Critical
2026-07-11T14:48:39.055668+00:00	CONT-1001	Avocado	Bengaluru	Delhi	4.74	91.92	0.6	2125.4	High	Reroute	Critical
2026-07-11T14:48:39.056360+00:00	CONT-1002	Strawberry	Bengaluru	Delhi	45.1	80.07	0.6	2125.4	High	Reroute	Critical
2026-07-11T14:48:39.056879+00:00	CONT-1003	Grapes	Bengaluru	Delhi	2.25	94	0.255	2125.4	High	Reroute	Critical
2026-07-11T14:48:40.064021+00:00	CONT-1003	Grapes	Bengaluru	Delhi	2.25	93.9	0.272	2125.38	High	Reroute	Critical
2026-07-11T14:48:41.073856+00:00	CONT-1002	Strawberry	Bengaluru	Delhi	45.16	80.48	0.59	2125.36	High	Reroute	Critical
2026-07-11T14:48:41.078843+00:00	CONT-1003	Grapes	Bengaluru	Delhi	2.2	93.73	0.282	2125.36	High	Reroute	Critical
2026-07-11T14:48:41.080177+00:00	CONT-1004	Mango	Bengaluru	Delhi	13.33	80.82	0.049	2137.68	High	Reroute	Critical
2026-07-11T14:48:42.081518+00:00	CONT-1000	Banana	Bengaluru	Delhi	12.59	85.93	0.538	2137.67	High	Reroute	Critical
2026-07-11T14:48:42.082580+00:00	CONT-1001	Avocado	Bengaluru	Delhi	4.79	92.21	0.581	2125.34	High	Reroute	Critical
2026-07-11T14:48:42.084589+00:00	CONT-1002	Strawberry	Bengaluru	Delhi	45.21	80.73	0.589	2125.34	High	Reroute	Critical
2026-07-11T14:48:42.085583+00:00	CONT-1004	Mango	Bengaluru	Delhi	13.38	80.82	0.063	2137.67	High	Reroute	Critical
2026-07-11T14:48:43.088214+00:00	CONT-1001	Avocado	Bengaluru	Delhi	4.89	92.24	0.568	2125.32	High	Reroute	Critical
2026-07-11T14:48:43.098881+00:00	CONT-1004	Mango	Bengaluru	Delhi	13.34	80.62	0.07	2137.66	High	Reroute	Critical
2026-07-11T14:48:44.102384+00:00	CONT-1001	Avocado	Bengaluru	Delhi	4.98	92.18	0.55	2125.3	High	Reroute	Critical
2026-07-11T14:48:44.104345+00:00	CONT-1002	Strawberry	Bengaluru	Delhi	45.28	80.45	0.579	2125.3	High	Reroute	Critical
2026-07-11T14:48:44.114321+00:00	CONT-1004	Mango	Bengaluru	Delhi	13.31	80.88	0.073	2137.65	High	Reroute	Critical
2026-07-11T14:48:45.119898+00:00	CONT-1004	Mango	Bengaluru	Delhi	13.29	80.85	0.061	2137.64	High	Reroute	Critical
2026-07-11T14:28:00.190093+00:00	CONT-1000	Banana	Bengaluru	Delhi	13.84	88.77	0.045	2149.99	Low	Continue	Normal
2026-07-11T14:28:01.314002+00:00	CONT-1002	Strawberry	Bengaluru	Delhi	0.94	89.26	0.025	2149.96	Low	Continue	Normal
2026-07-11T14:28:01.314570+00:00	CONT-1003	Grapes	Bengaluru	Delhi	1.09	88.05	0.015	2149.96	Low	Continue	Normal
2026-07-11T14:28:02.325826+00:00	CONT-1004	Mango	Bengaluru	Delhi	10.86	86.08	0.039	2149.97	Low	Continue	Normal
2026-07-11T14:28:03.329425+00:00	CONT-1002	Strawberry	Bengaluru	Delhi	1	89.28	0.018	2149.92	Low	Continue	Normal
2026-07-11T14:28:03.332951+00:00	CONT-1004	Mango	Bengaluru	Delhi	10.98	86.46	0.049	2149.96	Low	Continue	Normal
2026-07-11T14:28:04.335911+00:00	CONT-1000	Banana	Bengaluru	Delhi	13.63	88.2	0.046	2149.95	Low	Continue	Normal
2026-07-11T14:28:04.343480+00:00	CONT-1003	Grapes	Bengaluru	Delhi	1.1	88.77	0.008	2149.9	Low	Continue	Normal
2026-07-11T14:28:05.347572+00:00	CONT-1000	Banana	Bengaluru	Delhi	13.63	88.3	0.04	2149.94	Low	Continue	Normal
2026-07-11T14:28:05.350449+00:00	CONT-1002	Strawberry	Bengaluru	Delhi	1.06	89.13	0.01	2149.88	Low	Continue	Normal
2026-07-11T14:28:05.350963+00:00	CONT-1003	Grapes	Bengaluru	Delhi	1.17	88.92	0	2149.88	Low	Continue	Normal
2026-07-11T14:28:05.351648+00:00	CONT-1004	Mango	Bengaluru	Delhi	10.93	86.01	0.046	2149.94	Low	Continue	Normal
2026-07-11T14:28:06.356972+00:00	CONT-1002	Strawberry	Bengaluru	Delhi	1.1	88.79	0.015	2149.86	Low	Continue	Normal
2026-07-11T14:28:06.359638+00:00	CONT-1003	Grapes	Bengaluru	Delhi	1.24	88.53	0	2149.86	Low	Continue	Normal
2026-07-11T14:28:07.361472+00:00	CONT-1000	Banana	Bengaluru	Delhi	13.59	88.37	0.035	2149.92	Low	Continue	Normal
2026-07-11T14:28:07.367736+00:00	CONT-1003	Grapes	Bengaluru	Delhi	1.17	88.39	0	2149.84	Low	Continue	Normal
2026-07-11T14:28:08.372587+00:00	CONT-1000	Banana	Bengaluru	Delhi	13.46	88.22	0.049	2149.91	Low	Continue	Normal
2026-07-11T14:28:09.381865+00:00	CONT-1002	Strawberry	Bengaluru	Delhi	1.21	89.32	0.049	2149.8	Low	Continue	Normal
2026-07-11T14:28:10.387880+00:00	CONT-1002	Strawberry	Bengaluru	Delhi	1.26	89.08	0.048	2149.78	Low	Continue	Normal
2026-07-11T14:28:10.391071+00:00	CONT-1004	Mango	Bengaluru	Delhi	10.75	84.97	0.066	2149.89	Low	Continue	Normal
2026-07-11T14:28:11.395739+00:00	CONT-1003	Grapes	Bengaluru	Delhi	1.29	88.43	0.035	2149.76	Low	Continue	Normal
2026-07-11T14:28:12.398219+00:00	CONT-1000	Banana	Bengaluru	Delhi	13.24	88.88	0.009	2149.87	Low	Continue	Normal
2026-07-11T14:28:12.399277+00:00	CONT-1001	Avocado	Bengaluru	Delhi	5.82	87.41	0.058	2149.74	Low	Continue	Normal
2026-07-11T14:28:12.401175+00:00	CONT-1002	Strawberry	Bengaluru	Delhi	1.32	88.66	0.557	2149.74	Low	Continue	Warning
2026-07-11T14:28:12.401594+00:00	CONT-1003	Grapes	Bengaluru	Delhi	1.24	88.64	0.042	2149.74	Low	Continue	Normal
2026-07-11T14:28:12.401951+00:00	CONT-1004	Mango	Bengaluru	Delhi	10.93	84.26	0.063	2149.87	Low	Continue	Normal
2026-07-11T14:28:13.403424+00:00	CONT-1000	Banana	Bengaluru	Delhi	13.24	89.25	0	2149.86	Low	Continue	Normal
2026-07-11T14:28:14.414863+00:00	CONT-1003	Grapes	Bengaluru	Delhi	1.24	88.47	0.054	2149.7	Low	Continue	Normal
2026-07-11T14:28:15.417632+00:00	CONT-1000	Banana	Bengaluru	Delhi	13.27	89.41	0	2149.84	Low	Continue	Normal
2026-07-11T14:28:15.422709+00:00	CONT-1004	Mango	Bengaluru	Delhi	10.91	83.92	0.069	2149.84	Low	Continue	Normal
2026-07-11T14:28:16.426721+00:00	CONT-1002	Strawberry	Bengaluru	Delhi	1.48	88.67	0.6	2149.66	Medium	Continue	Warning
2026-07-11T14:28:16.430736+00:00	CONT-1004	Mango	Bengaluru	Delhi	10.84	84.22	0.055	2149.83	Low	Continue	Normal
2026-07-11T14:28:17.439255+00:00	CONT-1003	Grapes	Bengaluru	Delhi	1.22	89.06	0.059	2149.64	Low	Continue	Normal
2026-07-11T14:28:17.442901+00:00	CONT-1004	Mango	Bengaluru	Delhi	10.95	84.17	0.041	2149.82	Low	Continue	Normal
2026-07-11T14:28:18.446451+00:00	CONT-1001	Avocado	Bengaluru	Delhi	5.85	89.19	0.067	2149.62	Low	Continue	Normal
2026-07-11T14:28:18.448697+00:00	CONT-1002	Strawberry	Bengaluru	Delhi	1.55	88.48	0.583	2149.62	Medium	Continue	Warning
2026-07-11T14:28:19.452163+00:00	CONT-1001	Avocado	Bengaluru	Delhi	5.82	89.31	0.063	2149.6	Low	Continue	Normal
2026-07-11T14:28:20.457720+00:00	CONT-1001	Avocado	Bengaluru	Delhi	5.74	89.19	0.072	2149.58	Low	Continue	Normal
2026-07-11T14:28:20.463162+00:00	CONT-1004	Mango	Bengaluru	Delhi	11.13	83.97	0.045	2149.79	Low	Continue	Normal
2026-07-11T14:28:21.470217+00:00	CONT-1002	Strawberry	Bengaluru	Delhi	1.67	88.01	0.569	2149.56	Medium	Continue	Warning
2026-07-11T14:28:22.474279+00:00	CONT-1000	Banana	Bengaluru	Delhi	12.74	89.67	0	2149.77	Low	Continue	Normal
2026-07-11T14:28:22.476232+00:00	CONT-1001	Avocado	Bengaluru	Delhi	5.76	88.63	0.055	2149.54	Low	Continue	Normal
2026-07-11T14:28:22.476895+00:00	CONT-1002	Strawberry	Bengaluru	Delhi	1.72	88.31	0.56	2149.54	Medium	Continue	Warning
2026-07-11T14:28:22.477949+00:00	CONT-1004	Mango	Bengaluru	Delhi	11.17	83.95	0.06	2149.77	Low	Continue	Normal
2026-07-11T14:28:23.484318+00:00	CONT-1003	Grapes	Bengaluru	Delhi	1.08	89.52	0.107	2149.52	Low	Continue	Normal
2026-07-11T14:28:24.485856+00:00	CONT-1000	Banana	Bengaluru	Delhi	12.75	89.78	0	2149.75	Low	Continue	Normal
2026-07-11T14:28:24.488023+00:00	CONT-1001	Avocado	Bengaluru	Delhi	5.63	88.41	0.068	2149.5	Low	Continue	Normal
2026-07-11T14:28:26.498570+00:00	CONT-1001	Avocado	Bengaluru	Delhi	5.56	88.05	0.054	2149.46	Low	Continue	Normal
2026-07-11T14:28:26.503348+00:00	CONT-1004	Mango	Bengaluru	Delhi	11.14	84.11	0.042	2149.73	Low	Continue	Normal
2026-07-11T14:28:27.511107+00:00	CONT-1003	Grapes	Bengaluru	Delhi	1.33	90.48	0.11	2149.44	Low	Continue	Normal
2026-07-11T14:28:27.511582+00:00	CONT-1004	Mango	Bengaluru	Delhi	11.02	84.08	0.04	2149.72	Low	Continue	Normal
2026-07-11T14:28:28.516165+00:00	CONT-1001	Avocado	Bengaluru	Delhi	5.39	88.06	0.084	2149.42	Low	Continue	Normal
2026-07-11T14:28:28.518311+00:00	CONT-1002	Strawberry	Bengaluru	Delhi	1.94	88.13	0.6	2149.42	High	Reroute	Critical
2026-07-11T14:28:28.518984+00:00	CONT-1003	Grapes	Bengaluru	Delhi	1.46	90.2	0.099	2149.42	Low	Continue	Normal
2026-07-11T14:28:28.519604+00:00	CONT-1004	Mango	Bengaluru	Delhi	10.9	84.27	0.021	2149.71	Low	Continue	Normal
2026-07-11T14:28:29.520664+00:00	CONT-1000	Banana	Bengaluru	Delhi	12.93	89.35	0.011	2149.7	Low	Continue	Normal
2026-07-11T14:28:33.549227+00:00	CONT-1000	Banana	Bengaluru	Delhi	13.02	88.73	0.009	2149.66	Low	Continue	Normal
2026-07-11T14:28:33.555300+00:00	CONT-1003	Grapes	Bengaluru	Delhi	1.6	90.35	0.085	2149.32	Low	Continue	Normal
2026-07-11T14:28:33.559628+00:00	CONT-1004	Mango	Bengaluru	Delhi	10.86	84.25	0	2149.66	Low	Continue	Normal
2026-07-11T14:28:34.562962+00:00	CONT-1001	Avocado	Bengaluru	Delhi	5.51	88.51	0.155	2149.3	Low	Continue	Normal
2026-07-11T14:28:34.564480+00:00	CONT-1002	Strawberry	Bengaluru	Delhi	2.14	87.9	0.597	2149.3	High	Reroute	Critical
2026-07-11T14:28:36.581580+00:00	CONT-1000	Banana	Bengaluru	Delhi	12.87	88.5	0.02	2149.63	Low	Continue	Normal
2026-07-11T14:28:36.582401+00:00	CONT-1001	Avocado	Bengaluru	Delhi	5.62	88.59	0.186	2149.26	Low	Continue	Normal
2026-07-11T14:28:36.585933+00:00	CONT-1003	Grapes	Bengaluru	Delhi	1.56	90.68	0.091	2149.26	Low	Continue	Normal
2026-07-11T14:28:36.591687+00:00	CONT-1004	Mango	Bengaluru	Delhi	10.69	83.43	0	2149.63	Low	Continue	Normal
2026-07-11T14:28:37.593328+00:00	CONT-1000	Banana	Bengaluru	Delhi	12.79	88.86	0.019	2149.62	Low	Continue	Normal
2026-07-11T14:28:38.603449+00:00	CONT-1002	Strawberry	Bengaluru	Delhi	2.29	87.66	0.6	2149.22	High	Reroute	Critical
2026-07-11T14:28:38.605762+00:00	CONT-1004	Mango	Bengaluru	Delhi	10.65	82.85	0.009	2149.61	Low	Continue	Normal
2026-07-11T14:28:39.608556+00:00	CONT-1000	Banana	Bengaluru	Delhi	12.62	89.17	0.041	2149.6	Low	Continue	Normal
2026-07-11T14:28:42.635581+00:00	CONT-1001	Avocado	Bengaluru	Delhi	5.49	89.03	0.18	2149.14	Low	Continue	Normal
2026-07-11T14:28:44.649713+00:00	CONT-1002	Strawberry	Bengaluru	Delhi	2.51	87.15	0.571	2149.1	High	Reroute	Critical
2026-07-11T14:28:44.650399+00:00	CONT-1003	Grapes	Bengaluru	Delhi	1.67	89.76	0.113	2149.1	Low	Continue	Normal
2026-07-11T14:28:44.651961+00:00	CONT-1004	Mango	Bengaluru	Delhi	10.06	83.05	0.02	2149.55	Low	Continue	Normal
2026-07-11T14:28:45.653581+00:00	CONT-1000	Banana	Bengaluru	Delhi	12.2	89.56	0.021	2149.54	Medium	Continue	Warning
2026-07-11T14:28:45.655393+00:00	CONT-1001	Avocado	Bengaluru	Delhi	5.43	89.2	0.196	2149.08	Low	Continue	Normal
2026-07-11T14:28:45.656348+00:00	CONT-1002	Strawberry	Bengaluru	Delhi	2.55	87.12	0.584	2149.08	High	Reroute	Critical
2026-07-11T14:28:45.657027+00:00	CONT-1003	Grapes	Bengaluru	Delhi	1.72	89.71	0.105	2149.08	Low	Continue	Normal
2026-07-11T14:28:45.657324+00:00	CONT-1004	Mango	Bengaluru	Delhi	10.02	83.07	0.025	2149.54	Low	Continue	Normal
2026-07-11T14:28:46.658779+00:00	CONT-1000	Banana	Bengaluru	Delhi	12.06	89.7	0.008	2149.53	Medium	Continue	Warning
2026-07-11T14:28:46.660466+00:00	CONT-1001	Avocado	Bengaluru	Delhi	5.49	89.47	0.191	2149.06	Low	Continue	Normal
2026-07-11T14:28:46.661159+00:00	CONT-1002	Strawberry	Bengaluru	Delhi	2.59	87.02	0.596	2149.06	High	Reroute	Critical
2026-07-11T14:28:46.662063+00:00	CONT-1003	Grapes	Bengaluru	Delhi	1.61	90.03	0.117	2149.06	Low	Continue	Normal
2026-07-11T14:28:46.662363+00:00	CONT-1004	Mango	Bengaluru	Delhi	10.15	82.9	0.038	2149.53	Low	Continue	Normal
2026-07-11T14:28:47.666922+00:00	CONT-1003	Grapes	Bengaluru	Delhi	1.68	89.86	0.11	2149.04	Low	Continue	Normal
2026-07-11T14:28:48.669691+00:00	CONT-1000	Banana	Bengaluru	Delhi	12.08	89.78	0.015	2149.51	Medium	Continue	Warning
2026-07-11T14:28:48.672554+00:00	CONT-1002	Strawberry	Bengaluru	Delhi	2.68	86.5	0.591	2149.02	High	Reroute	Critical
2026-07-11T14:28:49.678882+00:00	CONT-1002	Strawberry	Bengaluru	Delhi	2.72	86.88	0.582	2149	High	Reroute	Critical
2026-07-11T14:28:49.682443+00:00	CONT-1004	Mango	Bengaluru	Delhi	10.19	82.78	0.023	2149.5	Low	Continue	Normal
2026-07-11T14:28:50.684896+00:00	CONT-1000	Banana	Bengaluru	Delhi	12	89.78	0.018	2149.49	Medium	Continue	Warning
2026-07-11T14:28:50.685894+00:00	CONT-1001	Avocado	Bengaluru	Delhi	5.6	89.97	0.215	2148.98	Low	Continue	Normal
2026-07-11T14:28:50.687822+00:00	CONT-1002	Strawberry	Bengaluru	Delhi	2.75	86.66	0.587	2148.98	High	Reroute	Critical
2026-07-11T14:28:50.688399+00:00	CONT-1003	Grapes	Bengaluru	Delhi	1.93	89.59	0.093	2148.98	Low	Continue	Normal
2026-07-11T14:28:50.688767+00:00	CONT-1004	Mango	Bengaluru	Delhi	10.21	82.44	0.013	2149.49	Low	Continue	Normal
2026-07-11T14:28:52.700809+00:00	CONT-1002	Strawberry	Bengaluru	Delhi	2.8	86.73	0.582	2148.94	High	Reroute	Critical
2026-07-11T14:28:52.703187+00:00	CONT-1004	Mango	Bengaluru	Delhi	9.98	82.47	0.01	2149.47	Low	Continue	Normal
2026-07-11T14:28:54.716005+00:00	CONT-1003	Grapes	Bengaluru	Delhi	1.92	90.49	0.077	2148.9	Low	Continue	Normal
2026-07-11T14:28:55.721204+00:00	CONT-1002	Strawberry	Bengaluru	Delhi	2.92	87.35	0.565	2148.88	High	Reroute	Critical
2026-07-11T14:28:56.731722+00:00	CONT-1002	Strawberry	Bengaluru	Delhi	2.94	87.38	0.552	2148.86	High	Reroute	Critical
2026-07-11T14:28:57.736128+00:00	CONT-1001	Avocado	Bengaluru	Delhi	5.77	90.1	0.251	2148.84	Low	Continue	Normal
2026-07-11T14:28:57.739104+00:00	CONT-1003	Grapes	Bengaluru	Delhi	1.96	90.03	0.097	2148.84	Low	Continue	Normal
2026-07-11T14:28:58.744587+00:00	CONT-1000	Banana	Bengaluru	Delhi	12.25	89.32	0.019	2149.41	High	Reroute	Critical
2026-07-11T14:28:59.760140+00:00	CONT-1002	Strawberry	Bengaluru	Delhi	3.04	87.32	0.55	2148.8	High	Reroute	Critical
2026-07-11T14:29:00.764239+00:00	CONT-1001	Avocado	Bengaluru	Delhi	5.86	89.75	0.268	2148.78	Low	Continue	Normal
2026-07-11T14:29:00.766556+00:00	CONT-1002	Strawberry	Bengaluru	Delhi	3.07	87.66	0.56	2148.78	High	Reroute	Critical
2026-07-11T14:29:02.779460+00:00	CONT-1003	Grapes	Bengaluru	Delhi	2.05	89.98	0.097	2148.74	Low	Continue	Normal
2026-07-11T14:29:03.782766+00:00	CONT-1000	Banana	Bengaluru	Delhi	12	88.85	0.007	2149.36	High	Reroute	Critical
2026-07-11T14:29:03.785006+00:00	CONT-1001	Avocado	Bengaluru	Delhi	5.94	89.93	0.288	2148.72	Low	Continue	Normal
2026-07-11T14:29:03.791773+00:00	CONT-1004	Mango	Bengaluru	Delhi	10.16	81.66	0.021	2149.36	Low	Continue	Normal
2026-07-11T14:29:04.795448+00:00	CONT-1001	Avocado	Bengaluru	Delhi	5.91	90.08	0.29	2148.7	Low	Continue	Normal
2026-07-11T14:29:04.798582+00:00	CONT-1004	Mango	Bengaluru	Delhi	10.16	81.34	0.038	2149.35	Low	Continue	Normal
2026-07-11T14:29:06.806551+00:00	CONT-1000	Banana	Bengaluru	Delhi	12	89.38	0.018	2149.33	High	Reroute	Critical
2026-07-11T14:29:07.824031+00:00	CONT-1000	Banana	Bengaluru	Delhi	12	89.77	0.008	2149.32	High	Reroute	Critical
2026-07-11T14:29:07.830259+00:00	CONT-1004	Mango	Bengaluru	Delhi	10.12	81.91	0.044	2149.32	Low	Continue	Normal
2026-07-11T14:29:09.842361+00:00	CONT-1002	Strawberry	Bengaluru	Delhi	3.42	87.84	0.509	2148.6	High	Reroute	Critical
2026-07-11T14:29:09.844237+00:00	CONT-1003	Grapes	Bengaluru	Delhi	2.08	90.19	0.068	2148.6	Low	Continue	Normal
2026-07-11T14:29:09.845251+00:00	CONT-1004	Mango	Bengaluru	Delhi	10.1	81.98	0.044	2149.3	Low	Continue	Normal
2026-07-11T14:29:10.850450+00:00	CONT-1000	Banana	Bengaluru	Delhi	12.19	89.72	0.005	2149.29	High	Reroute	Critical
2026-07-11T14:29:10.853830+00:00	CONT-1001	Avocado	Bengaluru	Delhi	5.98	90.36	0.321	2148.58	Low	Continue	Normal
2026-07-11T14:29:10.887835+00:00	CONT-1003	Grapes	Bengaluru	Delhi	2	89.93	0.083	2148.58	Low	Continue	Normal
2026-07-11T14:29:12.906411+00:00	CONT-1003	Grapes	Bengaluru	Delhi	2.04	89.98	0.075	2148.54	Low	Continue	Normal
2026-07-11T14:29:13.913663+00:00	CONT-1003	Grapes	Bengaluru	Delhi	2.13	90.28	0.072	2148.52	Low	Continue	Normal
2026-07-11T14:29:13.914971+00:00	CONT-1004	Mango	Bengaluru	Delhi	10.1	81.73	0.015	2149.26	Low	Continue	Normal
2026-07-11T14:29:14.917989+00:00	CONT-1001	Avocado	Bengaluru	Delhi	6.08	90.02	0.348	2148.5	Low	Continue	Normal
2026-07-11T14:29:16.931492+00:00	CONT-1000	Banana	Bengaluru	Delhi	12.4	89.18	0.084	2149.23	High	Reroute	Critical
2026-07-11T14:29:16.932275+00:00	CONT-1001	Avocado	Bengaluru	Delhi	5.99	90.03	0.335	2148.46	Low	Continue	Normal
2026-07-11T14:29:16.935791+00:00	CONT-1003	Grapes	Bengaluru	Delhi	2.05	90.82	0.056	2148.46	Low	Continue	Normal
2026-07-11T14:29:16.936600+00:00	CONT-1004	Mango	Bengaluru	Delhi	10.19	82.35	0.015	2149.23	Low	Continue	Normal
2026-07-11T14:29:17.938487+00:00	CONT-1000	Banana	Bengaluru	Delhi	12.53	89.26	0.067	2149.22	High	Reroute	Critical
2026-07-11T14:29:17.941637+00:00	CONT-1001	Avocado	Bengaluru	Delhi	6.09	89.71	0.318	2148.44	Low	Continue	Normal
2026-07-11T14:29:18.951169+00:00	CONT-1000	Banana	Bengaluru	Delhi	12.42	89.2	0.068	2149.21	High	Reroute	Critical
2026-07-11T14:29:18.954033+00:00	CONT-1002	Strawberry	Bengaluru	Delhi	3.77	87.04	0.483	2148.42	High	Reroute	Critical
2026-07-11T14:29:18.955003+00:00	CONT-1003	Grapes	Bengaluru	Delhi	2.25	91.13	0.037	2148.42	Low	Continue	Normal
2026-07-11T14:29:18.955437+00:00	CONT-1004	Mango	Bengaluru	Delhi	10.09	82.06	0.013	2149.21	Low	Continue	Normal
2026-07-11T14:29:19.957222+00:00	CONT-1000	Banana	Bengaluru	Delhi	12.53	89.48	0.066	2149.2	High	Reroute	Critical
2026-07-11T14:29:19.961766+00:00	CONT-1004	Mango	Bengaluru	Delhi	10.13	82.19	0.015	2149.2	Low	Continue	Normal
2026-07-11T14:29:20.963258+00:00	CONT-1000	Banana	Bengaluru	Delhi	12.53	89.84	0.074	2149.19	High	Reroute	Critical
2026-07-11T14:29:20.967271+00:00	CONT-1003	Grapes	Bengaluru	Delhi	2.11	91.36	0.001	2148.38	Low	Continue	Normal
2026-07-11T14:29:20.968587+00:00	CONT-1004	Mango	Bengaluru	Delhi	10.11	82.44	0.015	2149.19	Low	Continue	Normal
2026-07-11T14:29:21.970097+00:00	CONT-1000	Banana	Bengaluru	Delhi	12.57	89.63	0.074	2149.18	High	Reroute	Critical
2026-07-11T14:29:21.971005+00:00	CONT-1001	Avocado	Bengaluru	Delhi	5.78	90.25	0.364	2148.36	Low	Continue	Normal
2026-07-11T14:29:21.975583+00:00	CONT-1003	Grapes	Bengaluru	Delhi	2.16	91.53	0	2148.36	Low	Continue	Normal
2026-07-11T14:29:21.976563+00:00	CONT-1004	Mango	Bengaluru	Delhi	10.06	82.69	0.023	2149.18	Low	Continue	Normal
2026-07-11T14:29:22.980561+00:00	CONT-1002	Strawberry	Bengaluru	Delhi	3.92	87.03	0.45	2148.34	High	Reroute	Critical
2026-07-11T14:29:22.983907+00:00	CONT-1003	Grapes	Bengaluru	Delhi	2.14	91.92	0	2148.34	Low	Continue	Normal
2026-07-11T14:29:23.990798+00:00	CONT-1003	Grapes	Bengaluru	Delhi	2.18	91.58	0	2148.32	Low	Continue	Normal
2026-07-11T14:29:26.000559+00:00	CONT-1000	Banana	Bengaluru	Delhi	12.63	89.77	0.066	2149.14	High	Reroute	Critical
2026-07-11T14:29:26.001384+00:00	CONT-1001	Avocado	Bengaluru	Delhi	5.79	90.44	0.375	2148.28	Low	Continue	Normal
2026-07-11T14:29:26.002889+00:00	CONT-1002	Strawberry	Bengaluru	Delhi	4.04	86.85	0.6	2148.28	High	Reroute	Critical
2026-07-11T14:29:27.006499+00:00	CONT-1000	Banana	Bengaluru	Delhi	12.63	89.49	0.052	2149.13	High	Reroute	Critical
2026-07-11T14:29:27.007628+00:00	CONT-1001	Avocado	Bengaluru	Delhi	5.71	90.77	0.377	2148.26	Low	Continue	Normal
2026-07-11T14:29:29.046709+00:00	CONT-1001	Avocado	Bengaluru	Delhi	5.63	90.89	0.394	2148.22	Low	Continue	Normal
2026-07-11T14:29:29.051537+00:00	CONT-1004	Mango	Bengaluru	Delhi	9.81	81.7	0.063	2149.11	Low	Continue	Normal
2026-07-11T14:29:30.053970+00:00	CONT-1000	Banana	Bengaluru	Delhi	12.26	89.06	0.008	2149.1	High	Reroute	Critical
2026-07-11T14:29:30.055994+00:00	CONT-1001	Avocado	Bengaluru	Delhi	5.7	91.24	0.412	2148.2	Low	Continue	Normal
2026-07-11T14:29:30.062829+00:00	CONT-1004	Mango	Bengaluru	Delhi	9.96	82.02	0.064	2149.1	Low	Continue	Normal
2026-07-11T14:29:31.069611+00:00	CONT-1003	Grapes	Bengaluru	Delhi	2.12	91.41	0.037	2148.18	Low	Continue	Normal
2026-07-11T14:29:32.072226+00:00	CONT-1000	Banana	Bengaluru	Delhi	12.06	89.46	0.026	2149.08	High	Reroute	Critical
2026-07-11T14:29:32.073256+00:00	CONT-1001	Avocado	Bengaluru	Delhi	5.93	91.25	0.415	2148.16	Low	Continue	Normal
2026-07-11T14:29:32.076420+00:00	CONT-1003	Grapes	Bengaluru	Delhi	2.17	91.33	0.028	2148.16	Low	Continue	Normal
2026-07-11T14:29:33.084193+00:00	CONT-1001	Avocado	Bengaluru	Delhi	5.84	90.88	0.412	2148.14	Low	Continue	Normal
2026-07-11T14:29:33.085564+00:00	CONT-1002	Strawberry	Bengaluru	Delhi	4.27	85.62	0.6	2148.14	High	Reroute	Critical
2026-07-11T14:29:33.086390+00:00	CONT-1003	Grapes	Bengaluru	Delhi	2.19	91.11	0.03	2148.14	Low	Continue	Normal
2026-07-11T14:29:34.088620+00:00	CONT-1000	Banana	Bengaluru	Delhi	12.17	89.83	0.037	2149.06	High	Reroute	Critical
2026-07-11T14:29:35.097522+00:00	CONT-1000	Banana	Bengaluru	Delhi	12.2	89.51	0.045	2149.05	High	Reroute	Critical
2026-07-11T14:29:35.098315+00:00	CONT-1001	Avocado	Bengaluru	Delhi	5.98	91.15	0.425	2148.1	Low	Continue	Normal
2026-07-11T14:29:35.101636+00:00	CONT-1003	Grapes	Bengaluru	Delhi	2.45	91.03	0.051	2148.1	Low	Continue	Normal
2026-07-11T14:29:36.108009+00:00	CONT-1003	Grapes	Bengaluru	Delhi	2.53	90.74	0.046	2148.08	Low	Continue	Normal
2026-07-11T14:29:36.109778+00:00	CONT-1004	Mango	Bengaluru	Delhi	9.79	82.21	0.07	2149.04	Low	Continue	Normal
2026-07-11T14:29:38.120338+00:00	CONT-1000	Banana	Bengaluru	Delhi	12.26	90.06	0.059	2149.02	High	Reroute	Critical
2026-07-11T14:29:38.126312+00:00	CONT-1003	Grapes	Bengaluru	Delhi	2.4	90.6	0.034	2148.04	Medium	Continue	Warning
2026-07-11T14:29:38.126957+00:00	CONT-1004	Mango	Bengaluru	Delhi	9.85	82.68	0.07	2149.02	Low	Continue	Normal
2026-07-11T14:29:39.132203+00:00	CONT-1002	Strawberry	Bengaluru	Delhi	4.47	85.55	0.6	2148.02	High	Reroute	Critical
2026-07-11T14:29:40.140314+00:00	CONT-1001	Avocado	Bengaluru	Delhi	6.11	90.46	0.448	2148	Low	Continue	Normal
2026-07-11T14:29:41.145565+00:00	CONT-1001	Avocado	Bengaluru	Delhi	6	90.3	0.456	2147.98	Low	Continue	Normal
2026-07-11T14:29:41.148807+00:00	CONT-1003	Grapes	Bengaluru	Delhi	2.4	90.72	0.031	2147.98	Medium	Continue	Warning
2026-07-11T14:29:41.149595+00:00	CONT-1004	Mango	Bengaluru	Delhi	9.57	82.87	0.059	2148.99	Low	Continue	Normal
2026-07-11T14:29:42.150659+00:00	CONT-1000	Banana	Bengaluru	Delhi	12.17	89.7	0.045	2148.98	High	Reroute	Critical
2026-07-11T14:29:42.154711+00:00	CONT-1004	Mango	Bengaluru	Delhi	9.47	83.27	0.073	2148.98	Low	Continue	Normal
2026-07-11T14:29:43.157113+00:00	CONT-1000	Banana	Bengaluru	Delhi	12.03	89.42	0.06	2148.97	High	Reroute	Critical
2026-07-11T14:29:43.166881+00:00	CONT-1004	Mango	Bengaluru	Delhi	9.39	83.32	0.07	2148.97	Low	Continue	Normal
2026-07-11T14:29:44.171690+00:00	CONT-1002	Strawberry	Bengaluru	Delhi	4.65	85.89	0.6	2147.92	High	Reroute	Critical
2026-07-11T14:29:44.173420+00:00	CONT-1003	Grapes	Bengaluru	Delhi	2.22	90.77	0.035	2147.92	Medium	Continue	Warning
2026-07-11T14:29:44.175010+00:00	CONT-1004	Mango	Bengaluru	Delhi	9.25	83.4	0.082	2148.96	Low	Continue	Normal
2026-07-11T14:29:45.177060+00:00	CONT-1000	Banana	Bengaluru	Delhi	12.07	89.89	0.046	2148.95	High	Reroute	Critical
2026-07-11T14:29:45.180334+00:00	CONT-1002	Strawberry	Bengaluru	Delhi	4.69	86.04	0.6	2147.9	High	Reroute	Critical
2026-07-11T14:29:46.184186+00:00	CONT-1000	Banana	Bengaluru	Delhi	12.05	89.83	0.051	2148.94	High	Reroute	Critical
2026-07-11T14:29:47.196538+00:00	CONT-1001	Avocado	Bengaluru	Delhi	5.77	90	0.445	2147.86	Low	Continue	Normal
2026-07-11T14:29:47.198188+00:00	CONT-1002	Strawberry	Bengaluru	Delhi	4.78	85.81	0.6	2147.86	High	Reroute	Critical
2026-07-11T14:29:47.199521+00:00	CONT-1004	Mango	Bengaluru	Delhi	9.2	82.49	0.057	2148.93	Medium	Continue	Warning
2026-07-11T14:29:48.200879+00:00	CONT-1000	Banana	Bengaluru	Delhi	12.17	89.71	0.077	2148.92	High	Reroute	Critical
2026-07-11T14:29:48.206228+00:00	CONT-1004	Mango	Bengaluru	Delhi	9.13	82.77	0.052	2148.92	Medium	Continue	Warning
2026-07-11T14:29:49.211798+00:00	CONT-1002	Strawberry	Bengaluru	Delhi	4.84	85.66	0.6	2147.82	High	Reroute	Critical
2026-07-11T14:29:49.212422+00:00	CONT-1003	Grapes	Bengaluru	Delhi	2.01	90.9	0.055	2147.82	Medium	Continue	Warning
2026-07-11T14:29:50.215283+00:00	CONT-1000	Banana	Bengaluru	Delhi	12.16	90.12	0.06	2148.9	High	Reroute	Critical
2026-07-11T14:29:50.219532+00:00	CONT-1004	Mango	Bengaluru	Delhi	9	82.48	0.033	2148.9	Medium	Continue	Warning
2026-07-11T14:29:51.221472+00:00	CONT-1001	Avocado	Bengaluru	Delhi	5.84	89.61	0.417	2147.78	Low	Continue	Normal
2026-07-11T14:29:51.224932+00:00	CONT-1004	Mango	Bengaluru	Delhi	9.11	82.26	0.016	2148.89	Medium	Continue	Warning
2026-07-11T14:29:52.228115+00:00	CONT-1001	Avocado	Bengaluru	Delhi	5.91	89.53	0.414	2147.76	Low	Continue	Normal
2026-07-11T14:29:52.230322+00:00	CONT-1003	Grapes	Bengaluru	Delhi	1.88	91.23	0.084	2147.76	Medium	Continue	Warning
2026-07-11T14:29:53.232628+00:00	CONT-1000	Banana	Bengaluru	Delhi	12.03	90.12	0.041	2148.87	High	Reroute	Critical
2026-07-11T14:29:53.234574+00:00	CONT-1001	Avocado	Bengaluru	Delhi	5.88	89.88	0.396	2147.74	Low	Continue	Normal
2026-07-11T14:29:53.235196+00:00	CONT-1002	Strawberry	Bengaluru	Delhi	4.97	85.45	0.6	2147.74	High	Reroute	Critical
2026-07-11T14:29:53.235811+00:00	CONT-1003	Grapes	Bengaluru	Delhi	1.84	91.44	0.077	2147.74	Medium	Continue	Warning
2026-07-11T14:29:53.236078+00:00	CONT-1004	Mango	Bengaluru	Delhi	9.26	82.46	0	2148.87	Medium	Continue	Warning
2026-07-11T14:29:55.246239+00:00	CONT-1000	Banana	Bengaluru	Delhi	12	90.11	0.043	2148.85	High	Reroute	Critical
2026-07-11T14:29:55.249030+00:00	CONT-1002	Strawberry	Bengaluru	Delhi	5.04	85.53	0.572	2147.7	High	Reroute	Critical
2026-07-11T14:29:55.249705+00:00	CONT-1003	Grapes	Bengaluru	Delhi	1.66	91.48	0.072	2147.7	Low	Continue	Normal
2026-07-11T14:29:56.255984+00:00	CONT-1003	Grapes	Bengaluru	Delhi	1.72	91.13	0.081	2147.68	Low	Continue	Normal
2026-07-11T14:29:56.256366+00:00	CONT-1004	Mango	Bengaluru	Delhi	9.24	82.61	0.013	2148.84	High	Reroute	Critical
2026-07-11T14:29:58.267657+00:00	CONT-1001	Avocado	Bengaluru	Delhi	5.42	89.63	0.392	2147.64	Low	Continue	Normal
2026-07-11T14:29:58.279553+00:00	CONT-1004	Mango	Bengaluru	Delhi	9.39	82.67	0.019	2148.82	High	Reroute	Critical
2026-07-11T14:29:59.287573+00:00	CONT-1001	Avocado	Bengaluru	Delhi	5.41	89.96	0.393	2147.62	Low	Continue	Normal
2026-07-11T14:29:59.292001+00:00	CONT-1003	Grapes	Bengaluru	Delhi	1.86	90.88	0.105	2147.62	Low	Continue	Normal
2026-07-11T14:30:00.299795+00:00	CONT-1002	Strawberry	Bengaluru	Delhi	5.21	85.42	0.576	2147.6	High	Reroute	Critical
2026-07-11T14:30:01.309536+00:00	CONT-1003	Grapes	Bengaluru	Delhi	1.61	90.39	0.111	2147.58	Low	Continue	Normal
2026-07-11T14:30:02.315919+00:00	CONT-1002	Strawberry	Bengaluru	Delhi	5.28	85.69	0.562	2147.56	High	Reroute	Critical
2026-07-11T14:30:02.316702+00:00	CONT-1003	Grapes	Bengaluru	Delhi	1.66	90.65	0.104	2147.56	Low	Continue	Normal
2026-07-11T14:30:02.317142+00:00	CONT-1004	Mango	Bengaluru	Delhi	9.29	82.92	0.006	2148.78	High	Reroute	Critical
2026-07-11T14:30:04.327948+00:00	CONT-1000	Banana	Bengaluru	Delhi	12.15	90.79	0.054	2148.76	High	Reroute	Critical
2026-07-11T14:30:04.330500+00:00	CONT-1002	Strawberry	Bengaluru	Delhi	5.36	85.87	0.57	2147.52	High	Reroute	Critical
2026-07-11T14:30:04.331115+00:00	CONT-1003	Grapes	Bengaluru	Delhi	1.63	90.72	0.096	2147.52	Low	Continue	Normal
2026-07-11T14:30:04.331596+00:00	CONT-1004	Mango	Bengaluru	Delhi	9.43	82.83	0.02	2148.76	High	Reroute	Critical
2026-07-11T14:30:05.337893+00:00	CONT-1004	Mango	Bengaluru	Delhi	9.47	82.83	0.001	2148.75	High	Reroute	Critical
2026-07-11T14:30:06.344242+00:00	CONT-1002	Strawberry	Bengaluru	Delhi	5.43	86.58	0.59	2147.48	High	Reroute	Critical
2026-07-11T14:30:07.351791+00:00	CONT-1000	Banana	Bengaluru	Delhi	12.3	91.27	0.062	2148.73	High	Reroute	Critical
2026-07-11T14:30:07.352746+00:00	CONT-1001	Avocado	Bengaluru	Delhi	5.24	90.5	0.377	2147.46	Low	Continue	Normal
2026-07-11T14:30:07.357039+00:00	CONT-1003	Grapes	Bengaluru	Delhi	1.29	90.6	0.052	2147.46	Low	Continue	Normal
2026-07-11T14:30:08.370537+00:00	CONT-1000	Banana	Bengaluru	Delhi	12.19	91.59	0.048	2148.72	High	Reroute	Critical
2026-07-11T14:30:08.373423+00:00	CONT-1002	Strawberry	Bengaluru	Delhi	5.52	86.89	0.6	2147.44	High	Reroute	Critical
2026-07-11T14:30:08.375735+00:00	CONT-1003	Grapes	Bengaluru	Delhi	1.32	90.96	0.037	2147.44	Low	Continue	Normal
2026-07-11T14:30:08.376561+00:00	CONT-1004	Mango	Bengaluru	Delhi	9.35	82.85	0.016	2148.72	High	Reroute	Critical
2026-07-11T14:30:09.378233+00:00	CONT-1000	Banana	Bengaluru	Delhi	12.28	91.34	0.055	2148.71	High	Reroute	Critical
2026-07-11T14:30:09.379140+00:00	CONT-1001	Avocado	Bengaluru	Delhi	5.42	90.19	0.412	2147.42	Low	Continue	Normal
2026-07-11T14:30:09.381883+00:00	CONT-1003	Grapes	Bengaluru	Delhi	1.3	91.31	0.029	2147.42	Low	Continue	Normal
2026-07-11T14:30:09.383329+00:00	CONT-1004	Mango	Bengaluru	Delhi	9.36	83.06	0.03	2148.71	High	Reroute	Critical
2026-07-11T14:30:10.387740+00:00	CONT-1002	Strawberry	Bengaluru	Delhi	5.57	86.98	0.565	2147.4	High	Reroute	Critical
2026-07-11T14:30:11.395223+00:00	CONT-1004	Mango	Bengaluru	Delhi	9.26	83.39	0.018	2148.69	High	Reroute	Critical
2026-07-11T14:30:12.399742+00:00	CONT-1002	Strawberry	Bengaluru	Delhi	5.64	86.99	0.563	2147.36	High	Reroute	Critical
2026-07-11T14:30:14.408733+00:00	CONT-1000	Banana	Bengaluru	Delhi	12.53	90.97	0.057	2148.66	High	Reroute	Critical
2026-07-11T14:30:14.412426+00:00	CONT-1003	Grapes	Bengaluru	Delhi	1.71	91.04	0.024	2147.32	Low	Continue	Normal
2026-07-11T14:30:17.434236+00:00	CONT-1002	Strawberry	Bengaluru	Delhi	5.82	87.48	0.6	2147.26	High	Reroute	Critical
2026-07-11T14:30:17.436108+00:00	CONT-1003	Grapes	Bengaluru	Delhi	1.6	90.91	0.072	2147.26	Low	Continue	Normal
2026-07-11T14:30:18.438699+00:00	CONT-1000	Banana	Bengaluru	Delhi	12.61	91.61	0.057	2148.62	High	Reroute	Critical
2026-07-11T14:30:18.439558+00:00	CONT-1001	Avocado	Bengaluru	Delhi	5.31	91.47	0.427	2147.24	Low	Continue	Normal
2026-07-11T14:30:18.441327+00:00	CONT-1002	Strawberry	Bengaluru	Delhi	5.86	87.51	0.599	2147.24	High	Reroute	Critical
2026-07-11T14:30:18.441808+00:00	CONT-1003	Grapes	Bengaluru	Delhi	1.52	91.05	0.067	2147.24	Low	Continue	Normal
2026-07-11T14:30:19.447154+00:00	CONT-1002	Strawberry	Bengaluru	Delhi	5.89	87.5	0.599	2147.22	High	Reroute	Critical
2026-07-11T14:30:20.452062+00:00	CONT-1000	Banana	Bengaluru	Delhi	12.54	91.44	0.049	2148.6	High	Reroute	Critical
2026-07-11T14:30:20.456415+00:00	CONT-1003	Grapes	Bengaluru	Delhi	1.24	90.89	0.076	2147.2	Low	Continue	Normal
2026-07-11T14:30:21.462566+00:00	CONT-1001	Avocado	Bengaluru	Delhi	5.48	90.43	0.418	2147.18	Low	Continue	Normal
2026-07-11T14:30:21.465224+00:00	CONT-1003	Grapes	Bengaluru	Delhi	1.33	90.62	0.086	2147.18	Low	Continue	Normal
2026-07-11T14:30:23.472483+00:00	CONT-1000	Banana	Bengaluru	Delhi	12.4	91.62	0.043	2148.57	High	Reroute	Critical
2026-07-11T14:30:24.484073+00:00	CONT-1003	Grapes	Bengaluru	Delhi	1.3	90.64	0.063	2147.12	Low	Continue	Normal
2026-07-11T14:30:25.485432+00:00	CONT-1000	Banana	Bengaluru	Delhi	12.42	91.23	0.07	2148.55	High	Reroute	Critical
2026-07-11T14:30:25.490789+00:00	CONT-1004	Mango	Bengaluru	Delhi	9.35	82.24	0.038	2148.55	High	Reroute	Critical
2026-07-11T14:30:26.501793+00:00	CONT-1002	Strawberry	Bengaluru	Delhi	6.14	87.86	0.565	2147.08	High	Reroute	Critical
2026-07-11T14:30:27.505142+00:00	CONT-1000	Banana	Bengaluru	Delhi	12.35	91.77	0.047	2148.53	High	Reroute	Critical
2026-07-11T14:30:27.509047+00:00	CONT-1002	Strawberry	Bengaluru	Delhi	6.18	88.2	0.576	2147.06	High	Reroute	Critical
2026-07-11T14:30:27.510021+00:00	CONT-1003	Grapes	Bengaluru	Delhi	1.46	91.05	0.076	2147.06	Low	Continue	Normal
2026-07-11T14:30:28.512736+00:00	CONT-1000	Banana	Bengaluru	Delhi	12.35	92.14	0.034	2148.52	High	Reroute	Critical
2026-07-11T14:30:28.515679+00:00	CONT-1002	Strawberry	Bengaluru	Delhi	6.2	88.18	0.59	2147.04	High	Reroute	Critical
2026-07-11T14:30:28.517265+00:00	CONT-1004	Mango	Bengaluru	Delhi	9.28	82.4	0.03	2148.52	High	Reroute	Critical
2026-07-11T14:30:29.518814+00:00	CONT-1000	Banana	Bengaluru	Delhi	12.45	92.15	0.023	2148.51	High	Reroute	Critical
2026-07-11T14:30:29.522738+00:00	CONT-1003	Grapes	Bengaluru	Delhi	1.38	91.22	0.08	2147.02	Low	Continue	Normal
2026-07-11T14:30:30.524771+00:00	CONT-1000	Banana	Bengaluru	Delhi	12.55	92.24	0.027	2148.5	High	Reroute	Critical
2026-07-11T14:30:30.528526+00:00	CONT-1001	Avocado	Bengaluru	Delhi	5.3	89.33	0.452	2147	Low	Continue	Normal
2026-07-11T14:30:30.528974+00:00	CONT-1002	Strawberry	Bengaluru	Delhi	6.3	87.91	0.598	2147	High	Reroute	Critical
2026-07-11T14:30:30.529279+00:00	CONT-1003	Grapes	Bengaluru	Delhi	1.38	91.38	0.07	2147	Low	Continue	Normal
2026-07-11T14:30:31.534260+00:00	CONT-1002	Strawberry	Bengaluru	Delhi	6.34	88.16	0.592	2146.98	High	Reroute	Critical
2026-07-11T14:30:31.536333+00:00	CONT-1004	Mango	Bengaluru	Delhi	9.35	81.83	0	2148.49	High	Reroute	Critical
2026-07-11T14:30:32.538021+00:00	CONT-1000	Banana	Bengaluru	Delhi	12.27	92.13	0.041	2148.48	High	Reroute	Critical
2026-07-11T14:30:32.540060+00:00	CONT-1001	Avocado	Bengaluru	Delhi	5.14	89.22	0.446	2146.96	Low	Continue	Normal
2026-07-11T14:30:32.540744+00:00	CONT-1002	Strawberry	Bengaluru	Delhi	6.38	87.79	0.59	2146.96	High	Reroute	Critical
2026-07-11T14:30:32.541349+00:00	CONT-1003	Grapes	Bengaluru	Delhi	1.39	91.62	0.086	2146.96	Low	Continue	Normal
2026-07-11T14:30:33.549414+00:00	CONT-1002	Strawberry	Bengaluru	Delhi	6.41	87.75	0.6	2146.94	High	Reroute	Critical
2026-07-11T14:30:34.553118+00:00	CONT-1000	Banana	Bengaluru	Delhi	12.31	91.59	0.031	2148.46	High	Reroute	Critical
2026-07-11T14:30:34.557005+00:00	CONT-1004	Mango	Bengaluru	Delhi	9.23	81.25	0.006	2148.46	High	Reroute	Critical
2026-07-11T14:30:35.561558+00:00	CONT-1002	Strawberry	Bengaluru	Delhi	6.49	87.69	0.6	2146.9	High	Reroute	Critical
2026-07-11T14:30:36.569491+00:00	CONT-1004	Mango	Bengaluru	Delhi	9.34	81.67	0.011	2148.44	High	Reroute	Critical
2026-07-11T14:30:37.571745+00:00	CONT-1000	Banana	Bengaluru	Delhi	12.29	92.12	0.036	2148.43	High	Reroute	Critical
2026-07-11T14:30:37.574312+00:00	CONT-1002	Strawberry	Bengaluru	Delhi	6.56	88.11	0.59	2146.86	High	Reroute	Critical
2026-07-11T14:30:37.576156+00:00	CONT-1003	Grapes	Bengaluru	Delhi	1.33	91.31	0.078	2146.86	Low	Continue	Normal
2026-07-11T14:30:38.580898+00:00	CONT-1001	Avocado	Bengaluru	Delhi	4.7	88.5	0.455	2146.84	Low	Continue	Normal
2026-07-11T14:30:38.581507+00:00	CONT-1002	Strawberry	Bengaluru	Delhi	6.6	88.27	0.589	2146.84	High	Reroute	Critical
2026-07-11T14:30:38.583090+00:00	CONT-1003	Grapes	Bengaluru	Delhi	1.29	91.69	0.079	2146.84	Low	Continue	Normal
2026-07-11T14:30:39.586844+00:00	CONT-1001	Avocado	Bengaluru	Delhi	4.58	88.77	0.436	2146.82	Low	Continue	Normal
2026-07-11T14:30:39.589156+00:00	CONT-1003	Grapes	Bengaluru	Delhi	1.25	91.32	0.072	2146.82	Low	Continue	Normal
2026-07-11T14:30:39.589799+00:00	CONT-1004	Mango	Bengaluru	Delhi	9.24	81.86	0.014	2148.41	High	Reroute	Critical
2026-07-11T14:30:40.590787+00:00	CONT-1000	Banana	Bengaluru	Delhi	12.25	92.11	0.006	2148.4	High	Reroute	Critical
2026-07-11T14:30:40.594332+00:00	CONT-1002	Strawberry	Bengaluru	Delhi	6.68	88.54	0.575	2146.8	High	Reroute	Critical
2026-07-11T14:30:40.595737+00:00	CONT-1004	Mango	Bengaluru	Delhi	9.09	82.17	0.026	2148.4	High	Reroute	Critical
2026-07-11T14:30:41.598695+00:00	CONT-1001	Avocado	Bengaluru	Delhi	4.74	88.11	0.453	2146.78	Low	Continue	Normal
2026-07-11T14:30:42.611240+00:00	CONT-1004	Mango	Bengaluru	Delhi	9.28	82.17	0	2148.38	High	Reroute	Critical
2026-07-11T14:30:43.613126+00:00	CONT-1000	Banana	Bengaluru	Delhi	12.29	92	0.005	2148.37	High	Reroute	Critical
2026-07-11T14:30:44.625157+00:00	CONT-1000	Banana	Bengaluru	Delhi	12.27	92.21	0.01	2148.36	High	Reroute	Critical
2026-07-11T14:30:44.626207+00:00	CONT-1001	Avocado	Bengaluru	Delhi	4.93	87.71	0.453	2146.72	Low	Continue	Normal
2026-07-11T14:30:44.628623+00:00	CONT-1002	Strawberry	Bengaluru	Delhi	6.82	88.25	0.572	2146.72	High	Reroute	Critical
2026-07-11T14:30:44.630256+00:00	CONT-1004	Mango	Bengaluru	Delhi	9.28	82.39	0	2148.36	High	Reroute	Critical
2026-07-11T14:30:45.633892+00:00	CONT-1001	Avocado	Bengaluru	Delhi	5.02	87.43	0.437	2146.7	Low	Continue	Normal
2026-07-11T14:30:45.634527+00:00	CONT-1002	Strawberry	Bengaluru	Delhi	6.86	88.56	0.583	2146.7	High	Reroute	Critical
2026-07-11T14:30:46.642771+00:00	CONT-1001	Avocado	Bengaluru	Delhi	5.08	87.07	0.42	2146.68	Low	Continue	Normal
2026-07-11T14:30:48.654687+00:00	CONT-1000	Banana	Bengaluru	Delhi	12.39	92.36	0.049	2148.32	High	Reroute	Critical
2026-07-11T14:30:49.665501+00:00	CONT-1000	Banana	Bengaluru	Delhi	12.52	92.59	0.044	2148.31	High	Reroute	Critical
2026-07-11T14:30:49.669037+00:00	CONT-1002	Strawberry	Bengaluru	Delhi	6.99	88.87	0.567	2146.62	High	Reroute	Critical
2026-07-11T14:30:49.670425+00:00	CONT-1004	Mango	Bengaluru	Delhi	9.15	82.13	0	2148.31	High	Reroute	Critical
2026-07-11T14:30:52.686918+00:00	CONT-1000	Banana	Bengaluru	Delhi	12.57	92.67	0.027	2148.28	High	Reroute	Critical
2026-07-11T14:30:52.688833+00:00	CONT-1001	Avocado	Bengaluru	Delhi	5.41	87.92	0.417	2146.56	Low	Continue	Normal
2026-07-11T14:30:52.689914+00:00	CONT-1002	Strawberry	Bengaluru	Delhi	7.11	89.02	0.563	2146.56	High	Reroute	Critical
2026-07-11T14:30:53.696723+00:00	CONT-1002	Strawberry	Bengaluru	Delhi	7.16	88.94	0.548	2146.54	High	Reroute	Critical
2026-07-11T14:30:54.702014+00:00	CONT-1000	Banana	Bengaluru	Delhi	12.61	93.23	0.037	2148.26	High	Reroute	Critical
2026-07-11T14:30:54.707074+00:00	CONT-1002	Strawberry	Bengaluru	Delhi	7.2	88.75	0.563	2146.52	High	Reroute	Critical
2026-07-11T14:30:54.714297+00:00	CONT-1004	Mango	Bengaluru	Delhi	9.22	81.18	0	2148.26	High	Reroute	Critical
2026-07-11T14:30:55.721072+00:00	CONT-1003	Grapes	Bengaluru	Delhi	0.8	92.29	0.132	2146.5	Low	Continue	Normal
2026-07-11T14:30:56.727739+00:00	CONT-1002	Strawberry	Bengaluru	Delhi	7.27	89.16	0.543	2146.48	High	Reroute	Critical
2026-07-11T14:30:57.732167+00:00	CONT-1001	Avocado	Bengaluru	Delhi	5.14	88.07	0.392	2146.46	Low	Continue	Normal
2026-07-11T14:30:57.735033+00:00	CONT-1004	Mango	Bengaluru	Delhi	9.32	80.64	0	2148.23	High	Reroute	Critical
2026-07-11T14:30:59.744493+00:00	CONT-1001	Avocado	Bengaluru	Delhi	5.21	88	0.377	2146.42	Low	Continue	Normal
2026-07-11T14:30:59.745272+00:00	CONT-1002	Strawberry	Bengaluru	Delhi	7.35	88.85	1.346	2146.42	High	Reroute	Critical
2026-07-11T14:30:59.748380+00:00	CONT-1004	Mango	Bengaluru	Delhi	9.34	80.52	0	2148.21	High	Reroute	Critical
2026-07-11T14:31:00.750348+00:00	CONT-1000	Banana	Bengaluru	Delhi	12.34	93.5	0.055	2148.2	High	Reroute	Critical
2026-07-11T14:31:00.754394+00:00	CONT-1003	Grapes	Bengaluru	Delhi	0.57	92.7	0.093	2146.4	Low	Continue	Normal
2026-07-11T14:31:00.755309+00:00	CONT-1004	Mango	Bengaluru	Delhi	9.23	80.7	0.017	2148.2	High	Reroute	Critical
2026-07-11T14:31:01.759128+00:00	CONT-1002	Strawberry	Bengaluru	Delhi	7.41	89.53	0.599	2146.38	High	Reroute	Critical
2026-07-11T14:31:01.762713+00:00	CONT-1003	Grapes	Bengaluru	Delhi	0.71	92.6	0.096	2146.38	Low	Continue	Normal
2026-07-11T14:31:02.767210+00:00	CONT-1000	Banana	Bengaluru	Delhi	12.37	93.68	0.04	2148.18	High	Reroute	Critical
2026-07-11T14:31:03.774894+00:00	CONT-1000	Banana	Bengaluru	Delhi	12.5	93.66	0.044	2148.17	High	Reroute	Critical
2026-07-11T14:31:03.777984+00:00	CONT-1002	Strawberry	Bengaluru	Delhi	7.48	89.55	0.6	2146.34	High	Reroute	Critical
2026-07-11T14:31:04.784954+00:00	CONT-1000	Banana	Bengaluru	Delhi	12.51	93.3	0.056	2148.16	High	Reroute	Critical
2026-07-11T14:31:05.801917+00:00	CONT-1002	Strawberry	Bengaluru	Delhi	7.56	89.64	0.567	2146.3	High	Reroute	Critical
2026-07-11T14:31:05.802636+00:00	CONT-1003	Grapes	Bengaluru	Delhi	0.97	92.69	0.086	2146.3	Low	Continue	Normal
2026-07-11T14:31:06.809971+00:00	CONT-1001	Avocado	Bengaluru	Delhi	5.06	87	0.394	2146.28	Low	Continue	Normal
2026-07-11T14:31:07.817349+00:00	CONT-1000	Banana	Bengaluru	Delhi	12.53	93.16	0.067	2148.13	High	Reroute	Critical
2026-07-11T14:31:07.820252+00:00	CONT-1002	Strawberry	Bengaluru	Delhi	7.65	89.64	0.579	2146.26	High	Reroute	Critical
2026-07-11T14:31:07.822267+00:00	CONT-1003	Grapes	Bengaluru	Delhi	0.93	92.33	0.093	2146.26	Low	Continue	Normal
2026-07-11T14:31:07.823024+00:00	CONT-1004	Mango	Bengaluru	Delhi	9.49	79.98	0.051	2148.13	High	Reroute	Critical
2026-07-11T14:31:09.836629+00:00	CONT-1002	Strawberry	Bengaluru	Delhi	7.71	89.69	0.581	2146.22	High	Reroute	Critical
2026-07-11T14:31:09.839374+00:00	CONT-1003	Grapes	Bengaluru	Delhi	1.14	92.87	0.089	2146.22	Low	Continue	Normal
2026-07-11T14:31:10.843526+00:00	CONT-1001	Avocado	Bengaluru	Delhi	5.14	87.26	0.394	2146.2	Low	Continue	Normal
2026-07-11T14:31:10.845928+00:00	CONT-1002	Strawberry	Bengaluru	Delhi	7.76	90.08	0.587	2146.2	High	Reroute	Critical
2026-07-11T14:31:12.857407+00:00	CONT-1002	Strawberry	Bengaluru	Delhi	7.84	90.25	0.579	2146.16	High	Reroute	Critical
2026-07-11T14:31:12.860544+00:00	CONT-1004	Mango	Bengaluru	Delhi	9.32	79.64	0.031	2148.08	High	Reroute	Critical
2026-07-11T14:31:16.885342+00:00	CONT-1000	Banana	Bengaluru	Delhi	12.49	92.08	0.103	2148.04	High	Reroute	Critical
2026-07-11T14:31:18.901122+00:00	CONT-1001	Avocado	Bengaluru	Delhi	5.36	87.17	0.401	2146.04	Low	Continue	Normal
2026-07-11T14:31:19.918143+00:00	CONT-1000	Banana	Bengaluru	Delhi	12.1	91.73	0.096	2148.01	High	Reroute	Critical
2026-07-11T14:31:19.920418+00:00	CONT-1002	Strawberry	Bengaluru	Delhi	8.08	90.17	0.588	2146.02	High	Reroute	Critical
2026-07-11T14:31:19.922037+00:00	CONT-1003	Grapes	Bengaluru	Delhi	1.16	93.03	0.138	2146.02	Low	Continue	Normal
2026-07-11T14:31:20.924588+00:00	CONT-1000	Banana	Bengaluru	Delhi	12.05	91.83	0.107	2148	High	Reroute	Critical
2026-07-11T14:31:20.930816+00:00	CONT-1003	Grapes	Bengaluru	Delhi	1.29	92.86	0.144	2146	Low	Continue	Normal
2026-07-11T14:31:21.938718+00:00	CONT-1001	Avocado	Bengaluru	Delhi	5.37	87.89	0.404	2145.98	Low	Continue	Normal
2026-07-11T14:31:24.953823+00:00	CONT-1000	Banana	Bengaluru	Delhi	12	91.41	0.086	2147.96	High	Reroute	Critical
2026-07-11T14:31:24.954614+00:00	CONT-1001	Avocado	Bengaluru	Delhi	5.14	88.12	0.393	2145.92	Low	Continue	Normal
2026-07-11T14:31:24.958917+00:00	CONT-1004	Mango	Bengaluru	Delhi	9.25	78.72	0.039	2147.96	High	Reroute	Critical
2026-07-11T14:31:25.959897+00:00	CONT-1000	Banana	Bengaluru	Delhi	12	91.14	0.1	2147.95	High	Reroute	Critical
2026-07-11T14:31:25.961912+00:00	CONT-1001	Avocado	Bengaluru	Delhi	5.21	88.2	0.389	2145.9	Low	Continue	Normal
2026-07-11T14:31:25.962555+00:00	CONT-1002	Strawberry	Bengaluru	Delhi	8.31	89.45	0.6	2145.9	High	Reroute	Critical
2026-07-11T14:31:25.962981+00:00	CONT-1003	Grapes	Bengaluru	Delhi	1.53	92.41	0.158	2145.9	Low	Continue	Normal
2026-07-11T14:31:25.963259+00:00	CONT-1004	Mango	Bengaluru	Delhi	9.2	78.98	0.027	2147.95	High	Reroute	Critical
2026-07-11T14:31:26.967383+00:00	CONT-1003	Grapes	Bengaluru	Delhi	1.41	92.55	0.142	2145.88	Low	Continue	Normal
2026-07-11T14:31:27.975552+00:00	CONT-1001	Avocado	Bengaluru	Delhi	5.31	87.97	0.415	2145.86	Low	Continue	Normal
2026-07-11T14:31:27.976665+00:00	CONT-1002	Strawberry	Bengaluru	Delhi	8.38	89.56	0.6	2145.86	High	Reroute	Critical
2026-07-11T14:31:27.978753+00:00	CONT-1003	Grapes	Bengaluru	Delhi	1.27	92.66	0.158	2145.86	Low	Continue	Normal
2026-07-11T14:31:27.979439+00:00	CONT-1004	Mango	Bengaluru	Delhi	9.36	78.84	0.021	2147.93	High	Reroute	Critical
2026-07-11T14:31:28.980973+00:00	CONT-1000	Banana	Bengaluru	Delhi	12.12	90.8	0.105	2147.92	High	Reroute	Critical
2026-07-11T14:31:28.982665+00:00	CONT-1001	Avocado	Bengaluru	Delhi	5.25	87.65	0.429	2145.84	Low	Continue	Normal
2026-07-11T14:31:28.985192+00:00	CONT-1004	Mango	Bengaluru	Delhi	9.24	78.44	0.008	2147.92	High	Reroute	Critical
2026-07-11T14:31:29.990911+00:00	CONT-1004	Mango	Bengaluru	Delhi	9.17	78.42	0.009	2147.91	High	Reroute	Critical
2026-07-11T14:31:30.997393+00:00	CONT-1001	Avocado	Bengaluru	Delhi	5.36	87.98	0.421	2145.8	Low	Continue	Normal
2026-07-11T14:31:31.008417+00:00	CONT-1004	Mango	Bengaluru	Delhi	9.03	78.81	0.014	2147.9	High	Reroute	Critical
2026-07-11T14:31:32.013698+00:00	CONT-1001	Avocado	Bengaluru	Delhi	5.22	88.36	0.405	2145.78	Low	Continue	Normal
2026-07-11T14:31:33.020056+00:00	CONT-1001	Avocado	Bengaluru	Delhi	5.31	88.73	0.414	2145.76	Low	Continue	Normal
2026-07-11T14:31:33.021867+00:00	CONT-1002	Strawberry	Bengaluru	Delhi	8.56	89.76	0.6	2145.76	High	Reroute	Critical
2026-07-11T14:31:33.022881+00:00	CONT-1003	Grapes	Bengaluru	Delhi	1.1	93.02	0.129	2145.76	Low	Continue	Normal
2026-07-11T14:31:34.025000+00:00	CONT-1001	Avocado	Bengaluru	Delhi	5.21	88.52	0.406	2145.74	Low	Continue	Normal
2026-07-11T14:31:34.027288+00:00	CONT-1002	Strawberry	Bengaluru	Delhi	8.59	90.05	0.6	2145.74	High	Reroute	Critical
2026-07-11T14:31:34.029270+00:00	CONT-1004	Mango	Bengaluru	Delhi	9.08	78.85	0.002	2147.87	High	Reroute	Critical
2026-07-11T14:31:35.034645+00:00	CONT-1004	Mango	Bengaluru	Delhi	9	78.65	0.02	2147.86	High	Reroute	Critical
2026-07-11T14:31:36.038397+00:00	CONT-1003	Grapes	Bengaluru	Delhi	1.43	93.25	0.131	2145.7	Low	Continue	Normal
2026-07-11T14:31:38.052752+00:00	CONT-1000	Banana	Bengaluru	Delhi	12.11	91.05	0.065	2147.83	High	Reroute	Critical
2026-07-11T14:31:39.060729+00:00	CONT-1000	Banana	Bengaluru	Delhi	12.08	90.87	0.072	2147.82	High	Reroute	Critical
2026-07-11T14:31:39.063460+00:00	CONT-1002	Strawberry	Bengaluru	Delhi	8.76	91.16	0.599	2145.64	High	Reroute	Critical
2026-07-11T14:31:39.064772+00:00	CONT-1004	Mango	Bengaluru	Delhi	9.18	78.35	0.025	2147.82	High	Reroute	Critical
2026-07-11T14:31:40.068204+00:00	CONT-1002	Strawberry	Bengaluru	Delhi	8.78	91.14	0.584	2145.62	High	Reroute	Critical
2026-07-11T14:31:40.068798+00:00	CONT-1003	Grapes	Bengaluru	Delhi	1.45	92.88	0.116	2145.62	Low	Continue	Normal
2026-07-11T14:31:40.069504+00:00	CONT-1004	Mango	Bengaluru	Delhi	9.22	78.43	0.04	2147.81	High	Reroute	Critical
2026-07-11T14:31:41.074515+00:00	CONT-1001	Avocado	Bengaluru	Delhi	5.57	89.3	0.351	2145.6	Low	Continue	Normal
2026-07-11T14:31:41.076062+00:00	CONT-1002	Strawberry	Bengaluru	Delhi	8.82	91.41	0.579	2145.6	High	Reroute	Critical
2026-07-11T14:31:41.079721+00:00	CONT-1004	Mango	Bengaluru	Delhi	9.13	78.83	0.05	2147.8	High	Reroute	Critical
2026-07-11T14:31:42.087428+00:00	CONT-1004	Mango	Bengaluru	Delhi	9	78.67	0.062	2147.79	High	Reroute	Critical
2026-07-11T14:31:43.091907+00:00	CONT-1001	Avocado	Bengaluru	Delhi	5.36	88.75	0.361	2145.56	Low	Continue	Normal
2026-07-11T14:31:44.104531+00:00	CONT-1003	Grapes	Bengaluru	Delhi	1.79	92.49	0.113	2145.54	Low	Continue	Normal
2026-07-11T14:31:44.105193+00:00	CONT-1004	Mango	Bengaluru	Delhi	9.14	78.84	0.084	2147.77	High	Reroute	Critical
2026-07-11T14:31:45.107542+00:00	CONT-1000	Banana	Bengaluru	Delhi	12.29	91.28	0.101	2147.76	High	Reroute	Critical
2026-07-11T14:31:45.112911+00:00	CONT-1004	Mango	Bengaluru	Delhi	9.04	78.71	0.095	2147.76	High	Reroute	Critical
2026-07-11T14:31:46.116295+00:00	CONT-1000	Banana	Bengaluru	Delhi	12.19	91.56	0.087	2147.75	High	Reroute	Critical
2026-07-11T14:31:47.125809+00:00	CONT-1000	Banana	Bengaluru	Delhi	12.2	91.79	0.077	2147.74	High	Reroute	Critical
2026-07-11T14:31:48.134479+00:00	CONT-1001	Avocado	Bengaluru	Delhi	5.34	88.1	0.314	2145.46	Low	Continue	Normal
2026-07-11T14:31:48.135322+00:00	CONT-1002	Strawberry	Bengaluru	Delhi	9.08	91.04	0.6	2145.46	High	Reroute	Critical
2026-07-11T14:31:49.141596+00:00	CONT-1000	Banana	Bengaluru	Delhi	12.06	91.5	0.085	2147.72	High	Reroute	Critical
2026-07-11T14:31:49.143401+00:00	CONT-1001	Avocado	Bengaluru	Delhi	5.3	88.06	0.321	2145.44	Low	Continue	Normal
2026-07-11T14:31:49.144004+00:00	CONT-1002	Strawberry	Bengaluru	Delhi	9.1	90.69	0.585	2145.44	High	Reroute	Critical
2026-07-11T14:31:49.144474+00:00	CONT-1003	Grapes	Bengaluru	Delhi	1.95	93.04	0.136	2145.44	Low	Continue	Normal
2026-07-11T14:31:49.144838+00:00	CONT-1004	Mango	Bengaluru	Delhi	9.22	78.51	0.118	2147.72	High	Reroute	Critical
2026-07-11T14:31:50.149375+00:00	CONT-1003	Grapes	Bengaluru	Delhi	1.93	93.22	0.12	2145.42	Low	Continue	Normal
2026-07-11T14:31:51.152310+00:00	CONT-1000	Banana	Bengaluru	Delhi	12.09	91.64	0.111	2147.7	High	Reroute	Critical
2026-07-11T14:31:51.154061+00:00	CONT-1001	Avocado	Bengaluru	Delhi	5.24	88.23	0.356	2145.4	Low	Continue	Normal
2026-07-11T14:31:51.154776+00:00	CONT-1002	Strawberry	Bengaluru	Delhi	9.18	91.36	0.598	2145.4	High	Reroute	Critical
2026-07-11T14:31:53.163561+00:00	CONT-1000	Banana	Bengaluru	Delhi	12.11	91.37	0.133	2147.68	High	Reroute	Critical
2026-07-11T14:31:53.165058+00:00	CONT-1001	Avocado	Bengaluru	Delhi	5.16	88.19	0.394	2145.36	Low	Continue	Normal
2026-07-11T14:31:53.165751+00:00	CONT-1002	Strawberry	Bengaluru	Delhi	9.25	91.43	0.599	2145.36	High	Reroute	Critical
2026-07-11T14:31:53.166783+00:00	CONT-1004	Mango	Bengaluru	Delhi	9.34	78.65	0.088	2147.68	High	Reroute	Critical
2026-07-11T14:31:54.176781+00:00	CONT-1003	Grapes	Bengaluru	Delhi	1.86	93.24	0.096	2145.34	Low	Continue	Normal
2026-07-11T14:31:54.178313+00:00	CONT-1004	Mango	Bengaluru	Delhi	9.41	78.73	0.068	2147.67	High	Reroute	Critical
2026-07-11T14:31:55.181304+00:00	CONT-1000	Banana	Bengaluru	Delhi	12.07	91.26	0.119	2147.66	High	Reroute	Critical
2026-07-11T14:31:55.182035+00:00	CONT-1001	Avocado	Bengaluru	Delhi	5.1	88.36	0.402	2145.32	Low	Continue	Normal
2026-07-11T14:31:56.186809+00:00	CONT-1000	Banana	Bengaluru	Delhi	12.03	91.18	0.113	2147.65	High	Reroute	Critical
2026-07-11T14:31:56.189043+00:00	CONT-1002	Strawberry	Bengaluru	Delhi	9.33	91.99	0.587	2145.3	High	Reroute	Critical
2026-07-11T14:31:56.191849+00:00	CONT-1004	Mango	Bengaluru	Delhi	9.31	79.29	0.08	2147.65	High	Reroute	Critical
2026-07-11T14:31:57.192623+00:00	CONT-1000	Banana	Bengaluru	Delhi	12.15	91.53	0.111	2147.64	High	Reroute	Critical
2026-07-11T14:31:57.194874+00:00	CONT-1002	Strawberry	Bengaluru	Delhi	9.38	91.83	0.597	2145.28	High	Reroute	Critical
2026-07-11T14:31:57.196828+00:00	CONT-1003	Grapes	Bengaluru	Delhi	1.77	93.18	0.101	2145.28	Low	Continue	Normal
2026-07-11T14:31:58.199641+00:00	CONT-1001	Avocado	Bengaluru	Delhi	5.02	88.91	0.376	2145.26	Low	Continue	Normal
2026-07-11T14:31:58.203117+00:00	CONT-1004	Mango	Bengaluru	Delhi	9.43	79.63	0.091	2147.63	High	Reroute	Critical
2026-07-11T14:31:59.206413+00:00	CONT-1001	Avocado	Bengaluru	Delhi	5.01	89.25	0.372	2145.24	Low	Continue	Normal
2026-07-11T14:31:59.208445+00:00	CONT-1002	Strawberry	Bengaluru	Delhi	9.46	92.55	0.594	2145.24	High	Reroute	Critical
2026-07-11T14:31:59.209435+00:00	CONT-1003	Grapes	Bengaluru	Delhi	1.67	93.32	0.067	2145.24	Low	Continue	Normal
2026-07-11T14:31:59.209879+00:00	CONT-1004	Mango	Bengaluru	Delhi	9.54	79.67	0.101	2147.62	High	Reroute	Critical
2026-07-11T14:32:00.213868+00:00	CONT-1002	Strawberry	Bengaluru	Delhi	9.49	92.94	0.578	2145.22	High	Reroute	Critical
2026-07-11T14:32:01.220340+00:00	CONT-1001	Avocado	Bengaluru	Delhi	5.02	89.3	0.383	2145.2	Low	Continue	Normal
2026-07-11T14:32:02.232617+00:00	CONT-1004	Mango	Bengaluru	Delhi	9.62	79.78	0.139	2147.59	High	Reroute	Critical
2026-07-11T14:32:04.242947+00:00	CONT-1001	Avocado	Bengaluru	Delhi	4.92	89.39	0.381	2145.14	Low	Continue	Normal
2026-07-11T14:32:04.244423+00:00	CONT-1002	Strawberry	Bengaluru	Delhi	9.6	93.18	0.528	2145.14	High	Reroute	Critical
2026-07-11T14:32:05.255088+00:00	CONT-1004	Mango	Bengaluru	Delhi	9.68	79.74	0.123	2147.56	High	Reroute	Critical
2026-07-11T14:32:06.258563+00:00	CONT-1001	Avocado	Bengaluru	Delhi	4.91	89.1	0.388	2145.1	Low	Continue	Normal
2026-07-11T14:32:09.284136+00:00	CONT-1000	Banana	Bengaluru	Delhi	12.28	89.75	0.114	2147.52	High	Reroute	Critical
2026-07-11T14:32:11.303056+00:00	CONT-1000	Banana	Bengaluru	Delhi	12.4	89.76	0.106	2147.5	High	Reroute	Critical
2026-07-11T14:32:11.303849+00:00	CONT-1001	Avocado	Bengaluru	Delhi	4.87	89.96	0.398	2145	Low	Continue	Normal
2026-07-11T14:32:11.305411+00:00	CONT-1002	Strawberry	Bengaluru	Delhi	9.82	93.97	0.6	2145	High	Reroute	Critical
2026-07-11T14:32:11.305846+00:00	CONT-1003	Grapes	Bengaluru	Delhi	1.67	92.83	0.033	2145	Low	Continue	Normal
2026-07-11T14:32:11.306250+00:00	CONT-1004	Mango	Bengaluru	Delhi	9.64	80.86	0.169	2147.5	High	Reroute	Critical
2026-07-11T14:32:12.309257+00:00	CONT-1001	Avocado	Bengaluru	Delhi	5.01	89.64	0.398	2144.98	Low	Continue	Normal
2026-07-11T14:32:12.314332+00:00	CONT-1003	Grapes	Bengaluru	Delhi	1.55	92.94	0.051	2144.98	Low	Continue	Normal
2026-07-11T14:32:15.334060+00:00	CONT-1000	Banana	Bengaluru	Delhi	12.54	89.59	0.111	2147.46	High	Reroute	Critical
2026-07-11T14:32:15.336551+00:00	CONT-1002	Strawberry	Bengaluru	Delhi	9.98	93.44	0.6	2144.92	High	Reroute	Critical
2026-07-11T14:32:17.346281+00:00	CONT-1000	Banana	Bengaluru	Delhi	12.44	89.51	0.098	2147.44	High	Reroute	Critical
2026-07-11T14:32:18.353454+00:00	CONT-1001	Avocado	Bengaluru	Delhi	5.21	90.69	0.401	2144.86	Low	Continue	Normal
2026-07-11T14:32:19.366527+00:00	CONT-1003	Grapes	Bengaluru	Delhi	1.65	92.71	0.037	2144.84	Low	Continue	Normal
2026-07-11T14:32:21.379786+00:00	CONT-1001	Avocado	Bengaluru	Delhi	5.12	91.19	0.413	2144.8	Low	Continue	Normal
2026-07-11T14:32:22.383361+00:00	CONT-1000	Banana	Bengaluru	Delhi	12.25	89.08	0.106	2147.39	High	Reroute	Critical
2026-07-11T14:32:22.386879+00:00	CONT-1002	Strawberry	Bengaluru	Delhi	10.21	93.86	0.591	2144.78	High	Reroute	Critical
2026-07-11T14:32:22.391972+00:00	CONT-1004	Mango	Bengaluru	Delhi	9.98	80.9	0.197	2147.39	High	Reroute	Critical
2026-07-11T14:32:23.397156+00:00	CONT-1004	Mango	Bengaluru	Delhi	9.92	81.16	0.206	2147.38	High	Reroute	Critical
2026-07-11T14:32:25.403423+00:00	CONT-1000	Banana	Bengaluru	Delhi	12.28	89.08	0.118	2147.36	High	Reroute	Critical
2026-07-11T14:32:25.404220+00:00	CONT-1001	Avocado	Bengaluru	Delhi	4.89	92.08	0.44	2144.72	Low	Continue	Normal
2026-07-11T14:32:25.405804+00:00	CONT-1002	Strawberry	Bengaluru	Delhi	10.33	94.55	0.555	2144.72	High	Reroute	Critical
2026-07-11T14:32:25.407601+00:00	CONT-1004	Mango	Bengaluru	Delhi	10.07	81.44	0.213	2147.36	High	Reroute	Critical
2026-07-11T14:32:26.412823+00:00	CONT-1002	Strawberry	Bengaluru	Delhi	10.38	94.61	0.557	2144.7	High	Reroute	Critical
2026-07-11T14:32:27.425902+00:00	CONT-1001	Avocado	Bengaluru	Delhi	5.06	91.81	0.447	2144.68	Low	Continue	Normal
2026-07-11T14:32:27.429366+00:00	CONT-1004	Mango	Bengaluru	Delhi	10.2	80.97	0.21	2147.34	High	Reroute	Critical
2026-07-11T14:32:28.433378+00:00	CONT-1001	Avocado	Bengaluru	Delhi	4.93	91.56	0.438	2144.66	Low	Continue	Normal
2026-07-11T14:32:29.439215+00:00	CONT-1000	Banana	Bengaluru	Delhi	12.27	88.86	0.155	2147.32	High	Reroute	Critical
2026-07-11T14:32:29.441443+00:00	CONT-1001	Avocado	Bengaluru	Delhi	4.96	91.49	0.447	2144.64	Low	Continue	Normal
2026-07-11T14:32:30.454071+00:00	CONT-1000	Banana	Bengaluru	Delhi	12.3	89.08	0.161	2147.31	High	Reroute	Critical
2026-07-11T14:32:30.454743+00:00	CONT-1001	Avocado	Bengaluru	Delhi	4.83	91.58	0.433	2144.62	Low	Continue	Normal
2026-07-11T14:32:30.456390+00:00	CONT-1002	Strawberry	Bengaluru	Delhi	10.49	94.43	0.524	2144.62	High	Reroute	Critical
2026-07-11T14:32:30.458262+00:00	CONT-1004	Mango	Bengaluru	Delhi	9.89	81.28	0.249	2147.31	High	Reroute	Critical
2026-07-11T14:32:31.460576+00:00	CONT-1001	Avocado	Bengaluru	Delhi	4.73	91.38	0.447	2144.6	Low	Continue	Normal
2026-07-11T14:32:32.464997+00:00	CONT-1000	Banana	Bengaluru	Delhi	12.23	88.58	0.162	2147.29	High	Reroute	Critical
2026-07-11T14:32:32.466792+00:00	CONT-1001	Avocado	Bengaluru	Delhi	4.75	91.52	0.437	2144.58	Low	Continue	Normal
2026-07-11T14:32:32.467442+00:00	CONT-1002	Strawberry	Bengaluru	Delhi	10.55	94.05	0.504	2144.58	High	Reroute	Critical
2026-07-11T14:32:32.467868+00:00	CONT-1003	Grapes	Bengaluru	Delhi	1.36	91.55	0.075	2144.58	Low	Continue	Normal
2026-07-11T14:32:33.470771+00:00	CONT-1001	Avocado	Bengaluru	Delhi	4.61	91.64	0.444	2144.56	Low	Continue	Normal
2026-07-11T14:32:34.480673+00:00	CONT-1003	Grapes	Bengaluru	Delhi	1.27	91.79	0.042	2144.54	Low	Continue	Normal
2026-07-11T14:32:34.482927+00:00	CONT-1004	Mango	Bengaluru	Delhi	9.71	82.11	0.269	2147.27	High	Reroute	Critical
2026-07-11T14:32:36.494017+00:00	CONT-1002	Strawberry	Bengaluru	Delhi	10.7	94.43	1.101	2144.5	High	Reroute	Critical
2026-07-11T14:32:37.501981+00:00	CONT-1000	Banana	Bengaluru	Delhi	12.25	87.45	0.096	2147.24	High	Reroute	Critical
2026-07-11T14:32:37.505202+00:00	CONT-1002	Strawberry	Bengaluru	Delhi	10.73	94.64	0.6	2144.48	High	Reroute	Critical
2026-07-11T14:32:37.508180+00:00	CONT-1004	Mango	Bengaluru	Delhi	9.56	82.57	0.264	2147.24	High	Reroute	Critical
2026-07-11T14:32:39.518738+00:00	CONT-1000	Banana	Bengaluru	Delhi	12.27	87.69	0.067	2147.22	High	Reroute	Critical
2026-07-11T14:32:39.521518+00:00	CONT-1002	Strawberry	Bengaluru	Delhi	10.83	94.55	0.591	2144.44	High	Reroute	Critical
2026-07-11T14:32:39.522305+00:00	CONT-1003	Grapes	Bengaluru	Delhi	1.28	91.02	0.085	2144.44	Low	Continue	Normal
2026-07-11T14:32:39.522814+00:00	CONT-1004	Mango	Bengaluru	Delhi	9.6	82.78	0.258	2147.22	High	Reroute	Critical
2026-07-11T14:32:41.529647+00:00	CONT-1000	Banana	Bengaluru	Delhi	12.09	87.8	0.067	2147.2	High	Reroute	Critical
2026-07-11T14:32:41.530790+00:00	CONT-1001	Avocado	Bengaluru	Delhi	4.17	91.5	0.451	2144.4	Medium	Continue	Warning
2026-07-11T14:32:41.532441+00:00	CONT-1002	Strawberry	Bengaluru	Delhi	10.91	94.6	0.599	2144.4	High	Reroute	Critical
2026-07-11T14:32:42.539448+00:00	CONT-1002	Strawberry	Bengaluru	Delhi	10.94	94.84	0.596	2144.38	High	Reroute	Critical
2026-07-11T14:32:43.560621+00:00	CONT-1000	Banana	Bengaluru	Delhi	12.02	87.8	0.079	2147.18	High	Reroute	Critical
2026-07-11T14:32:43.572959+00:00	CONT-1004	Mango	Bengaluru	Delhi	9.74	82.84	0.232	2147.18	High	Reroute	Critical
2026-07-11T14:32:44.578460+00:00	CONT-1003	Grapes	Bengaluru	Delhi	1.15	91.08	0.092	2144.34	Low	Continue	Normal
2026-07-11T14:32:45.582542+00:00	CONT-1000	Banana	Bengaluru	Delhi	12.08	88.13	0.109	2147.16	High	Reroute	Critical
2026-07-11T14:32:45.584024+00:00	CONT-1001	Avocado	Bengaluru	Delhi	4.38	91.77	0.442	2144.32	Medium	Continue	Warning
2026-07-11T14:32:45.584842+00:00	CONT-1002	Strawberry	Bengaluru	Delhi	11.04	93.94	0.576	2144.32	High	Reroute	Critical
2026-07-11T14:32:46.591886+00:00	CONT-1004	Mango	Bengaluru	Delhi	9.69	83.77	0.221	2147.15	High	Reroute	Critical
2026-07-11T14:32:47.592794+00:00	CONT-1000	Banana	Bengaluru	Delhi	12.05	88.54	0.107	2147.14	High	Reroute	Critical
2026-07-11T14:32:47.595422+00:00	CONT-1002	Strawberry	Bengaluru	Delhi	11.12	94.46	0.6	2144.28	High	Reroute	Critical
2026-07-11T14:32:47.597679+00:00	CONT-1003	Grapes	Bengaluru	Delhi	1.23	91.71	0.086	2144.28	Low	Continue	Normal
2026-07-11T14:32:47.598125+00:00	CONT-1004	Mango	Bengaluru	Delhi	9.59	83.4	0.23	2147.14	High	Reroute	Critical
2026-07-11T14:32:48.600986+00:00	CONT-1001	Avocado	Bengaluru	Delhi	4.21	91.61	0.441	2144.26	Medium	Continue	Warning
2026-07-11T14:32:49.607209+00:00	CONT-1001	Avocado	Bengaluru	Delhi	4.27	91.64	0.422	2144.24	Medium	Continue	Warning
2026-07-11T14:32:49.609789+00:00	CONT-1004	Mango	Bengaluru	Delhi	9.58	83.46	0.259	2147.12	High	Reroute	Critical
2026-07-11T14:32:50.616890+00:00	CONT-1003	Grapes	Bengaluru	Delhi	1.39	91.82	0.055	2144.22	Low	Continue	Normal
2026-07-11T14:32:51.621554+00:00	CONT-1000	Banana	Bengaluru	Delhi	12.01	88.31	0.138	2147.1	High	Reroute	Critical
2026-07-11T14:32:51.623686+00:00	CONT-1001	Avocado	Bengaluru	Delhi	4.44	90.89	0.451	2144.2	High	Reroute	Critical
2026-07-11T14:32:51.624335+00:00	CONT-1002	Strawberry	Bengaluru	Delhi	11.27	94.3	0.6	2144.2	High	Reroute	Critical
2026-07-11T14:32:51.624764+00:00	CONT-1003	Grapes	Bengaluru	Delhi	1.28	91.79	0.046	2144.2	Low	Continue	Normal
2026-07-11T14:32:51.625281+00:00	CONT-1004	Mango	Bengaluru	Delhi	9.68	83.66	0.232	2147.1	High	Reroute	Critical
2026-07-11T14:32:53.637976+00:00	CONT-1004	Mango	Bengaluru	Delhi	9.67	83.3	0.216	2147.08	High	Reroute	Critical
2026-07-11T14:32:54.640890+00:00	CONT-1000	Banana	Bengaluru	Delhi	12.21	88.07	0.132	2147.07	High	Reroute	Critical
2026-07-11T14:32:54.648957+00:00	CONT-1004	Mango	Bengaluru	Delhi	9.54	83.47	0.219	2147.07	High	Reroute	Critical
2026-07-11T14:32:55.654072+00:00	CONT-1002	Strawberry	Bengaluru	Delhi	11.4	94.72	0.6	2144.12	High	Reroute	Critical
2026-07-11T14:32:56.661072+00:00	CONT-1002	Strawberry	Bengaluru	Delhi	11.44	95	0.6	2144.1	High	Reroute	Critical
2026-07-11T14:32:56.663924+00:00	CONT-1003	Grapes	Bengaluru	Delhi	1.32	92.56	0.068	2144.1	Low	Continue	Normal
2026-07-11T14:32:57.666698+00:00	CONT-1000	Banana	Bengaluru	Delhi	12	87.78	0.13	2147.04	High	Reroute	Critical
2026-07-11T14:32:57.672482+00:00	CONT-1003	Grapes	Bengaluru	Delhi	1.36	92.38	0.085	2144.08	Low	Continue	Normal
2026-07-11T14:32:58.676005+00:00	CONT-1000	Banana	Bengaluru	Delhi	12.13	87.95	0.114	2147.03	High	Reroute	Critical
2026-07-11T14:32:58.684439+00:00	CONT-1004	Mango	Bengaluru	Delhi	9.6	84.12	0.199	2147.03	High	Reroute	Critical
2026-07-11T14:32:59.685794+00:00	CONT-1000	Banana	Bengaluru	Delhi	12.12	87.73	0.103	2147.02	High	Reroute	Critical
2026-07-11T14:32:59.688051+00:00	CONT-1002	Strawberry	Bengaluru	Delhi	11.58	94.65	0.565	2144.04	High	Reroute	Critical
2026-07-11T14:32:59.690726+00:00	CONT-1004	Mango	Bengaluru	Delhi	9.47	83.81	0.19	2147.02	High	Reroute	Critical
2026-07-11T14:33:00.694966+00:00	CONT-1002	Strawberry	Bengaluru	Delhi	11.6	94.49	0.58	2144.02	High	Reroute	Critical
2026-07-11T14:33:03.713519+00:00	CONT-1001	Avocado	Bengaluru	Delhi	4.34	89.42	0.397	2143.96	High	Reroute	Critical
2026-07-11T14:33:03.714253+00:00	CONT-1002	Strawberry	Bengaluru	Delhi	11.73	94.18	0.576	2143.96	High	Reroute	Critical
2026-07-11T14:33:03.717779+00:00	CONT-1004	Mango	Bengaluru	Delhi	9.32	83.98	0.157	2146.98	High	Reroute	Critical
2026-07-11T14:33:04.718980+00:00	CONT-1000	Banana	Bengaluru	Delhi	12	86.42	0.081	2146.97	High	Reroute	Critical
2026-07-11T14:33:04.720776+00:00	CONT-1001	Avocado	Bengaluru	Delhi	4.39	89.25	0.413	2143.94	High	Reroute	Critical
2026-07-11T14:33:04.721379+00:00	CONT-1002	Strawberry	Bengaluru	Delhi	11.77	94.53	0.584	2143.94	High	Reroute	Critical
2026-07-11T14:33:04.721816+00:00	CONT-1003	Grapes	Bengaluru	Delhi	1.44	92.37	0.074	2143.94	Low	Continue	Normal
2026-07-11T14:33:05.723254+00:00	CONT-1000	Banana	Bengaluru	Delhi	12.04	86.77	0.077	2146.96	High	Reroute	Critical
2026-07-11T14:33:05.726611+00:00	CONT-1002	Strawberry	Bengaluru	Delhi	11.81	94.75	0.58	2143.92	High	Reroute	Critical
2026-07-11T14:33:05.727533+00:00	CONT-1003	Grapes	Bengaluru	Delhi	1.52	92.26	0.088	2143.92	Low	Continue	Normal
2026-07-11T14:33:06.731531+00:00	CONT-1001	Avocado	Bengaluru	Delhi	4.45	89.23	0.429	2143.9	High	Reroute	Critical
2026-07-11T14:33:07.740671+00:00	CONT-1003	Grapes	Bengaluru	Delhi	1.58	91.78	0.106	2143.88	Low	Continue	Normal
2026-07-11T14:33:09.752796+00:00	CONT-1002	Strawberry	Bengaluru	Delhi	11.96	94.41	0.6	2143.84	High	Reroute	Critical
2026-07-11T14:33:09.759744+00:00	CONT-1004	Mango	Bengaluru	Delhi	9.05	83.77	0.167	2146.92	High	Reroute	Critical
2026-07-11T14:33:10.763346+00:00	CONT-1000	Banana	Bengaluru	Delhi	12.1	87.37	0.092	2146.91	High	Reroute	Critical
2026-07-11T14:33:11.773362+00:00	CONT-1003	Grapes	Bengaluru	Delhi	1.62	91.72	0.09	2143.8	Low	Continue	Normal
2026-07-11T14:33:13.784778+00:00	CONT-1002	Strawberry	Bengaluru	Delhi	12.09	93.1	0.6	2143.76	High	Reroute	Critical
2026-07-11T14:33:13.786387+00:00	CONT-1003	Grapes	Bengaluru	Delhi	1.59	91.63	0.118	2143.76	Low	Continue	Normal
2026-07-11T14:33:14.788882+00:00	CONT-1000	Banana	Bengaluru	Delhi	12.17	87.28	0.103	2146.87	High	Reroute	Critical
2026-07-11T14:33:14.790951+00:00	CONT-1001	Avocado	Bengaluru	Delhi	4.4	87.72	0.467	2143.74	High	Reroute	Critical
2026-07-11T14:33:14.792025+00:00	CONT-1002	Strawberry	Bengaluru	Delhi	12.12	93.29	0.6	2143.74	High	Reroute	Critical
2026-07-11T14:33:14.792703+00:00	CONT-1003	Grapes	Bengaluru	Delhi	1.47	91.85	0.129	2143.74	Low	Continue	Normal
2026-07-11T14:33:15.795307+00:00	CONT-1000	Banana	Bengaluru	Delhi	12.11	87.04	0.115	2146.86	High	Reroute	Critical
2026-07-11T14:33:15.796153+00:00	CONT-1001	Avocado	Bengaluru	Delhi	4.31	87.99	0.453	2143.72	High	Reroute	Critical
2026-07-11T14:33:15.797922+00:00	CONT-1002	Strawberry	Bengaluru	Delhi	12.17	93.29	0.6	2143.72	High	Reroute	Critical
2026-07-11T14:33:15.798787+00:00	CONT-1004	Mango	Bengaluru	Delhi	9.25	82.79	0.127	2146.86	High	Reroute	Critical
2026-07-11T14:33:17.807181+00:00	CONT-1001	Avocado	Bengaluru	Delhi	4.14	87.75	0.445	2143.68	High	Reroute	Critical
2026-07-11T14:33:19.819656+00:00	CONT-1000	Banana	Bengaluru	Delhi	12.13	86.4	0.119	2146.82	High	Reroute	Critical
2026-07-11T14:33:19.822726+00:00	CONT-1002	Strawberry	Bengaluru	Delhi	12.31	94.14	0.586	2143.64	High	Reroute	Critical
2026-07-11T14:33:20.827030+00:00	CONT-1001	Avocado	Bengaluru	Delhi	4.17	87.18	0.426	2143.62	High	Reroute	Critical
2026-07-11T14:33:20.839432+00:00	CONT-1004	Mango	Bengaluru	Delhi	9.02	82.51	0.146	2146.81	High	Reroute	Critical
2026-07-11T14:33:21.842072+00:00	CONT-1001	Avocado	Bengaluru	Delhi	4.02	86.97	0.426	2143.6	High	Reroute	Critical
2026-07-11T14:33:23.853755+00:00	CONT-1000	Banana	Bengaluru	Delhi	12.13	86.84	0.077	2146.78	High	Reroute	Critical
2026-07-11T14:33:25.866957+00:00	CONT-1000	Banana	Bengaluru	Delhi	12.33	87.33	0.085	2146.76	High	Reroute	Critical
2026-07-11T14:33:27.880206+00:00	CONT-1000	Banana	Bengaluru	Delhi	12.3	86.9	0.086	2146.74	High	Reroute	Critical
2026-07-11T14:33:27.882574+00:00	CONT-1002	Strawberry	Bengaluru	Delhi	12.59	94.02	0.6	2143.48	High	Reroute	Critical
2026-07-11T14:33:27.883996+00:00	CONT-1003	Grapes	Bengaluru	Delhi	1.01	91.35	0.093	2143.48	Low	Continue	Normal
2026-07-11T14:33:27.884645+00:00	CONT-1004	Mango	Bengaluru	Delhi	9.3	82.8	0.156	2146.74	High	Reroute	Critical
2026-07-11T14:33:28.885615+00:00	CONT-1000	Banana	Bengaluru	Delhi	12.37	87.29	0.105	2146.73	High	Reroute	Critical
2026-07-11T14:33:28.887461+00:00	CONT-1001	Avocado	Bengaluru	Delhi	4.33	87.36	0.402	2143.46	High	Reroute	Critical
2026-07-11T14:33:28.888087+00:00	CONT-1002	Strawberry	Bengaluru	Delhi	12.62	94.07	0.597	2143.46	High	Reroute	Critical
2026-07-11T14:33:28.888628+00:00	CONT-1003	Grapes	Bengaluru	Delhi	1.13	91.07	0.082	2143.46	Low	Continue	Normal
2026-07-11T14:33:28.889176+00:00	CONT-1004	Mango	Bengaluru	Delhi	9.38	83.1	0.165	2146.73	High	Reroute	Critical
2026-07-11T14:33:29.892507+00:00	CONT-1002	Strawberry	Bengaluru	Delhi	12.67	94.45	0.596	2143.44	High	Reroute	Critical
2026-07-11T14:33:30.899127+00:00	CONT-1002	Strawberry	Bengaluru	Delhi	12.7	94.76	0.581	2143.42	High	Reroute	Critical
2026-07-11T14:33:30.899807+00:00	CONT-1003	Grapes	Bengaluru	Delhi	1.11	90.7	0.114	2143.42	Low	Continue	Normal
2026-07-11T14:33:30.901323+00:00	CONT-1004	Mango	Bengaluru	Delhi	9.19	82.79	0.18	2146.71	High	Reroute	Critical
2026-07-11T14:33:31.902806+00:00	CONT-1000	Banana	Bengaluru	Delhi	12.21	87.92	0.099	2146.7	High	Reroute	Critical
2026-07-11T14:33:31.906742+00:00	CONT-1003	Grapes	Bengaluru	Delhi	1.01	91.07	0.128	2143.4	Low	Continue	Normal
2026-07-11T14:33:31.908618+00:00	CONT-1004	Mango	Bengaluru	Delhi	9.3	82.5	0.168	2146.7	High	Reroute	Critical
2026-07-11T14:33:32.909719+00:00	CONT-1000	Banana	Bengaluru	Delhi	12.19	88.16	0.109	2146.69	High	Reroute	Critical
2026-07-11T14:33:33.919915+00:00	CONT-1001	Avocado	Bengaluru	Delhi	4.21	87.41	0.361	2143.36	High	Reroute	Critical
2026-07-11T14:33:33.921385+00:00	CONT-1002	Strawberry	Bengaluru	Delhi	12.8	94.68	0.584	2143.36	High	Reroute	Critical
2026-07-11T14:33:33.922339+00:00	CONT-1003	Grapes	Bengaluru	Delhi	1.28	91.38	0.126	2143.36	Low	Continue	Normal
2026-07-11T14:33:33.923227+00:00	CONT-1004	Mango	Bengaluru	Delhi	9.44	81.83	0.165	2146.68	High	Reroute	Critical
2026-07-11T14:33:34.927016+00:00	CONT-1002	Strawberry	Bengaluru	Delhi	12.85	94.79	0.595	2143.34	High	Reroute	Critical
2026-07-11T14:33:35.936473+00:00	CONT-1004	Mango	Bengaluru	Delhi	9.37	82.49	0.167	2146.66	High	Reroute	Critical
2026-07-11T14:33:37.944851+00:00	CONT-1000	Banana	Bengaluru	Delhi	12.21	88.66	0.089	2146.64	High	Reroute	Critical
2026-07-11T14:33:37.950640+00:00	CONT-1003	Grapes	Bengaluru	Delhi	1.29	91.04	0.133	2143.28	Low	Continue	Normal
2026-07-11T14:33:39.969769+00:00	CONT-1004	Mango	Bengaluru	Delhi	9.66	82.9	0.141	2146.62	High	Reroute	Critical
2026-07-11T14:33:40.971877+00:00	CONT-1000	Banana	Bengaluru	Delhi	12.23	89.27	0.12	2146.61	High	Reroute	Critical
2026-07-11T14:33:40.976850+00:00	CONT-1003	Grapes	Bengaluru	Delhi	1.4	91.08	0.115	2143.22	Low	Continue	Normal
2026-07-11T14:33:42.990188+00:00	CONT-1004	Mango	Bengaluru	Delhi	9.64	82.73	0.143	2146.59	High	Reroute	Critical
2026-07-11T14:33:43.992637+00:00	CONT-1000	Banana	Bengaluru	Delhi	12.27	88.96	0.161	2146.58	High	Reroute	Critical
2026-07-11T14:33:43.994589+00:00	CONT-1001	Avocado	Bengaluru	Delhi	4.22	88.06	0.351	2143.16	High	Reroute	Critical
2026-07-11T14:33:43.995190+00:00	CONT-1002	Strawberry	Bengaluru	Delhi	13.2	94.67	0.566	2143.16	High	Reroute	Critical
2026-07-11T14:33:43.995769+00:00	CONT-1003	Grapes	Bengaluru	Delhi	1.61	91.37	0.111	2143.16	Low	Continue	Normal
2026-07-11T14:33:46.002174+00:00	CONT-1000	Banana	Bengaluru	Delhi	12.27	88.89	0.189	2146.56	High	Reroute	Critical
2026-07-11T14:33:46.003069+00:00	CONT-1001	Avocado	Bengaluru	Delhi	4.34	87.7	0.344	2143.12	High	Reroute	Critical
2026-07-11T14:33:46.004627+00:00	CONT-1002	Strawberry	Bengaluru	Delhi	13.26	94.53	0.6	2143.12	High	Reroute	Critical
2026-07-11T14:33:46.005107+00:00	CONT-1003	Grapes	Bengaluru	Delhi	1.53	91.72	0.11	2143.12	Low	Continue	Normal
2026-07-11T14:33:46.005550+00:00	CONT-1004	Mango	Bengaluru	Delhi	9.69	82.14	0.137	2146.56	High	Reroute	Critical
2026-07-11T14:33:48.013594+00:00	CONT-1000	Banana	Bengaluru	Delhi	12.29	89.22	0.179	2146.54	High	Reroute	Critical
2026-07-11T14:33:48.017697+00:00	CONT-1002	Strawberry	Bengaluru	Delhi	13.36	94.48	0.591	2143.08	High	Reroute	Critical
2026-07-11T14:33:48.018928+00:00	CONT-1003	Grapes	Bengaluru	Delhi	1.62	92.43	0.122	2143.08	Low	Continue	Normal
2026-07-11T14:33:49.021371+00:00	CONT-1000	Banana	Bengaluru	Delhi	12.4	89.35	0.195	2146.53	High	Reroute	Critical
2026-07-11T14:33:49.022384+00:00	CONT-1001	Avocado	Bengaluru	Delhi	4.51	88.45	0.354	2143.06	High	Reroute	Critical
2026-07-11T14:33:49.028198+00:00	CONT-1003	Grapes	Bengaluru	Delhi	1.69	92.71	0.111	2143.06	Low	Continue	Normal
2026-07-11T14:33:49.031179+00:00	CONT-1004	Mango	Bengaluru	Delhi	9.55	81.51	0.103	2146.53	High	Reroute	Critical
2026-07-11T14:33:50.032573+00:00	CONT-1000	Banana	Bengaluru	Delhi	12.5	89.7	0.213	2146.52	High	Reroute	Critical
2026-07-11T14:33:50.035752+00:00	CONT-1002	Strawberry	Bengaluru	Delhi	13.42	94.56	0.59	2143.04	High	Reroute	Critical
2026-07-11T14:33:50.038410+00:00	CONT-1003	Grapes	Bengaluru	Delhi	1.55	92.67	0.11	2143.04	Low	Continue	Normal
2026-07-11T14:33:51.042243+00:00	CONT-1000	Banana	Bengaluru	Delhi	12.46	89.39	0.201	2146.51	High	Reroute	Critical
2026-07-11T14:33:52.048361+00:00	CONT-1000	Banana	Bengaluru	Delhi	12.32	89.18	0.196	2146.5	High	Reroute	Critical
2026-07-11T14:33:52.050352+00:00	CONT-1001	Avocado	Bengaluru	Delhi	4.38	87.75	0.342	2143	High	Reroute	Critical
2026-07-11T14:33:52.051039+00:00	CONT-1002	Strawberry	Bengaluru	Delhi	13.49	95	0.6	2143	High	Reroute	Critical
2026-07-11T14:33:54.062988+00:00	CONT-1000	Banana	Bengaluru	Delhi	12.33	89.15	0.199	2146.48	High	Reroute	Critical
2026-07-11T14:33:54.071117+00:00	CONT-1004	Mango	Bengaluru	Delhi	9.46	81.35	0.057	2146.48	High	Reroute	Critical
2026-07-11T14:33:55.074808+00:00	CONT-1001	Avocado	Bengaluru	Delhi	4.54	87.87	0.302	2142.94	High	Reroute	Critical
2026-07-11T14:33:55.076736+00:00	CONT-1002	Strawberry	Bengaluru	Delhi	13.61	95	0.6	2142.94	High	Reroute	Critical
2026-07-11T14:33:55.078339+00:00	CONT-1003	Grapes	Bengaluru	Delhi	1.45	93.75	0.107	2142.94	Low	Continue	Normal
2026-07-11T14:33:55.079772+00:00	CONT-1004	Mango	Bengaluru	Delhi	9.46	81.15	0.052	2146.47	High	Reroute	Critical
2026-07-11T14:33:56.086116+00:00	CONT-1003	Grapes	Bengaluru	Delhi	1.42	94	0.112	2142.92	Low	Continue	Normal
2026-07-11T14:33:57.092204+00:00	CONT-1001	Avocado	Bengaluru	Delhi	4.5	88.55	0.303	2142.9	High	Reroute	Critical
2026-07-11T14:33:59.110385+00:00	CONT-1002	Strawberry	Bengaluru	Delhi	13.76	94.57	0.582	2142.86	High	Reroute	Critical
2026-07-11T14:33:59.111242+00:00	CONT-1003	Grapes	Bengaluru	Delhi	1.39	93.41	0.119	2142.86	Low	Continue	Normal
2026-07-11T14:33:59.112991+00:00	CONT-1004	Mango	Bengaluru	Delhi	9.47	80.83	0.008	2146.43	High	Reroute	Critical
2026-07-11T14:34:00.114245+00:00	CONT-1000	Banana	Bengaluru	Delhi	12.24	88.95	0.199	2146.42	High	Reroute	Critical
2026-07-11T14:34:00.116463+00:00	CONT-1001	Avocado	Bengaluru	Delhi	4.12	87.72	0.327	2142.84	High	Reroute	Critical
2026-07-11T14:34:00.118094+00:00	CONT-1003	Grapes	Bengaluru	Delhi	1.27	93.05	0.124	2142.84	Low	Continue	Normal
2026-07-11T14:34:01.124945+00:00	CONT-1001	Avocado	Bengaluru	Delhi	4.07	87.69	0.322	2142.82	High	Reroute	Critical
2026-07-11T14:34:02.141814+00:00	CONT-1000	Banana	Bengaluru	Delhi	12.26	89.24	0.228	2146.4	High	Reroute	Critical
2026-07-11T14:34:02.142815+00:00	CONT-1001	Avocado	Bengaluru	Delhi	4.2	87.46	0.319	2142.8	High	Reroute	Critical
2026-07-11T14:34:02.144710+00:00	CONT-1002	Strawberry	Bengaluru	Delhi	13.86	93.68	0.6	2142.8	High	Reroute	Critical
2026-07-11T14:34:02.145071+00:00	CONT-1003	Grapes	Bengaluru	Delhi	1.27	92.64	0.099	2142.8	Low	Continue	Normal
2026-07-11T14:34:03.149470+00:00	CONT-1001	Avocado	Bengaluru	Delhi	4.26	87.47	0.299	2142.78	High	Reroute	Critical
2026-07-11T14:34:03.155301+00:00	CONT-1004	Mango	Bengaluru	Delhi	9.79	81.92	0.04	2146.39	High	Reroute	Critical
2026-07-11T14:34:05.163627+00:00	CONT-1000	Banana	Bengaluru	Delhi	12.16	89.64	0.219	2146.37	High	Reroute	Critical
2026-07-11T14:34:05.165206+00:00	CONT-1002	Strawberry	Bengaluru	Delhi	13.96	94.11	0.6	2142.74	High	Reroute	Critical
2026-07-11T14:34:05.165571+00:00	CONT-1003	Grapes	Bengaluru	Delhi	1.6	93.11	0.129	2142.74	Low	Continue	Normal
2026-07-11T14:34:06.170347+00:00	CONT-1003	Grapes	Bengaluru	Delhi	1.68	93.44	0.126	2142.72	Low	Continue	Normal
2026-07-11T14:34:06.172555+00:00	CONT-1004	Mango	Bengaluru	Delhi	9.68	82.06	0.023	2146.36	High	Reroute	Critical
2026-07-11T14:34:08.187503+00:00	CONT-1002	Strawberry	Bengaluru	Delhi	14.04	93.81	0.6	2142.68	High	Reroute	Critical
2026-07-11T14:34:09.200742+00:00	CONT-1004	Mango	Bengaluru	Delhi	9.82	82.22	0.018	2146.33	High	Reroute	Critical
2026-07-11T14:34:10.203043+00:00	CONT-1000	Banana	Bengaluru	Delhi	12.08	89.59	0.184	2146.32	High	Reroute	Critical
2026-07-11T14:34:12.219058+00:00	CONT-1002	Strawberry	Bengaluru	Delhi	14.17	94.17	0.6	2142.6	High	Reroute	Critical
2026-07-11T14:34:13.222067+00:00	CONT-1000	Banana	Bengaluru	Delhi	12	89.48	0.185	2146.29	High	Reroute	Critical
2026-07-11T14:34:13.228618+00:00	CONT-1004	Mango	Bengaluru	Delhi	9.59	81.93	0.02	2146.29	High	Reroute	Critical
2026-07-11T14:34:15.238850+00:00	CONT-1000	Banana	Bengaluru	Delhi	12	89.64	0.197	2146.27	High	Reroute	Critical
2026-07-11T14:34:15.246211+00:00	CONT-1003	Grapes	Bengaluru	Delhi	1.76	93.53	0.143	2142.54	Low	Continue	Normal
2026-07-11T14:34:16.259772+00:00	CONT-1004	Mango	Bengaluru	Delhi	9.58	81.56	0.035	2146.26	High	Reroute	Critical
2026-07-11T14:34:17.261034+00:00	CONT-1000	Banana	Bengaluru	Delhi	12	89.59	0.201	2146.25	High	Reroute	Critical
2026-07-11T14:34:18.272319+00:00	CONT-1004	Mango	Bengaluru	Delhi	9.53	81.48	0.04	2146.24	High	Reroute	Critical
2026-07-11T14:34:19.276358+00:00	CONT-1000	Banana	Bengaluru	Delhi	12.05	89.2	0.179	2146.23	High	Reroute	Critical
2026-07-11T14:34:19.280089+00:00	CONT-1003	Grapes	Bengaluru	Delhi	1.49	94.5	0.135	2142.46	Low	Continue	Normal
2026-07-11T14:34:20.285579+00:00	CONT-1002	Strawberry	Bengaluru	Delhi	14.48	93.83	0.6	2142.44	High	Reroute	Critical
2026-07-11T14:34:21.292622+00:00	CONT-1001	Avocado	Bengaluru	Delhi	4.28	88.08	0.283	2142.42	High	Reroute	Critical
2026-07-11T14:34:21.295030+00:00	CONT-1002	Strawberry	Bengaluru	Delhi	14.51	93.74	0.899	2142.42	High	Reroute	Critical
2026-07-11T14:34:21.296254+00:00	CONT-1004	Mango	Bengaluru	Delhi	9.52	81.77	0.054	2146.21	High	Reroute	Critical
2026-07-11T14:34:22.297157+00:00	CONT-1000	Banana	Bengaluru	Delhi	12.12	89.3	0.163	2146.2	High	Reroute	Critical
2026-07-11T14:34:22.302427+00:00	CONT-1003	Grapes	Bengaluru	Delhi	1.46	95	0.103	2142.4	Low	Continue	Normal
2026-07-11T14:34:23.304756+00:00	CONT-1000	Banana	Bengaluru	Delhi	12	89.39	0.169	2146.19	High	Reroute	Critical
2026-07-11T14:34:24.313192+00:00	CONT-1001	Avocado	Bengaluru	Delhi	4.41	88.15	0.257	2142.36	High	Reroute	Critical
2026-07-11T14:34:25.324243+00:00	CONT-1001	Avocado	Bengaluru	Delhi	4.34	88.23	0.264	2142.34	High	Reroute	Critical
2026-07-11T14:34:25.324863+00:00	CONT-1002	Strawberry	Bengaluru	Delhi	14.66	94.65	0.594	2142.34	High	Reroute	Critical
2026-07-11T14:34:27.340328+00:00	CONT-1001	Avocado	Bengaluru	Delhi	4.42	88.53	0.29	2142.3	High	Reroute	Critical
2026-07-11T14:34:27.342797+00:00	CONT-1002	Strawberry	Bengaluru	Delhi	14.74	94.78	0.595	2142.3	High	Reroute	Critical
2026-07-11T14:34:27.343596+00:00	CONT-1003	Grapes	Bengaluru	Delhi	1.72	94.56	0.119	2142.3	Low	Continue	Normal
2026-07-11T14:34:28.348464+00:00	CONT-1002	Strawberry	Bengaluru	Delhi	14.77	94.65	0.6	2142.28	High	Reroute	Critical
2026-07-11T14:34:29.357037+00:00	CONT-1002	Strawberry	Bengaluru	Delhi	14.8	94.36	0.6	2142.26	High	Reroute	Critical
2026-07-11T14:34:29.357980+00:00	CONT-1004	Mango	Bengaluru	Delhi	9.75	81.77	0.098	2146.13	High	Reroute	Critical
2026-07-11T14:34:30.359272+00:00	CONT-1000	Banana	Bengaluru	Delhi	12	88.38	0.212	2146.12	High	Reroute	Critical
2026-07-11T14:34:30.361363+00:00	CONT-1001	Avocado	Bengaluru	Delhi	4.46	88.17	0.293	2142.24	High	Reroute	Critical
2026-07-11T14:34:30.362041+00:00	CONT-1002	Strawberry	Bengaluru	Delhi	14.83	94.7	0.6	2142.24	High	Reroute	Critical
2026-07-11T14:34:30.362572+00:00	CONT-1003	Grapes	Bengaluru	Delhi	1.6	94.64	0.136	2142.24	Low	Continue	Normal
2026-07-11T14:34:31.368298+00:00	CONT-1001	Avocado	Bengaluru	Delhi	4.6	88.54	0.301	2142.22	High	Reroute	Critical
2026-07-11T14:34:31.374750+00:00	CONT-1003	Grapes	Bengaluru	Delhi	1.48	94.41	0.132	2142.22	Low	Continue	Normal
2026-07-11T14:34:33.382385+00:00	CONT-1000	Banana	Bengaluru	Delhi	12	88.34	0.225	2146.09	High	Reroute	Critical
2026-07-11T14:34:34.390844+00:00	CONT-1000	Banana	Bengaluru	Delhi	12	88.49	0.24	2146.08	High	Reroute	Critical
2026-07-11T14:34:34.395026+00:00	CONT-1002	Strawberry	Bengaluru	Delhi	14.97	94.64	0.6	2142.16	High	Reroute	Critical
2026-07-11T14:34:34.396051+00:00	CONT-1003	Grapes	Bengaluru	Delhi	1.37	94.41	0.092	2142.16	Low	Continue	Normal
2026-07-11T14:34:34.401608+00:00	CONT-1004	Mango	Bengaluru	Delhi	10	81.75	0.101	2146.08	High	Reroute	Critical
2026-07-11T14:34:36.410050+00:00	CONT-1000	Banana	Bengaluru	Delhi	12.09	88.54	0.249	2146.06	High	Reroute	Critical
2026-07-11T14:34:38.424586+00:00	CONT-1000	Banana	Bengaluru	Delhi	12	88.28	0.241	2146.04	High	Reroute	Critical
2026-07-11T14:34:38.425253+00:00	CONT-1001	Avocado	Bengaluru	Delhi	4.48	88.92	0.294	2142.08	High	Reroute	Critical
2026-07-11T14:34:42.457280+00:00	CONT-1000	Banana	Bengaluru	Delhi	12.1	87.67	0.248	2146	High	Reroute	Critical
2026-07-11T14:34:43.464183+00:00	CONT-1001	Avocado	Bengaluru	Delhi	4.81	88.86	0.261	2141.98	High	Reroute	Critical
2026-07-11T14:34:45.479999+00:00	CONT-1000	Banana	Bengaluru	Delhi	12.3	87.91	0.284	2145.97	High	Reroute	Critical
2026-07-11T14:34:45.482743+00:00	CONT-1001	Avocado	Bengaluru	Delhi	4.87	88.73	0.279	2141.94	High	Reroute	Critical
2026-07-11T14:34:45.483650+00:00	CONT-1002	Strawberry	Bengaluru	Delhi	15.34	94.78	0.578	2141.94	High	Reroute	Critical
2026-07-11T14:34:46.489417+00:00	CONT-1000	Banana	Bengaluru	Delhi	12.2	88.2	0.269	2145.96	High	Reroute	Critical
2026-07-11T14:34:46.493086+00:00	CONT-1002	Strawberry	Bengaluru	Delhi	15.39	94.88	0.573	2141.92	High	Reroute	Critical
2026-07-11T14:34:47.506761+00:00	CONT-1000	Banana	Bengaluru	Delhi	12.11	88.56	0.281	2145.95	High	Reroute	Critical
2026-07-11T14:34:48.518094+00:00	CONT-1003	Grapes	Bengaluru	Delhi	0.78	94.24	0.088	2141.88	Low	Continue	Normal
2026-07-11T14:34:49.525616+00:00	CONT-1002	Strawberry	Bengaluru	Delhi	15.48	94.94	0.555	2141.86	High	Reroute	Critical
2026-07-11T14:34:50.536618+00:00	CONT-1001	Avocado	Bengaluru	Delhi	4.86	89.13	0.305	2141.84	High	Reroute	Critical
2026-07-11T14:34:50.538833+00:00	CONT-1002	Strawberry	Bengaluru	Delhi	15.52	94.86	0.537	2141.84	High	Reroute	Critical
2026-07-11T14:34:50.539588+00:00	CONT-1003	Grapes	Bengaluru	Delhi	0.8	93.82	0.119	2141.84	Low	Continue	Normal
2026-07-11T14:34:50.540080+00:00	CONT-1004	Mango	Bengaluru	Delhi	10.29	81.69	0.053	2145.92	High	Reroute	Critical
2026-07-11T14:34:51.540996+00:00	CONT-1000	Banana	Bengaluru	Delhi	12.23	88.34	0.33	2145.91	High	Reroute	Critical
2026-07-11T14:34:51.542116+00:00	CONT-1001	Avocado	Bengaluru	Delhi	4.72	89.05	0.309	2141.82	High	Reroute	Critical
2026-07-11T14:34:51.543744+00:00	CONT-1002	Strawberry	Bengaluru	Delhi	15.57	95	0.536	2141.82	High	Reroute	Critical
2026-07-11T14:34:51.544857+00:00	CONT-1004	Mango	Bengaluru	Delhi	10.26	81.38	0.036	2145.91	High	Reroute	Critical
2026-07-11T14:34:52.546822+00:00	CONT-1000	Banana	Bengaluru	Delhi	12.29	88.56	0.345	2145.9	High	Reroute	Critical
2026-07-11T14:34:52.547897+00:00	CONT-1001	Avocado	Bengaluru	Delhi	4.65	89.15	0.299	2141.8	High	Reroute	Critical
2026-07-11T14:34:52.552912+00:00	CONT-1004	Mango	Bengaluru	Delhi	10.12	81.48	0.051	2145.9	High	Reroute	Critical
2026-07-11T14:34:53.558838+00:00	CONT-1002	Strawberry	Bengaluru	Delhi	15.64	94.53	0.521	2141.78	High	Reroute	Critical
2026-07-11T14:34:53.559293+00:00	CONT-1003	Grapes	Bengaluru	Delhi	1.06	94.04	0.124	2141.78	Low	Continue	Normal
2026-07-11T14:34:54.564893+00:00	CONT-1001	Avocado	Bengaluru	Delhi	4.57	88.79	0.312	2141.76	High	Reroute	Critical
2026-07-11T14:34:54.567485+00:00	CONT-1002	Strawberry	Bengaluru	Delhi	15.69	94.49	0.507	2141.76	High	Reroute	Critical
2026-07-11T14:34:54.568706+00:00	CONT-1003	Grapes	Bengaluru	Delhi	1.02	94.07	0.128	2141.76	Low	Continue	Normal
2026-07-11T14:34:54.569417+00:00	CONT-1004	Mango	Bengaluru	Delhi	10.33	81.31	0.046	2145.88	High	Reroute	Critical
2026-07-11T14:34:55.570949+00:00	CONT-1000	Banana	Bengaluru	Delhi	12.44	88.64	0.309	2145.87	High	Reroute	Critical
2026-07-11T14:34:55.574626+00:00	CONT-1002	Strawberry	Bengaluru	Delhi	15.72	94.17	0.502	2141.74	High	Reroute	Critical
2026-07-11T14:34:55.575235+00:00	CONT-1003	Grapes	Bengaluru	Delhi	1.09	93.75	0.124	2141.74	Low	Continue	Normal
2026-07-11T14:34:57.586448+00:00	CONT-1001	Avocado	Bengaluru	Delhi	4.44	88.62	0.313	2141.7	High	Reroute	Critical
2026-07-11T14:34:57.588347+00:00	CONT-1002	Strawberry	Bengaluru	Delhi	15.8	94.08	0.496	2141.7	High	Reroute	Critical
2026-07-11T14:34:57.588885+00:00	CONT-1003	Grapes	Bengaluru	Delhi	0.9	93.76	0.124	2141.7	Low	Continue	Normal
2026-07-11T14:34:57.589467+00:00	CONT-1004	Mango	Bengaluru	Delhi	10.52	81	0.019	2145.85	High	Reroute	Critical
2026-07-11T14:34:58.594673+00:00	CONT-1003	Grapes	Bengaluru	Delhi	1.04	94.06	0.139	2141.68	Low	Continue	Normal
2026-07-11T14:34:58.596413+00:00	CONT-1004	Mango	Bengaluru	Delhi	10.59	80.68	0.01	2145.84	High	Reroute	Critical
2026-07-11T14:35:00.604249+00:00	CONT-1000	Banana	Bengaluru	Delhi	12.05	89.25	0.309	2145.82	High	Reroute	Critical
2026-07-11T14:35:00.607043+00:00	CONT-1002	Strawberry	Bengaluru	Delhi	15.9	94.57	0.475	2141.64	High	Reroute	Critical
2026-07-11T14:35:01.612080+00:00	CONT-1001	Avocado	Bengaluru	Delhi	4.54	89.44	0.333	2141.62	High	Reroute	Critical
2026-07-11T14:35:02.618074+00:00	CONT-1000	Banana	Bengaluru	Delhi	12	89.07	0.309	2145.8	High	Reroute	Critical
2026-07-11T14:35:03.628441+00:00	CONT-1001	Avocado	Bengaluru	Delhi	4.48	89.77	0.338	2141.58	High	Reroute	Critical
2026-07-11T14:35:04.637722+00:00	CONT-1003	Grapes	Bengaluru	Delhi	1.45	94.83	0.122	2141.56	Low	Continue	Normal
2026-07-11T14:35:05.641583+00:00	CONT-1000	Banana	Bengaluru	Delhi	12.1	88.33	0.317	2145.77	High	Reroute	Critical
2026-07-11T14:35:05.643698+00:00	CONT-1001	Avocado	Bengaluru	Delhi	4.4	89.42	0.327	2141.54	High	Reroute	Critical
2026-07-11T14:35:05.644416+00:00	CONT-1002	Strawberry	Bengaluru	Delhi	16.04	95	0.592	2141.54	High	Reroute	Critical
2026-07-11T14:35:05.644907+00:00	CONT-1003	Grapes	Bengaluru	Delhi	1.57	94.65	0.105	2141.54	Low	Continue	Normal
2026-07-11T14:35:05.645428+00:00	CONT-1004	Mango	Bengaluru	Delhi	10.84	81.06	0	2145.77	High	Reroute	Critical
2026-07-11T14:35:06.648473+00:00	CONT-1001	Avocado	Bengaluru	Delhi	4.51	89.28	0.308	2141.52	High	Reroute	Critical
2026-07-11T14:35:06.652828+00:00	CONT-1003	Grapes	Bengaluru	Delhi	1.66	94.41	0.104	2141.52	Low	Continue	Normal
2026-07-11T14:35:07.658484+00:00	CONT-1000	Banana	Bengaluru	Delhi	12.09	88.48	0.305	2145.75	High	Reroute	Critical
2026-07-11T14:35:07.663031+00:00	CONT-1003	Grapes	Bengaluru	Delhi	1.57	94.49	0.086	2141.5	Low	Continue	Normal
2026-07-11T14:35:09.679808+00:00	CONT-1002	Strawberry	Bengaluru	Delhi	16.19	94.77	0.6	2141.46	High	Reroute	Critical
2026-07-11T14:35:10.683899+00:00	CONT-1000	Banana	Bengaluru	Delhi	12.39	88.6	0.277	2145.72	High	Reroute	Critical
2026-07-11T14:35:10.687630+00:00	CONT-1003	Grapes	Bengaluru	Delhi	1.32	94.55	0.108	2141.44	Low	Continue	Normal
2026-07-11T14:35:11.700457+00:00	CONT-1003	Grapes	Bengaluru	Delhi	1.21	94.39	0.092	2141.42	Low	Continue	Normal
2026-07-11T14:35:12.704042+00:00	CONT-1000	Banana	Bengaluru	Delhi	12.25	88.15	0.266	2145.7	High	Reroute	Critical
2026-07-11T14:35:12.704917+00:00	CONT-1001	Avocado	Bengaluru	Delhi	4.45	88.71	0.308	2141.4	High	Reroute	Critical
2026-07-11T14:35:12.706858+00:00	CONT-1002	Strawberry	Bengaluru	Delhi	16.29	94.25	0.577	2141.4	High	Reroute	Critical
2026-07-11T14:35:12.707313+00:00	CONT-1003	Grapes	Bengaluru	Delhi	1.28	94.46	0.072	2141.4	Low	Continue	Normal
2026-07-11T14:35:13.708828+00:00	CONT-1000	Banana	Bengaluru	Delhi	12.11	87.9	0.266	2145.69	High	Reroute	Critical
2026-07-11T14:35:13.709887+00:00	CONT-1001	Avocado	Bengaluru	Delhi	4.3	88.74	0.327	2141.38	High	Reroute	Critical
2026-07-11T14:35:13.713129+00:00	CONT-1003	Grapes	Bengaluru	Delhi	1.35	94.72	0.061	2141.38	Low	Continue	Normal
2026-07-11T14:35:13.713546+00:00	CONT-1004	Mango	Bengaluru	Delhi	10.9	80.5	0.008	2145.69	High	Reroute	Critical
2026-07-11T14:35:14.715142+00:00	CONT-1000	Banana	Bengaluru	Delhi	12.22	87.91	0.266	2145.68	High	Reroute	Critical
2026-07-11T14:35:15.724355+00:00	CONT-1001	Avocado	Bengaluru	Delhi	4.17	88.92	0.315	2141.34	High	Reroute	Critical
2026-07-11T14:35:15.726541+00:00	CONT-1002	Strawberry	Bengaluru	Delhi	16.42	94.78	0.568	2141.34	High	Reroute	Critical
2026-07-11T14:35:16.730670+00:00	CONT-1000	Banana	Bengaluru	Delhi	12.03	87.36	0.286	2145.66	High	Reroute	Critical
2026-07-11T14:35:16.731562+00:00	CONT-1001	Avocado	Bengaluru	Delhi	4.26	88.93	0.331	2141.32	High	Reroute	Critical
2026-07-11T14:35:17.741139+00:00	CONT-1000	Banana	Bengaluru	Delhi	12.1	87.48	0.298	2145.65	High	Reroute	Critical
2026-07-11T14:35:18.753675+00:00	CONT-1002	Strawberry	Bengaluru	Delhi	16.54	94.57	0.564	2141.28	High	Reroute	Critical
2026-07-11T14:35:19.759011+00:00	CONT-1001	Avocado	Bengaluru	Delhi	4.32	88.69	0.296	2141.26	High	Reroute	Critical
2026-07-11T14:35:19.763162+00:00	CONT-1004	Mango	Bengaluru	Delhi	11.22	81.19	0.023	2145.63	High	Reroute	Critical
2026-07-11T14:35:20.764765+00:00	CONT-1000	Banana	Bengaluru	Delhi	12.1	87.44	0.305	2145.62	High	Reroute	Critical
2026-07-11T14:35:21.780785+00:00	CONT-1004	Mango	Bengaluru	Delhi	10.97	81.46	0.019	2145.61	High	Reroute	Critical
2026-07-11T14:35:22.785642+00:00	CONT-1000	Banana	Bengaluru	Delhi	12.16	87.79	0.297	2145.6	High	Reroute	Critical
2026-07-11T14:35:23.791778+00:00	CONT-1000	Banana	Bengaluru	Delhi	12.14	88.15	0.285	2145.59	High	Reroute	Critical
2026-07-11T14:35:24.800781+00:00	CONT-1001	Avocado	Bengaluru	Delhi	4.44	88.55	0.309	2141.16	High	Reroute	Critical
2026-07-11T14:35:24.803957+00:00	CONT-1003	Grapes	Bengaluru	Delhi	1.35	95	0.083	2141.16	Low	Continue	Normal
2026-07-11T14:35:25.815130+00:00	CONT-1002	Strawberry	Bengaluru	Delhi	16.8	93.43	0.592	2141.14	High	Reroute	Critical
2026-07-11T14:35:25.816071+00:00	CONT-1003	Grapes	Bengaluru	Delhi	1.44	95	0.096	2141.14	Low	Continue	Normal
2026-07-11T14:35:26.820284+00:00	CONT-1001	Avocado	Bengaluru	Delhi	4.46	88.3	0.324	2141.12	High	Reroute	Critical
2026-07-11T14:35:26.822163+00:00	CONT-1002	Strawberry	Bengaluru	Delhi	16.83	93.21	0.581	2141.12	High	Reroute	Critical
2026-07-11T14:35:26.822676+00:00	CONT-1003	Grapes	Bengaluru	Delhi	1.33	95	0.082	2141.12	Low	Continue	Normal
2026-07-11T14:35:26.823448+00:00	CONT-1004	Mango	Bengaluru	Delhi	10.98	81.71	0	2145.56	Medium	Continue	Warning
2026-07-11T14:35:27.826979+00:00	CONT-1001	Avocado	Bengaluru	Delhi	4.44	88.44	0.325	2141.1	High	Reroute	Critical
2026-07-11T14:35:28.831543+00:00	CONT-1000	Banana	Bengaluru	Delhi	12	88.56	0.306	2145.54	High	Reroute	Critical
2026-07-11T14:35:28.836145+00:00	CONT-1002	Strawberry	Bengaluru	Delhi	16.9	92.89	0.573	2141.08	High	Reroute	Critical
2026-07-11T14:35:28.837842+00:00	CONT-1004	Mango	Bengaluru	Delhi	10.96	81.63	0.005	2145.54	Medium	Continue	Warning
2026-07-11T14:35:29.839349+00:00	CONT-1000	Banana	Bengaluru	Delhi	12.07	88.87	0.295	2145.53	High	Reroute	Critical
2026-07-11T14:35:29.847226+00:00	CONT-1003	Grapes	Bengaluru	Delhi	1.52	94.78	0.04	2141.06	Low	Continue	Normal
2026-07-11T14:35:30.850955+00:00	CONT-1000	Banana	Bengaluru	Delhi	12.19	88.96	0.285	2145.52	High	Reroute	Critical
2026-07-11T14:35:30.854431+00:00	CONT-1002	Strawberry	Bengaluru	Delhi	16.97	93.61	0.597	2141.04	High	Reroute	Critical
2026-07-11T14:35:30.855703+00:00	CONT-1004	Mango	Bengaluru	Delhi	10.97	81.99	0.013	2145.52	Medium	Continue	Warning
2026-07-11T14:35:33.873979+00:00	CONT-1003	Grapes	Bengaluru	Delhi	1.82	94.34	0.019	2140.98	Low	Continue	Normal
2026-07-11T14:35:34.881717+00:00	CONT-1001	Avocado	Bengaluru	Delhi	4.46	88.44	0.311	2140.96	High	Reroute	Critical
2026-07-11T14:35:35.891706+00:00	CONT-1001	Avocado	Bengaluru	Delhi	4.38	88.59	0.301	2140.94	High	Reroute	Critical
2026-07-11T14:35:35.894404+00:00	CONT-1003	Grapes	Bengaluru	Delhi	1.75	94.08	0.034	2140.94	Low	Continue	Normal
2026-07-11T14:35:35.895233+00:00	CONT-1004	Mango	Bengaluru	Delhi	10.97	81.28	0.023	2145.47	Medium	Continue	Warning
2026-07-11T14:35:36.898749+00:00	CONT-1002	Strawberry	Bengaluru	Delhi	17.2	93.59	0.591	2140.92	High	Reroute	Critical
2026-07-11T14:35:36.908120+00:00	CONT-1004	Mango	Bengaluru	Delhi	10.85	80.91	0.02	2145.46	Medium	Continue	Warning
2026-07-11T14:35:37.910072+00:00	CONT-1000	Banana	Bengaluru	Delhi	12.25	88.16	0.354	2145.45	High	Reroute	Critical
2026-07-11T14:35:37.913744+00:00	CONT-1003	Grapes	Bengaluru	Delhi	1.6	94.67	0.039	2140.9	Low	Continue	Normal
2026-07-11T14:35:37.915802+00:00	CONT-1004	Mango	Bengaluru	Delhi	10.72	80.59	0.021	2145.45	Medium	Continue	Warning
2026-07-11T14:35:38.920394+00:00	CONT-1002	Strawberry	Bengaluru	Delhi	17.3	92.86	0.565	2140.88	High	Reroute	Critical
2026-07-11T14:35:39.926205+00:00	CONT-1002	Strawberry	Bengaluru	Delhi	17.33	92.88	0.547	2140.86	High	Reroute	Critical
2026-07-11T14:35:39.928385+00:00	CONT-1003	Grapes	Bengaluru	Delhi	1.55	94.87	0.03	2140.86	Low	Continue	Normal
2026-07-11T14:35:41.940823+00:00	CONT-1000	Banana	Bengaluru	Delhi	12	88.08	0.367	2145.41	High	Reroute	Critical
2026-07-11T14:35:43.960559+00:00	CONT-1004	Mango	Bengaluru	Delhi	10.88	80.06	0.048	2145.39	Low	Continue	Normal
2026-07-11T14:35:44.964848+00:00	CONT-1001	Avocado	Bengaluru	Delhi	4.46	88.02	0.334	2140.76	High	Reroute	Critical
2026-07-11T14:35:44.968480+00:00	CONT-1003	Grapes	Bengaluru	Delhi	1.41	94.28	0.008	2140.76	Low	Continue	Normal
2026-07-11T14:35:45.975460+00:00	CONT-1003	Grapes	Bengaluru	Delhi	1.31	94.66	0.019	2140.74	Low	Continue	Normal
2026-07-11T14:35:45.977170+00:00	CONT-1004	Mango	Bengaluru	Delhi	10.82	79.8	0.035	2145.37	Low	Continue	Normal
2026-07-11T14:35:46.981792+00:00	CONT-1002	Strawberry	Bengaluru	Delhi	17.6	91.83	0.587	2140.72	High	Reroute	Critical
2026-07-11T14:35:47.985090+00:00	CONT-1000	Banana	Bengaluru	Delhi	12.17	88.55	0.416	2145.35	High	Reroute	Critical
2026-07-11T14:35:47.986000+00:00	CONT-1001	Avocado	Bengaluru	Delhi	4.39	88.39	0.356	2140.7	High	Reroute	Critical
2026-07-11T14:35:47.987516+00:00	CONT-1002	Strawberry	Bengaluru	Delhi	17.63	92.09	0.595	2140.7	High	Reroute	Critical
2026-07-11T14:35:47.987875+00:00	CONT-1003	Grapes	Bengaluru	Delhi	1.36	94.17	0.01	2140.7	Low	Continue	Normal
2026-07-11T14:35:48.989976+00:00	CONT-1000	Banana	Bengaluru	Delhi	12.11	88.78	0.401	2145.34	High	Reroute	Critical
2026-07-11T14:35:48.991758+00:00	CONT-1001	Avocado	Bengaluru	Delhi	4.45	88.78	0.372	2140.68	High	Reroute	Critical
2026-07-11T14:35:48.992474+00:00	CONT-1002	Strawberry	Bengaluru	Delhi	17.66	92	0.581	2140.68	High	Reroute	Critical
2026-07-11T14:35:51.003477+00:00	CONT-1002	Strawberry	Bengaluru	Delhi	17.72	92.03	0.598	2140.64	High	Reroute	Critical
2026-07-11T14:35:51.005961+00:00	CONT-1004	Mango	Bengaluru	Delhi	10.66	80.34	0.029	2145.32	Low	Continue	Normal
2026-07-11T14:35:52.008396+00:00	CONT-1000	Banana	Bengaluru	Delhi	12.22	88.57	0.402	2145.31	High	Reroute	Critical
2026-07-11T14:35:52.014247+00:00	CONT-1004	Mango	Bengaluru	Delhi	10.66	80.6	0.033	2145.31	Low	Continue	Normal
2026-07-11T14:35:53.018251+00:00	CONT-1000	Banana	Bengaluru	Delhi	12.3	88.36	0.4	2145.3	High	Reroute	Critical
2026-07-11T14:35:53.021559+00:00	CONT-1003	Grapes	Bengaluru	Delhi	1.49	94.7	0.015	2140.6	Low	Continue	Normal
2026-07-11T14:35:53.024224+00:00	CONT-1004	Mango	Bengaluru	Delhi	10.62	80.67	0.014	2145.3	Low	Continue	Normal
2026-07-11T14:35:54.026356+00:00	CONT-1000	Banana	Bengaluru	Delhi	12.3	88.24	0.383	2145.29	High	Reroute	Critical
2026-07-11T14:35:55.036013+00:00	CONT-1001	Avocado	Bengaluru	Delhi	4.29	89.19	0.427	2140.56	High	Reroute	Critical
2026-07-11T14:35:56.041256+00:00	CONT-1000	Banana	Bengaluru	Delhi	12.24	88.02	0.381	2145.27	High	Reroute	Critical
2026-07-11T14:35:56.042106+00:00	CONT-1001	Avocado	Bengaluru	Delhi	4.14	89.04	0.413	2140.54	High	Reroute	Critical
2026-07-11T14:35:56.045916+00:00	CONT-1004	Mango	Bengaluru	Delhi	10.54	80.91	0.016	2145.27	Low	Continue	Normal
2026-07-11T14:35:57.050761+00:00	CONT-1003	Grapes	Bengaluru	Delhi	1.63	94.76	0.027	2140.52	Low	Continue	Normal
2026-07-11T14:35:57.051216+00:00	CONT-1004	Mango	Bengaluru	Delhi	10.62	81.22	0.032	2145.26	Low	Continue	Normal
2026-07-11T14:36:00.068876+00:00	CONT-1001	Avocado	Bengaluru	Delhi	4.05	89.42	0.417	2140.46	High	Reroute	Critical
2026-07-11T14:36:00.072480+00:00	CONT-1004	Mango	Bengaluru	Delhi	10.45	81.09	0.057	2145.23	Low	Continue	Normal
2026-07-11T14:36:01.074056+00:00	CONT-1000	Banana	Bengaluru	Delhi	12.23	88.49	0.412	2145.22	High	Reroute	Critical
2026-07-11T14:36:01.077823+00:00	CONT-1003	Grapes	Bengaluru	Delhi	1.55	94.01	0	2140.44	Low	Continue	Normal
2026-07-11T14:36:02.080975+00:00	CONT-1000	Banana	Bengaluru	Delhi	12.12	88.19	0.4	2145.21	High	Reroute	Critical
2026-07-11T14:36:02.082753+00:00	CONT-1001	Avocado	Bengaluru	Delhi	4.25	89.18	0.434	2140.42	High	Reroute	Critical
2026-07-11T14:36:02.083831+00:00	CONT-1002	Strawberry	Bengaluru	Delhi	18.08	91.55	0.6	2140.42	High	Reroute	Critical
2026-07-11T14:36:02.084231+00:00	CONT-1003	Grapes	Bengaluru	Delhi	1.44	94.15	0.016	2140.42	Low	Continue	Normal
2026-07-11T14:36:02.084538+00:00	CONT-1004	Mango	Bengaluru	Delhi	10.38	81.24	0.059	2145.21	Low	Continue	Normal
2026-07-11T14:36:04.090389+00:00	CONT-1000	Banana	Bengaluru	Delhi	12.27	88.85	0.389	2145.19	High	Reroute	Critical
2026-07-11T14:36:04.092468+00:00	CONT-1001	Avocado	Bengaluru	Delhi	4.34	89	0.441	2140.38	High	Reroute	Critical
2026-07-11T14:36:04.093095+00:00	CONT-1002	Strawberry	Bengaluru	Delhi	18.17	91.7	0.586	2140.38	High	Reroute	Critical
2026-07-11T14:36:04.093555+00:00	CONT-1003	Grapes	Bengaluru	Delhi	1.61	94.12	0.027	2140.38	Low	Continue	Normal
2026-07-11T14:36:05.098793+00:00	CONT-1001	Avocado	Bengaluru	Delhi	4.31	88.77	0.431	2140.36	High	Reroute	Critical
2026-07-11T14:36:05.100506+00:00	CONT-1002	Strawberry	Bengaluru	Delhi	18.2	91.92	0.572	2140.36	High	Reroute	Critical
2026-07-11T14:36:05.102969+00:00	CONT-1004	Mango	Bengaluru	Delhi	10.48	80.69	0.088	2145.18	Low	Continue	Normal
2026-07-11T14:36:07.110803+00:00	CONT-1000	Banana	Bengaluru	Delhi	12.06	88.77	0.368	2145.16	High	Reroute	Critical
2026-07-11T14:36:07.112631+00:00	CONT-1001	Avocado	Bengaluru	Delhi	4.19	88.92	0.456	2140.32	High	Reroute	Critical
2026-07-11T14:36:07.115175+00:00	CONT-1003	Grapes	Bengaluru	Delhi	1.31	94.41	0.045	2140.32	Low	Continue	Normal
2026-07-11T14:36:07.116752+00:00	CONT-1004	Mango	Bengaluru	Delhi	10.32	80.95	0.077	2145.16	Low	Continue	Normal
2026-07-11T14:36:09.126978+00:00	CONT-1001	Avocado	Bengaluru	Delhi	4.19	88.88	0.458	2140.28	High	Reroute	Critical
2026-07-11T14:36:10.138601+00:00	CONT-1000	Banana	Bengaluru	Delhi	12.09	88.27	0.365	2145.13	High	Reroute	Critical
2026-07-11T14:36:10.139539+00:00	CONT-1001	Avocado	Bengaluru	Delhi	4.05	88.79	0.459	2140.26	High	Reroute	Critical
2026-07-11T14:36:10.141000+00:00	CONT-1002	Strawberry	Bengaluru	Delhi	18.4	92.28	0.558	2140.26	High	Reroute	Critical
2026-07-11T14:36:10.141891+00:00	CONT-1004	Mango	Bengaluru	Delhi	10.21	81.28	0.1	2145.13	Low	Continue	Normal
2026-07-11T14:36:11.146163+00:00	CONT-1002	Strawberry	Bengaluru	Delhi	18.44	92.43	0.57	2140.24	High	Reroute	Critical
2026-07-11T14:36:13.156352+00:00	CONT-1000	Banana	Bengaluru	Delhi	12	88.24	0.365	2145.1	High	Reroute	Critical
2026-07-11T14:36:13.158373+00:00	CONT-1001	Avocado	Bengaluru	Delhi	4.13	88.77	0.461	2140.2	High	Reroute	Critical
2026-07-11T14:36:13.159919+00:00	CONT-1003	Grapes	Bengaluru	Delhi	1.35	94.85	0.04	2140.2	Low	Continue	Normal
2026-07-11T14:36:14.166014+00:00	CONT-1003	Grapes	Bengaluru	Delhi	1.44	95	0.046	2140.18	Low	Continue	Normal
2026-07-11T14:36:14.167956+00:00	CONT-1004	Mango	Bengaluru	Delhi	10.38	81.55	0.048	2145.09	Low	Continue	Normal
2026-07-11T14:36:15.171860+00:00	CONT-1001	Avocado	Bengaluru	Delhi	4.09	88.84	0.442	2140.16	High	Reroute	Critical
2026-07-11T14:36:15.173940+00:00	CONT-1003	Grapes	Bengaluru	Delhi	1.38	95	0.028	2140.16	Low	Continue	Normal
2026-07-11T14:36:15.175353+00:00	CONT-1004	Mango	Bengaluru	Delhi	10.51	81.15	0.054	2145.08	Low	Continue	Normal
2026-07-11T14:36:16.176749+00:00	CONT-1000	Banana	Bengaluru	Delhi	12	88.37	0.374	2145.07	High	Reroute	Critical
2026-07-11T14:36:16.180414+00:00	CONT-1002	Strawberry	Bengaluru	Delhi	18.62	92.54	0.6	2140.14	High	Reroute	Critical
2026-07-11T14:36:16.181354+00:00	CONT-1003	Grapes	Bengaluru	Delhi	1.34	94.75	0.03	2140.14	Low	Continue	Normal
2026-07-11T14:36:17.183601+00:00	CONT-1000	Banana	Bengaluru	Delhi	12.06	88.14	0.369	2145.06	High	Reroute	Critical
2026-07-11T14:36:17.190225+00:00	CONT-1004	Mango	Bengaluru	Delhi	10.61	80.51	0.074	2145.06	Low	Continue	Normal
2026-07-11T14:36:18.194932+00:00	CONT-1004	Mango	Bengaluru	Delhi	10.55	80.39	0.072	2145.05	Low	Continue	Normal
2026-07-11T14:36:19.200918+00:00	CONT-1003	Grapes	Bengaluru	Delhi	1.41	94.56	0.001	2140.08	Low	Continue	Normal
2026-07-11T14:36:20.204464+00:00	CONT-1000	Banana	Bengaluru	Delhi	12.03	88.27	0.392	2145.03	High	Reroute	Critical
2026-07-11T14:36:20.206886+00:00	CONT-1002	Strawberry	Bengaluru	Delhi	18.76	93.32	0.6	2140.06	High	Reroute	Critical
2026-07-11T14:36:20.208365+00:00	CONT-1003	Grapes	Bengaluru	Delhi	1.53	94.56	0	2140.06	Low	Continue	Normal
2026-07-11T14:36:20.208780+00:00	CONT-1004	Mango	Bengaluru	Delhi	10.51	80.44	0.081	2145.03	Low	Continue	Normal
2026-07-11T14:36:21.210238+00:00	CONT-1000	Banana	Bengaluru	Delhi	12	88.11	0.41	2145.02	High	Reroute	Critical
2026-07-11T14:36:21.213680+00:00	CONT-1002	Strawberry	Bengaluru	Delhi	18.8	93.11	0.6	2140.04	High	Reroute	Critical
2026-07-11T14:36:21.214412+00:00	CONT-1003	Grapes	Bengaluru	Delhi	1.5	94.54	0.016	2140.04	Low	Continue	Normal
2026-07-11T14:36:21.214906+00:00	CONT-1004	Mango	Bengaluru	Delhi	10.53	80.19	0.1	2145.02	Low	Continue	Normal
2026-07-11T14:36:26.241404+00:00	CONT-1000	Banana	Bengaluru	Delhi	12.08	87.2	0.388	2144.97	High	Reroute	Critical
2026-07-11T14:36:26.243982+00:00	CONT-1002	Strawberry	Bengaluru	Delhi	19	92.33	0.596	2139.94	High	Reroute	Critical
2026-07-11T14:36:26.245184+00:00	CONT-1003	Grapes	Bengaluru	Delhi	1.42	94.52	0.043	2139.94	Low	Continue	Normal
2026-07-11T14:36:26.245828+00:00	CONT-1004	Mango	Bengaluru	Delhi	10.4	80.35	0.08	2144.97	Low	Continue	Normal
2026-07-11T14:36:27.248818+00:00	CONT-1001	Avocado	Bengaluru	Delhi	4.18	88.78	0.49	2139.92	High	Reroute	Critical
2026-07-11T14:36:27.254443+00:00	CONT-1003	Grapes	Bengaluru	Delhi	1.45	94.41	0.051	2139.92	Low	Continue	Normal
2026-07-11T14:36:28.257246+00:00	CONT-1000	Banana	Bengaluru	Delhi	12.14	86.61	0.357	2144.95	High	Reroute	Critical
2026-07-11T14:36:28.259699+00:00	CONT-1002	Strawberry	Bengaluru	Delhi	19.07	92.18	0.565	2139.9	High	Reroute	Critical
2026-07-11T14:36:28.260977+00:00	CONT-1003	Grapes	Bengaluru	Delhi	1.42	94.8	0.058	2139.9	Low	Continue	Normal
2026-07-11T14:36:29.266055+00:00	CONT-1001	Avocado	Bengaluru	Delhi	4.3	89	0.509	2139.88	High	Reroute	Critical
2026-07-11T14:36:30.273965+00:00	CONT-1001	Avocado	Bengaluru	Delhi	4.2	89.35	0.517	2139.86	High	Reroute	Critical
2026-07-11T14:36:31.281944+00:00	CONT-1002	Strawberry	Bengaluru	Delhi	19.19	92.66	0.577	2139.84	High	Reroute	Critical
2026-07-11T14:36:33.295280+00:00	CONT-1004	Mango	Bengaluru	Delhi	10.36	80.85	0.079	2144.9	Low	Continue	Normal
2026-07-11T14:36:34.300232+00:00	CONT-1002	Strawberry	Bengaluru	Delhi	19.32	93.2	0.543	2139.78	High	Reroute	Critical
2026-07-11T14:36:34.302603+00:00	CONT-1003	Grapes	Bengaluru	Delhi	1.37	94.37	0.029	2139.78	Low	Continue	Normal
2026-07-11T14:36:35.306141+00:00	CONT-1001	Avocado	Bengaluru	Delhi	4.3	89.11	0.546	2139.76	High	Reroute	Critical
2026-07-11T14:36:36.311616+00:00	CONT-1000	Banana	Bengaluru	Delhi	12.2	88.02	0.396	2144.87	High	Reroute	Critical
2026-07-11T14:36:37.322202+00:00	CONT-1002	Strawberry	Bengaluru	Delhi	19.41	93.51	0.55	2139.72	High	Reroute	Critical
2026-07-11T14:36:37.324988+00:00	CONT-1004	Mango	Bengaluru	Delhi	10.37	80.91	0.082	2144.86	Low	Continue	Normal
2026-07-11T14:36:38.331113+00:00	CONT-1002	Strawberry	Bengaluru	Delhi	19.45	93.58	0.568	2139.7	High	Reroute	Critical
2026-07-11T14:36:39.335919+00:00	CONT-1000	Banana	Bengaluru	Delhi	12.16	87.64	0.36	2144.84	High	Reroute	Critical
2026-07-11T14:36:39.338929+00:00	CONT-1002	Strawberry	Bengaluru	Delhi	19.48	93.83	0.557	2139.68	High	Reroute	Critical
2026-07-11T14:36:39.339642+00:00	CONT-1003	Grapes	Bengaluru	Delhi	1.23	94.64	0.02	2139.68	Low	Continue	Normal
2026-07-11T14:36:39.340055+00:00	CONT-1004	Mango	Bengaluru	Delhi	10.4	80.44	0.108	2144.84	Low	Continue	Normal
2026-07-11T14:36:40.341343+00:00	CONT-1000	Banana	Bengaluru	Delhi	12.12	87.99	0.38	2144.83	High	Reroute	Critical
2026-07-11T14:36:40.344556+00:00	CONT-1002	Strawberry	Bengaluru	Delhi	19.53	94.02	0.565	2139.66	High	Reroute	Critical
2026-07-11T14:36:40.345162+00:00	CONT-1003	Grapes	Bengaluru	Delhi	1.12	94.27	0.03	2139.66	Low	Continue	Normal
2026-07-11T14:36:40.345497+00:00	CONT-1004	Mango	Bengaluru	Delhi	10.3	80.28	0.114	2144.83	Low	Continue	Normal
2026-07-11T14:36:43.359266+00:00	CONT-1000	Banana	Bengaluru	Delhi	12.06	87.72	0.375	2144.8	High	Reroute	Critical
2026-07-11T14:36:43.360129+00:00	CONT-1001	Avocado	Bengaluru	Delhi	4.02	88.34	0.509	2139.6	High	Reroute	Critical
2026-07-11T14:36:43.364401+00:00	CONT-1004	Mango	Bengaluru	Delhi	10.16	80.23	0.118	2144.8	Low	Continue	Normal
2026-07-11T14:36:44.366440+00:00	CONT-1000	Banana	Bengaluru	Delhi	12.18	87.93	0.362	2144.79	High	Reroute	Critical
2026-07-11T14:36:44.369887+00:00	CONT-1002	Strawberry	Bengaluru	Delhi	19.7	93.29	1.071	2139.58	High	Reroute	Critical
2026-07-11T14:36:44.370694+00:00	CONT-1003	Grapes	Bengaluru	Delhi	0.9	94.23	0.013	2139.58	Low	Continue	Normal
2026-07-11T14:36:44.371411+00:00	CONT-1004	Mango	Bengaluru	Delhi	10.27	80.42	0.134	2144.79	Low	Continue	Normal
2026-07-11T14:36:45.372390+00:00	CONT-1000	Banana	Bengaluru	Delhi	12.08	87.7	0.375	2144.78	High	Reroute	Critical
2026-07-11T14:36:45.376274+00:00	CONT-1003	Grapes	Bengaluru	Delhi	0.87	93.91	0	2139.56	Low	Continue	Normal
2026-07-11T14:36:45.379493+00:00	CONT-1004	Mango	Bengaluru	Delhi	10.35	80.03	0.143	2144.78	Low	Continue	Normal
2026-07-11T14:36:46.381176+00:00	CONT-1000	Banana	Bengaluru	Delhi	12.15	87.8	0.371	2144.77	High	Reroute	Critical
2026-07-11T14:36:47.392167+00:00	CONT-1002	Strawberry	Bengaluru	Delhi	19.81	93.8	0.588	2139.52	High	Reroute	Critical
2026-07-11T14:36:48.396473+00:00	CONT-1000	Banana	Bengaluru	Delhi	12.07	88.46	0.355	2144.75	High	Reroute	Critical
2026-07-11T14:36:48.398158+00:00	CONT-1001	Avocado	Bengaluru	Delhi	4	88.78	0.479	2139.5	High	Reroute	Critical
2026-07-11T14:36:48.398756+00:00	CONT-1002	Strawberry	Bengaluru	Delhi	19.84	93.51	0.594	2139.5	High	Reroute	Critical
2026-07-11T14:36:50.408542+00:00	CONT-1000	Banana	Bengaluru	Delhi	12.14	89.06	0.361	2144.73	High	Reroute	Critical
2026-07-11T14:36:50.410568+00:00	CONT-1001	Avocado	Bengaluru	Delhi	4	88.96	0.484	2139.46	High	Reroute	Critical
2026-07-11T14:36:50.411179+00:00	CONT-1002	Strawberry	Bengaluru	Delhi	19.9	94.05	0.594	2139.46	High	Reroute	Critical
2026-07-11T14:36:50.412977+00:00	CONT-1004	Mango	Bengaluru	Delhi	10.28	79.28	0.155	2144.73	Low	Continue	Normal
2026-07-11T14:36:51.416492+00:00	CONT-1001	Avocado	Bengaluru	Delhi	4	88.66	0.493	2139.44	High	Reroute	Critical
2026-07-11T14:36:51.418813+00:00	CONT-1003	Grapes	Bengaluru	Delhi	0.62	93.29	0.006	2139.44	Low	Continue	Normal
2026-07-11T14:36:52.423727+00:00	CONT-1000	Banana	Bengaluru	Delhi	12.26	89.83	0.387	2144.71	High	Reroute	Critical
2026-07-11T14:36:52.428149+00:00	CONT-1003	Grapes	Bengaluru	Delhi	0.62	92.91	0	2139.42	Low	Continue	Normal
2026-07-11T14:36:53.433405+00:00	CONT-1002	Strawberry	Bengaluru	Delhi	19.99	94.05	1.137	2139.4	High	Reroute	Critical
2026-07-11T14:36:54.438454+00:00	CONT-1001	Avocado	Bengaluru	Delhi	4	88.59	0.474	2139.38	High	Reroute	Critical
2026-07-11T14:36:54.440117+00:00	CONT-1002	Strawberry	Bengaluru	Delhi	20.02	93.7	0.6	2139.38	High	Reroute	Critical
2026-07-11T14:36:54.441693+00:00	CONT-1003	Grapes	Bengaluru	Delhi	0.76	92.78	0	2139.38	Low	Continue	Normal
2026-07-11T14:36:54.442140+00:00	CONT-1004	Mango	Bengaluru	Delhi	10.57	78.66	0.153	2144.69	Low	Continue	Normal
2026-07-11T14:36:56.447860+00:00	CONT-1000	Banana	Bengaluru	Delhi	12.08	89.81	0.359	2144.67	High	Reroute	Critical
2026-07-11T14:36:58.470007+00:00	CONT-1002	Strawberry	Bengaluru	Delhi	20.17	93.28	0.548	2139.3	High	Reroute	Critical
2026-07-11T14:36:58.473071+00:00	CONT-1004	Mango	Bengaluru	Delhi	10.34	78.69	0.086	2144.65	Low	Continue	Normal
2026-07-11T14:36:59.511247+00:00	CONT-1002	Strawberry	Bengaluru	Delhi	20.2	93.37	0.54	2139.28	High	Reroute	Critical
2026-07-11T14:36:59.513473+00:00	CONT-1003	Grapes	Bengaluru	Delhi	0.48	92.61	0.008	2139.28	Low	Continue	Normal
2026-07-11T14:36:59.514920+00:00	CONT-1004	Mango	Bengaluru	Delhi	10.29	78.9	0.084	2144.64	Low	Continue	Normal
2026-07-11T14:37:00.521351+00:00	CONT-1004	Mango	Bengaluru	Delhi	10.29	78.75	0.087	2144.63	Low	Continue	Normal
2026-07-11T14:37:01.524864+00:00	CONT-1002	Strawberry	Bengaluru	Delhi	20.26	93.2	0.553	2139.24	High	Reroute	Critical
2026-07-11T14:37:01.527346+00:00	CONT-1003	Grapes	Bengaluru	Delhi	0.54	92.44	0.02	2139.24	Low	Continue	Normal
2026-07-11T14:37:02.531912+00:00	CONT-1001	Avocado	Bengaluru	Delhi	4.2	87.97	0.486	2139.22	High	Reroute	Critical
2026-07-11T14:37:03.536524+00:00	CONT-1000	Banana	Bengaluru	Delhi	12.4	88.93	0.387	2144.6	High	Reroute	Critical
2026-07-11T14:37:03.538872+00:00	CONT-1002	Strawberry	Bengaluru	Delhi	20.33	92.85	0.6	2139.2	High	Reroute	Critical
2026-07-11T14:37:04.544149+00:00	CONT-1000	Banana	Bengaluru	Delhi	12.37	88.7	0.404	2144.59	High	Reroute	Critical
2026-07-11T14:37:04.547789+00:00	CONT-1004	Mango	Bengaluru	Delhi	10.5	78.81	0.052	2144.59	Low	Continue	Normal
2026-07-11T14:37:05.551165+00:00	CONT-1001	Avocado	Bengaluru	Delhi	4.54	88.34	0.479	2139.16	High	Reroute	Critical
2026-07-11T14:37:06.559974+00:00	CONT-1002	Strawberry	Bengaluru	Delhi	20.44	93.09	0.578	2139.14	High	Reroute	Critical
2026-07-11T14:37:06.560571+00:00	CONT-1003	Grapes	Bengaluru	Delhi	0.64	92.73	0	2139.14	Low	Continue	Normal
2026-07-11T14:37:06.562542+00:00	CONT-1004	Mango	Bengaluru	Delhi	10.34	78.24	0.03	2144.57	Low	Continue	Normal
2026-07-11T14:37:07.564133+00:00	CONT-1000	Banana	Bengaluru	Delhi	12.42	89.04	0.401	2144.56	High	Reroute	Critical
2026-07-11T14:37:07.566149+00:00	CONT-1001	Avocado	Bengaluru	Delhi	4.54	88.45	0.504	2139.12	High	Reroute	Critical
2026-07-11T14:37:07.566770+00:00	CONT-1002	Strawberry	Bengaluru	Delhi	20.46	92.77	0.564	2139.12	High	Reroute	Critical
2026-07-11T14:37:07.567820+00:00	CONT-1004	Mango	Bengaluru	Delhi	10.21	77.86	0.031	2144.56	Low	Continue	Normal
2026-07-11T14:37:09.590048+00:00	CONT-1003	Grapes	Bengaluru	Delhi	0.39	93.16	0.019	2139.08	Low	Continue	Normal
2026-07-11T14:37:10.593614+00:00	CONT-1000	Banana	Bengaluru	Delhi	12.3	88.42	0.412	2144.53	High	Reroute	Critical
2026-07-11T14:37:12.609982+00:00	CONT-1002	Strawberry	Bengaluru	Delhi	20.66	92.61	0.558	2139.02	High	Reroute	Critical
2026-07-11T14:37:13.620944+00:00	CONT-1001	Avocado	Bengaluru	Delhi	4.61	87.52	0.53	2139	High	Reroute	Critical
2026-07-11T14:37:13.622146+00:00	CONT-1002	Strawberry	Bengaluru	Delhi	20.72	92.48	0.561	2139	High	Reroute	Critical
2026-07-11T14:37:13.623646+00:00	CONT-1004	Mango	Bengaluru	Delhi	9.89	77.29	0.061	2144.5	Low	Continue	Normal
2026-07-11T14:37:14.627013+00:00	CONT-1001	Avocado	Bengaluru	Delhi	4.64	87.35	0.541	2138.98	High	Reroute	Critical
2026-07-11T14:37:15.634071+00:00	CONT-1000	Banana	Bengaluru	Delhi	12.33	87.72	0.429	2144.48	High	Reroute	Critical
2026-07-11T14:37:15.636658+00:00	CONT-1002	Strawberry	Bengaluru	Delhi	20.79	92.09	0.529	2138.96	High	Reroute	Critical
2026-07-11T14:37:15.637990+00:00	CONT-1003	Grapes	Bengaluru	Delhi	0.01	93.77	0.056	2138.96	Low	Continue	Normal
2026-07-11T14:37:16.639739+00:00	CONT-1000	Banana	Bengaluru	Delhi	12.24	88.04	0.432	2144.47	High	Reroute	Critical
2026-07-11T14:37:16.641546+00:00	CONT-1001	Avocado	Bengaluru	Delhi	4.66	87.05	0.534	2138.94	High	Reroute	Critical
2026-07-11T14:37:16.642170+00:00	CONT-1002	Strawberry	Bengaluru	Delhi	20.82	91.73	0.546	2138.94	High	Reroute	Critical
2026-07-11T14:37:16.643956+00:00	CONT-1003	Grapes	Bengaluru	Delhi	-0.07	93.92	0.069	2138.94	Low	Continue	Normal
2026-07-11T14:37:17.649309+00:00	CONT-1002	Strawberry	Bengaluru	Delhi	20.85	91.86	0.544	2138.92	High	Reroute	Critical
2026-07-11T14:37:18.652996+00:00	CONT-1000	Banana	Bengaluru	Delhi	12.31	87.79	0.465	2144.45	High	Reroute	Critical
2026-07-11T14:37:18.655255+00:00	CONT-1002	Strawberry	Bengaluru	Delhi	20.87	91.54	0.548	2138.9	High	Reroute	Critical
2026-07-11T14:37:18.657738+00:00	CONT-1004	Mango	Bengaluru	Delhi	10.07	78.03	0.066	2144.45	Low	Continue	Normal
2026-07-11T14:37:19.661094+00:00	CONT-1000	Banana	Bengaluru	Delhi	12.3	87.71	0.479	2144.44	High	Reroute	Critical
2026-07-11T14:37:19.663636+00:00	CONT-1001	Avocado	Bengaluru	Delhi	4.7	87.03	0.55	2138.88	High	Reroute	Critical
2026-07-11T14:37:19.669123+00:00	CONT-1002	Strawberry	Bengaluru	Delhi	20.91	91.42	0.539	2138.88	High	Reroute	Critical
2026-07-11T14:37:19.671969+00:00	CONT-1003	Grapes	Bengaluru	Delhi	0.01	94.49	0.083	2138.88	Low	Continue	Normal
2026-07-11T14:37:19.674543+00:00	CONT-1004	Mango	Bengaluru	Delhi	10.12	78.11	0.065	2144.44	Low	Continue	Normal
2026-07-11T14:37:21.692973+00:00	CONT-1000	Banana	Bengaluru	Delhi	12.16	87.21	0.482	2144.42	High	Reroute	Critical
2026-07-11T14:37:21.696201+00:00	CONT-1002	Strawberry	Bengaluru	Delhi	20.96	91.06	0.533	2138.84	High	Reroute	Critical
2026-07-11T14:37:21.697023+00:00	CONT-1003	Grapes	Bengaluru	Delhi	-0.26	94.47	0.074	2138.84	Low	Continue	Normal
2026-07-11T14:37:22.699758+00:00	CONT-1001	Avocado	Bengaluru	Delhi	4.43	87.51	0.55	2138.82	High	Reroute	Critical
2026-07-11T14:37:22.703068+00:00	CONT-1003	Grapes	Bengaluru	Delhi	-0.4	94.48	0.07	2138.82	Low	Continue	Normal
2026-07-11T14:37:22.704473+00:00	CONT-1004	Mango	Bengaluru	Delhi	10.01	77.94	0.082	2144.41	Low	Continue	Normal
2026-07-11T14:37:24.715289+00:00	CONT-1004	Mango	Bengaluru	Delhi	10.21	78.4	0.075	2144.39	Low	Continue	Normal
2026-07-11T14:37:25.716854+00:00	CONT-1000	Banana	Bengaluru	Delhi	12.02	86.77	0.483	2144.38	High	Reroute	Critical
2026-07-11T14:37:26.724273+00:00	CONT-1000	Banana	Bengaluru	Delhi	12.13	86.85	0.483	2144.37	High	Reroute	Critical
2026-07-11T14:37:26.727521+00:00	CONT-1002	Strawberry	Bengaluru	Delhi	21.13	91.7	0.509	2138.74	High	Reroute	Critical
2026-07-11T14:37:26.731234+00:00	CONT-1004	Mango	Bengaluru	Delhi	10.16	78.39	0.089	2144.37	Low	Continue	Normal
2026-07-11T14:37:27.735850+00:00	CONT-1001	Avocado	Bengaluru	Delhi	4.64	88.02	0.548	2138.72	High	Reroute	Critical
2026-07-11T14:37:27.739056+00:00	CONT-1004	Mango	Bengaluru	Delhi	10.01	78.24	0.102	2144.36	Low	Continue	Normal
2026-07-11T14:37:31.758525+00:00	CONT-1000	Banana	Bengaluru	Delhi	12.27	86.89	0.488	2144.32	High	Reroute	Critical
2026-07-11T14:37:31.759472+00:00	CONT-1001	Avocado	Bengaluru	Delhi	4.42	88.25	0.509	2138.64	High	Reroute	Critical
2026-07-11T14:37:31.761249+00:00	CONT-1002	Strawberry	Bengaluru	Delhi	21.3	91.33	0.529	2138.64	High	Reroute	Critical
2026-07-11T14:37:31.762420+00:00	CONT-1004	Mango	Bengaluru	Delhi	10.21	77.62	0.126	2144.32	Low	Continue	Normal
2026-07-11T14:37:32.765026+00:00	CONT-1001	Avocado	Bengaluru	Delhi	4.3	88.05	0.514	2138.62	High	Reroute	Critical
2026-07-11T14:37:34.777258+00:00	CONT-1000	Banana	Bengaluru	Delhi	12.14	86.92	0.48	2144.29	High	Reroute	Critical
2026-07-11T14:37:34.781204+00:00	CONT-1002	Strawberry	Bengaluru	Delhi	21.41	90.6	0.6	2138.58	High	Reroute	Critical
2026-07-11T14:37:34.783639+00:00	CONT-1004	Mango	Bengaluru	Delhi	10.28	77.42	0.126	2144.29	Low	Continue	Normal
2026-07-11T14:37:35.787898+00:00	CONT-1002	Strawberry	Bengaluru	Delhi	21.43	90.5	0.6	2138.56	High	Reroute	Critical
2026-07-11T14:37:35.789910+00:00	CONT-1003	Grapes	Bengaluru	Delhi	0.1	93.29	0.051	2138.56	Low	Continue	Normal
2026-07-11T14:37:35.790797+00:00	CONT-1004	Mango	Bengaluru	Delhi	10.31	77.48	0.136	2144.28	Low	Continue	Normal
2026-07-11T14:37:36.793405+00:00	CONT-1001	Avocado	Bengaluru	Delhi	4.44	87.61	0.549	2138.54	High	Reroute	Critical
2026-07-11T14:37:36.797052+00:00	CONT-1004	Mango	Bengaluru	Delhi	10.26	77.69	0.138	2144.27	Low	Continue	Normal
2026-07-11T14:37:37.801399+00:00	CONT-1001	Avocado	Bengaluru	Delhi	4.47	87.59	0.549	2138.52	High	Reroute	Critical
2026-07-11T14:37:37.805170+00:00	CONT-1003	Grapes	Bengaluru	Delhi	0.07	93.3	0.051	2138.52	Low	Continue	Normal
2026-07-11T14:37:38.808126+00:00	CONT-1001	Avocado	Bengaluru	Delhi	4.61	87.97	0.532	2138.5	High	Reroute	Critical
2026-07-11T14:37:38.810232+00:00	CONT-1002	Strawberry	Bengaluru	Delhi	21.55	90.29	0.6	2138.5	High	Reroute	Critical
2026-07-11T14:37:38.810767+00:00	CONT-1003	Grapes	Bengaluru	Delhi	0.19	93.01	0.054	2138.5	Low	Continue	Normal
2026-07-11T14:37:38.811202+00:00	CONT-1004	Mango	Bengaluru	Delhi	10.45	78.4	0.162	2144.25	Low	Continue	Normal
2026-07-11T14:37:39.812728+00:00	CONT-1000	Banana	Bengaluru	Delhi	12.33	87.69	0.467	2144.24	High	Reroute	Critical
2026-07-11T14:37:40.819845+00:00	CONT-1001	Avocado	Bengaluru	Delhi	4.83	88	0.537	2138.46	High	Reroute	Critical
2026-07-11T14:37:42.833661+00:00	CONT-1002	Strawberry	Bengaluru	Delhi	21.71	90.64	0.584	2138.42	High	Reroute	Critical
2026-07-11T14:37:43.838972+00:00	CONT-1000	Banana	Bengaluru	Delhi	12.54	88.06	0.491	2144.2	High	Reroute	Critical
2026-07-11T14:37:43.840506+00:00	CONT-1001	Avocado	Bengaluru	Delhi	4.98	88.63	0.526	2138.4	High	Reroute	Critical
2026-07-11T14:37:43.841121+00:00	CONT-1002	Strawberry	Bengaluru	Delhi	21.74	90.72	0.598	2138.4	High	Reroute	Critical
2026-07-11T14:37:43.844034+00:00	CONT-1004	Mango	Bengaluru	Delhi	10.09	78.42	0.186	2144.2	Low	Continue	Normal
2026-07-11T14:37:44.847819+00:00	CONT-1001	Avocado	Bengaluru	Delhi	5.09	88.35	0.545	2138.38	High	Reroute	Critical
2026-07-11T14:37:45.859268+00:00	CONT-1004	Mango	Bengaluru	Delhi	9.99	78.47	0.178	2144.18	Low	Continue	Normal
2026-07-11T14:37:47.867324+00:00	CONT-1000	Banana	Bengaluru	Delhi	12.6	88.92	0.529	2144.16	High	Reroute	Critical
2026-07-11T14:37:47.871887+00:00	CONT-1003	Grapes	Bengaluru	Delhi	0.23	95	0.067	2138.32	Low	Continue	Normal
2026-07-11T14:37:48.879646+00:00	CONT-1001	Avocado	Bengaluru	Delhi	5.02	89.23	0.547	2138.3	High	Reroute	Critical
2026-07-11T14:37:48.882126+00:00	CONT-1003	Grapes	Bengaluru	Delhi	0.22	95	0.08	2138.3	Low	Continue	Normal
2026-07-11T14:37:49.890083+00:00	CONT-1001	Avocado	Bengaluru	Delhi	4.93	89.42	0.546	2138.28	High	Reroute	Critical
2026-07-11T14:37:49.895619+00:00	CONT-1004	Mango	Bengaluru	Delhi	10.04	77.97	0.186	2144.14	Low	Continue	Normal
2026-07-11T14:37:50.898069+00:00	CONT-1001	Avocado	Bengaluru	Delhi	4.81	89.21	0.566	2138.26	High	Reroute	Critical
2026-07-11T14:37:51.905111+00:00	CONT-1001	Avocado	Bengaluru	Delhi	4.67	89.49	0.579	2138.24	High	Reroute	Critical
2026-07-11T14:37:52.915203+00:00	CONT-1001	Avocado	Bengaluru	Delhi	4.74	89.33	0.577	2138.22	High	Reroute	Critical
2026-07-11T14:37:53.926396+00:00	CONT-1003	Grapes	Bengaluru	Delhi	0.27	95	0.078	2138.2	Low	Continue	Normal
2026-07-11T14:37:53.927175+00:00	CONT-1004	Mango	Bengaluru	Delhi	10.24	77.31	0.147	2144.1	Low	Continue	Normal
2026-07-11T14:37:54.930787+00:00	CONT-1000	Banana	Bengaluru	Delhi	12.7	89.16	0.524	2144.09	High	Reroute	Critical
2026-07-11T14:37:54.934109+00:00	CONT-1002	Strawberry	Bengaluru	Delhi	22.14	91.34	0.563	2138.18	High	Reroute	Critical
2026-07-11T14:37:54.934923+00:00	CONT-1003	Grapes	Bengaluru	Delhi	0.31	94.94	0.062	2138.18	Low	Continue	Normal
2026-07-11T14:37:56.947517+00:00	CONT-1000	Banana	Bengaluru	Delhi	12.73	89.52	0.521	2144.07	High	Reroute	Critical
2026-07-11T14:37:56.949553+00:00	CONT-1001	Avocado	Bengaluru	Delhi	5.05	89.13	0.584	2138.14	High	Reroute	Critical
2026-07-11T14:37:56.950337+00:00	CONT-1002	Strawberry	Bengaluru	Delhi	22.22	91.27	0.585	2138.14	High	Reroute	Critical
2026-07-11T14:37:57.955886+00:00	CONT-1001	Avocado	Bengaluru	Delhi	5.15	89.31	0.593	2138.12	High	Reroute	Critical
2026-07-11T14:37:57.959882+00:00	CONT-1003	Grapes	Bengaluru	Delhi	0.37	94.68	0.056	2138.12	Low	Continue	Normal
2026-07-11T14:37:57.960692+00:00	CONT-1004	Mango	Bengaluru	Delhi	10.46	76.94	0.147	2144.06	Low	Continue	Normal
2026-07-11T14:37:58.962086+00:00	CONT-1000	Banana	Bengaluru	Delhi	12.66	89.07	0.492	2144.05	High	Reroute	Critical
2026-07-11T14:37:59.968854+00:00	CONT-1000	Banana	Bengaluru	Delhi	12.73	88.79	0.502	2144.04	High	Reroute	Critical
2026-07-11T14:37:59.970834+00:00	CONT-1001	Avocado	Bengaluru	Delhi	4.9	89.65	0.6	2138.08	High	Reroute	Critical
2026-07-11T14:37:59.973639+00:00	CONT-1003	Grapes	Bengaluru	Delhi	0.25	94.67	0.04	2138.08	Low	Continue	Normal
2026-07-11T14:37:59.974220+00:00	CONT-1004	Mango	Bengaluru	Delhi	10.32	77.33	0.134	2144.04	Low	Continue	Normal
2026-07-11T14:38:00.977449+00:00	CONT-1001	Avocado	Bengaluru	Delhi	4.99	89.87	0.6	2138.06	High	Reroute	Critical
2026-07-11T14:38:00.978073+00:00	CONT-1002	Strawberry	Bengaluru	Delhi	22.38	91.54	1.172	2138.06	High	Reroute	Critical
2026-07-11T14:38:00.979647+00:00	CONT-1003	Grapes	Bengaluru	Delhi	0.35	94.4	0.021	2138.06	Low	Continue	Normal
2026-07-11T14:38:01.985104+00:00	CONT-1003	Grapes	Bengaluru	Delhi	0.28	94.5	0.029	2138.04	Low	Continue	Normal
2026-07-11T14:38:02.990701+00:00	CONT-1000	Banana	Bengaluru	Delhi	12.55	88.57	0.519	2144.01	High	Reroute	Critical
2026-07-11T14:38:02.991490+00:00	CONT-1001	Avocado	Bengaluru	Delhi	5.15	90.23	0.6	2138.02	High	Reroute	Critical
2026-07-11T14:38:02.993409+00:00	CONT-1002	Strawberry	Bengaluru	Delhi	22.46	91.58	0.6	2138.02	High	Reroute	Critical
2026-07-11T14:38:02.993963+00:00	CONT-1003	Grapes	Bengaluru	Delhi	0.17	94.71	0.02	2138.02	Low	Continue	Normal
2026-07-11T14:38:02.995519+00:00	CONT-1004	Mango	Bengaluru	Delhi	10.53	77.97	0.111	2144.01	Low	Continue	Normal
2026-07-11T14:38:05.005404+00:00	CONT-1000	Banana	Bengaluru	Delhi	12.63	88.6	0.534	2143.99	High	Reroute	Critical
2026-07-11T14:38:05.009630+00:00	CONT-1001	Avocado	Bengaluru	Delhi	4.97	90.15	0.6	2137.98	High	Reroute	Critical
2026-07-11T14:38:05.010635+00:00	CONT-1002	Strawberry	Bengaluru	Delhi	22.52	91.39	0.6	2137.98	High	Reroute	Critical
2026-07-11T14:38:05.011357+00:00	CONT-1003	Grapes	Bengaluru	Delhi	0.36	94.56	0.034	2137.98	Low	Continue	Normal
2026-07-11T14:38:05.011664+00:00	CONT-1004	Mango	Bengaluru	Delhi	10.58	78.03	0.085	2143.99	Low	Continue	Normal
2026-07-11T14:38:06.016907+00:00	CONT-1004	Mango	Bengaluru	Delhi	10.55	77.7	0.104	2143.98	Low	Continue	Normal
2026-07-11T14:38:07.024618+00:00	CONT-1003	Grapes	Bengaluru	Delhi	0.33	94.81	0.015	2137.94	Low	Continue	Normal
2026-07-11T14:38:07.026600+00:00	CONT-1004	Mango	Bengaluru	Delhi	10.57	77.79	0.123	2143.97	Low	Continue	Normal
2026-07-11T14:38:10.052124+00:00	CONT-1001	Avocado	Bengaluru	Delhi	4.59	89.94	0.591	2137.88	High	Reroute	Critical
2026-07-11T14:38:10.052771+00:00	CONT-1002	Strawberry	Bengaluru	Delhi	22.7	91.86	0.597	2137.88	High	Reroute	Critical
2026-07-11T14:38:10.060059+00:00	CONT-1004	Mango	Bengaluru	Delhi	10.68	77.87	0.112	2143.94	Low	Continue	Normal
2026-07-11T14:38:11.062500+00:00	CONT-1000	Banana	Bengaluru	Delhi	12.24	88.47	0.531	2143.93	High	Reroute	Critical
2026-07-11T14:38:11.064255+00:00	CONT-1001	Avocado	Bengaluru	Delhi	4.57	90.2	0.584	2137.86	High	Reroute	Critical
2026-07-11T14:38:11.067606+00:00	CONT-1004	Mango	Bengaluru	Delhi	10.74	78.03	0.128	2143.93	Low	Continue	Normal
2026-07-11T14:38:12.069416+00:00	CONT-1000	Banana	Bengaluru	Delhi	12.31	88.43	0.544	2143.92	High	Reroute	Critical
2026-07-11T14:38:12.071433+00:00	CONT-1001	Avocado	Bengaluru	Delhi	4.63	89.87	0.567	2137.84	High	Reroute	Critical
2026-07-11T14:38:13.075624+00:00	CONT-1000	Banana	Bengaluru	Delhi	12.27	88.11	0.54	2143.91	High	Reroute	Critical
2026-07-11T14:38:13.079215+00:00	CONT-1002	Strawberry	Bengaluru	Delhi	22.78	91.89	0.6	2137.82	High	Reroute	Critical
2026-07-11T14:38:14.081733+00:00	CONT-1000	Banana	Bengaluru	Delhi	12.14	88.45	0.529	2143.9	High	Reroute	Critical
2026-07-11T14:38:14.084008+00:00	CONT-1001	Avocado	Bengaluru	Delhi	4.56	89.94	0.56	2137.8	High	Reroute	Critical
2026-07-11T14:38:14.084852+00:00	CONT-1002	Strawberry	Bengaluru	Delhi	22.81	92.08	0.591	2137.8	High	Reroute	Critical
2026-07-11T14:38:14.085208+00:00	CONT-1003	Grapes	Bengaluru	Delhi	-0.2	94.15	0	2137.8	Low	Continue	Normal
2026-07-11T14:38:15.087970+00:00	CONT-1000	Banana	Bengaluru	Delhi	12	88.69	0.524	2143.89	High	Reroute	Critical
2026-07-11T14:38:15.093473+00:00	CONT-1003	Grapes	Bengaluru	Delhi	-0.19	93.91	0	2137.78	Low	Continue	Normal
2026-07-11T14:38:16.097012+00:00	CONT-1000	Banana	Bengaluru	Delhi	12.02	88.9	0.511	2143.88	High	Reroute	Critical
2026-07-11T14:38:16.100672+00:00	CONT-1003	Grapes	Bengaluru	Delhi	-0.24	93.54	0	2137.76	Low	Continue	Normal
2026-07-11T14:38:16.101361+00:00	CONT-1004	Mango	Bengaluru	Delhi	11.02	78.68	0.128	2143.88	Low	Continue	Normal
2026-07-11T14:38:17.102871+00:00	CONT-1000	Banana	Bengaluru	Delhi	12	89.05	0.508	2143.87	High	Reroute	Critical
2026-07-11T14:38:17.105168+00:00	CONT-1002	Strawberry	Bengaluru	Delhi	22.89	91.92	0.6	2137.74	High	Reroute	Critical
2026-07-11T14:38:17.105580+00:00	CONT-1003	Grapes	Bengaluru	Delhi	-0.37	93.3	0	2137.74	Low	Continue	Normal
2026-07-11T14:38:17.105914+00:00	CONT-1004	Mango	Bengaluru	Delhi	10.89	78.67	0.129	2143.87	Low	Continue	Normal
2026-07-11T14:38:19.114477+00:00	CONT-1001	Avocado	Bengaluru	Delhi	4.28	90.09	0.529	2137.7	High	Reroute	Critical
2026-07-11T14:38:20.122604+00:00	CONT-1003	Grapes	Bengaluru	Delhi	-0.4	93.49	0.033	2137.68	Low	Continue	Normal
2026-07-11T14:38:21.126160+00:00	CONT-1000	Banana	Bengaluru	Delhi	12.03	88.6	0.458	2143.83	High	Reroute	Critical
2026-07-11T14:38:21.127889+00:00	CONT-1001	Avocado	Bengaluru	Delhi	4.15	90.48	0.525	2137.66	High	Reroute	Critical
2026-07-11T14:38:21.128518+00:00	CONT-1002	Strawberry	Bengaluru	Delhi	23.03	92.03	0.575	2137.66	High	Reroute	Critical
2026-07-11T14:38:23.144549+00:00	CONT-1002	Strawberry	Bengaluru	Delhi	23.11	92.09	0.563	2137.62	High	Reroute	Critical
2026-07-11T14:38:23.145912+00:00	CONT-1003	Grapes	Bengaluru	Delhi	-0.37	92.79	0.014	2137.62	Low	Continue	Normal
2026-07-11T14:38:23.146532+00:00	CONT-1004	Mango	Bengaluru	Delhi	10.77	78.65	0.071	2143.81	Low	Continue	Normal
2026-07-11T14:38:25.155087+00:00	CONT-1001	Avocado	Bengaluru	Delhi	4.09	90.44	0.561	2137.58	High	Reroute	Critical
2026-07-11T14:38:25.160872+00:00	CONT-1003	Grapes	Bengaluru	Delhi	-0.36	92.79	0.02	2137.58	Low	Continue	Normal
2026-07-11T14:38:26.166026+00:00	CONT-1001	Avocado	Bengaluru	Delhi	4	90.1	0.562	2137.56	High	Reroute	Critical
2026-07-11T14:38:26.168739+00:00	CONT-1003	Grapes	Bengaluru	Delhi	-0.36	92.42	0.036	2137.56	Low	Continue	Normal
2026-07-11T14:38:26.170637+00:00	CONT-1004	Mango	Bengaluru	Delhi	10.88	78.28	0.08	2143.78	Low	Continue	Normal
2026-07-11T14:38:27.174745+00:00	CONT-1001	Avocado	Bengaluru	Delhi	4.04	90.4	0.56	2137.54	High	Reroute	Critical
2026-07-11T14:38:28.182410+00:00	CONT-1001	Avocado	Bengaluru	Delhi	4.05	90.42	0.541	2137.52	High	Reroute	Critical
2026-07-11T14:38:28.183139+00:00	CONT-1002	Strawberry	Bengaluru	Delhi	23.28	91.88	0.582	2137.52	High	Reroute	Critical
2026-07-11T14:38:28.183523+00:00	CONT-1003	Grapes	Bengaluru	Delhi	-0.33	92.34	0.043	2137.52	Medium	Continue	Warning
2026-07-11T14:38:29.189406+00:00	CONT-1001	Avocado	Bengaluru	Delhi	4.16	90.26	0.556	2137.5	High	Reroute	Critical
2026-07-11T14:38:29.193104+00:00	CONT-1002	Strawberry	Bengaluru	Delhi	23.33	91.88	0.594	2137.5	High	Reroute	Critical
2026-07-11T14:38:29.196837+00:00	CONT-1003	Grapes	Bengaluru	Delhi	-0.42	92.5	0.027	2137.5	Medium	Continue	Warning
2026-07-11T14:38:29.198622+00:00	CONT-1004	Mango	Bengaluru	Delhi	11.02	78.64	0.091	2143.75	Low	Continue	Normal
2026-07-11T14:38:30.202496+00:00	CONT-1001	Avocado	Bengaluru	Delhi	4.24	90.33	0.558	2137.48	High	Reroute	Critical
2026-07-11T14:38:31.213828+00:00	CONT-1000	Banana	Bengaluru	Delhi	12.53	89.15	0.42	2143.73	High	Reroute	Critical
2026-07-11T14:38:32.219671+00:00	CONT-1001	Avocado	Bengaluru	Delhi	4.39	90.87	0.537	2137.44	High	Reroute	Critical
2026-07-11T14:38:32.223085+00:00	CONT-1003	Grapes	Bengaluru	Delhi	-0.16	91.73	0.052	2137.44	Medium	Continue	Warning
2026-07-11T14:38:33.225446+00:00	CONT-1000	Banana	Bengaluru	Delhi	12.44	89.76	0.427	2143.71	High	Reroute	Critical
2026-07-11T14:38:37.256089+00:00	CONT-1000	Banana	Bengaluru	Delhi	12.76	89.42	0.452	2143.67	High	Reroute	Critical
2026-07-11T14:38:37.257724+00:00	CONT-1001	Avocado	Bengaluru	Delhi	4.39	90.3	0.543	2137.34	High	Reroute	Critical
2026-07-11T14:38:37.258634+00:00	CONT-1002	Strawberry	Bengaluru	Delhi	23.62	91.45	0.593	2137.34	High	Reroute	Critical
2026-07-11T14:38:38.264333+00:00	CONT-1000	Banana	Bengaluru	Delhi	12.76	89.07	0.465	2143.66	High	Reroute	Critical
2026-07-11T14:38:38.265006+00:00	CONT-1001	Avocado	Bengaluru	Delhi	4.41	90.6	0.543	2137.32	High	Reroute	Critical
2026-07-11T14:38:38.269840+00:00	CONT-1004	Mango	Bengaluru	Delhi	10.33	79.04	0.117	2143.66	Low	Continue	Normal
2026-07-11T14:38:39.271241+00:00	CONT-1000	Banana	Bengaluru	Delhi	12.7	89.37	0.472	2143.65	High	Reroute	Critical
2026-07-11T14:38:39.274655+00:00	CONT-1002	Strawberry	Bengaluru	Delhi	23.71	91.48	0.595	2137.3	High	Reroute	Critical
2026-07-11T14:38:39.282949+00:00	CONT-1004	Mango	Bengaluru	Delhi	10.36	79.2	0.107	2143.65	Low	Continue	Normal
2026-07-11T14:38:43.351781+00:00	CONT-1003	Grapes	Bengaluru	Delhi	-0.38	91.66	0.065	2137.22	Medium	Continue	Warning
2026-07-11T14:38:44.354587+00:00	CONT-1000	Banana	Bengaluru	Delhi	12.91	89.28	0.487	2143.6	High	Reroute	Critical
2026-07-11T14:38:45.364860+00:00	CONT-1002	Strawberry	Bengaluru	Delhi	23.95	91.57	0.544	2137.18	High	Reroute	Critical
2026-07-11T14:38:46.370984+00:00	CONT-1001	Avocado	Bengaluru	Delhi	4.44	90.31	0.59	2137.16	High	Reroute	Critical
2026-07-11T14:38:46.374416+00:00	CONT-1004	Mango	Bengaluru	Delhi	10.6	79.34	0.123	2143.58	Low	Continue	Normal
2026-07-11T14:38:47.376426+00:00	CONT-1000	Banana	Bengaluru	Delhi	12.89	89.68	0.464	2143.57	High	Reroute	Critical
2026-07-11T14:38:47.378506+00:00	CONT-1002	Strawberry	Bengaluru	Delhi	24.05	91.15	0.541	2137.14	High	Reroute	Critical
2026-07-11T14:38:48.389392+00:00	CONT-1002	Strawberry	Bengaluru	Delhi	24.1	91.21	0.546	2137.12	High	Reroute	Critical
2026-07-11T14:38:50.404777+00:00	CONT-1004	Mango	Bengaluru	Delhi	10.65	79.41	0.155	2143.54	Low	Continue	Normal
2026-07-11T14:38:51.408771+00:00	CONT-1001	Avocado	Bengaluru	Delhi	4.37	90.48	0.578	2137.06	High	Reroute	Critical
2026-07-11T14:38:52.418267+00:00	CONT-1004	Mango	Bengaluru	Delhi	10.56	79.63	0.156	2143.52	Low	Continue	Normal
2026-07-11T14:38:54.425612+00:00	CONT-1000	Banana	Bengaluru	Delhi	13.1	90.01	0.43	2143.5	High	Reroute	Critical
2026-07-11T14:38:54.427769+00:00	CONT-1002	Strawberry	Bengaluru	Delhi	24.34	91.4	0.543	2137	High	Reroute	Critical
2026-07-11T14:38:56.439710+00:00	CONT-1001	Avocado	Bengaluru	Delhi	4.84	91.13	0.565	2136.96	High	Reroute	Critical
2026-07-11T14:38:56.440281+00:00	CONT-1002	Strawberry	Bengaluru	Delhi	24.42	91.26	0.547	2136.96	High	Reroute	Critical
2026-07-11T14:38:57.448665+00:00	CONT-1003	Grapes	Bengaluru	Delhi	-0.16	91.78	0.056	2136.94	Medium	Continue	Warning
2026-07-11T14:38:57.449270+00:00	CONT-1004	Mango	Bengaluru	Delhi	10.87	79.94	0.172	2143.47	Low	Continue	Normal
2026-07-11T14:38:59.455380+00:00	CONT-1000	Banana	Bengaluru	Delhi	13.31	89.81	0.493	2143.45	High	Reroute	Critical
2026-07-11T14:38:59.459033+00:00	CONT-1003	Grapes	Bengaluru	Delhi	-0.1	91.46	0.075	2136.9	High	Reroute	Critical
2026-07-11T14:39:00.460963+00:00	CONT-1000	Banana	Bengaluru	Delhi	13.33	89.53	0.491	2143.44	High	Reroute	Critical
2026-07-11T14:39:00.463658+00:00	CONT-1002	Strawberry	Bengaluru	Delhi	24.57	91.15	0.552	2136.88	High	Reroute	Critical
2026-07-11T14:39:01.468536+00:00	CONT-1000	Banana	Bengaluru	Delhi	13.43	89.64	0.483	2143.43	High	Reroute	Critical
2026-07-11T14:39:01.472947+00:00	CONT-1003	Grapes	Bengaluru	Delhi	0.08	91.21	0.078	2136.86	Medium	Continue	Warning
2026-07-11T14:39:02.477014+00:00	CONT-1001	Avocado	Bengaluru	Delhi	5.38	91.88	0.6	2136.84	High	Reroute	Critical
2026-07-11T14:39:02.478677+00:00	CONT-1002	Strawberry	Bengaluru	Delhi	24.64	90.85	0.552	2136.84	High	Reroute	Critical
2026-07-11T14:39:03.484372+00:00	CONT-1002	Strawberry	Bengaluru	Delhi	24.69	91.14	1.273	2136.82	High	Reroute	Critical
2026-07-11T14:39:03.485110+00:00	CONT-1003	Grapes	Bengaluru	Delhi	0.11	90.98	0.069	2136.82	Medium	Continue	Warning
2026-07-11T14:39:04.488502+00:00	CONT-1000	Banana	Bengaluru	Delhi	13.35	89.83	0.5	2143.4	High	Reroute	Critical
2026-07-11T14:39:04.489160+00:00	CONT-1001	Avocado	Bengaluru	Delhi	5.58	92.36	0.595	2136.8	High	Reroute	Critical
2026-07-11T14:39:04.492213+00:00	CONT-1003	Grapes	Bengaluru	Delhi	0.03	90.66	0.085	2136.8	Medium	Continue	Warning
2026-07-11T14:39:04.492994+00:00	CONT-1004	Mango	Bengaluru	Delhi	10.68	79.78	0.141	2143.4	Low	Continue	Normal
2026-07-11T14:39:05.497468+00:00	CONT-1003	Grapes	Bengaluru	Delhi	-0.09	90.93	0.1	2136.78	Medium	Continue	Warning
2026-07-11T14:39:06.500945+00:00	CONT-1001	Avocado	Bengaluru	Delhi	5.57	93.09	0.599	2136.76	High	Reroute	Critical
2026-07-11T14:39:06.503349+00:00	CONT-1003	Grapes	Bengaluru	Delhi	-0.04	90.58	0.096	2136.76	Medium	Continue	Warning
2026-07-11T14:39:06.504799+00:00	CONT-1004	Mango	Bengaluru	Delhi	10.74	79.72	0.18	2143.38	Low	Continue	Normal
2026-07-11T14:39:07.528147+00:00	CONT-1004	Mango	Bengaluru	Delhi	10.82	79.48	0.186	2143.37	Low	Continue	Normal
2026-07-11T14:39:09.533689+00:00	CONT-1000	Banana	Bengaluru	Delhi	13.07	89.64	0.469	2143.35	High	Reroute	Critical
2026-07-11T14:39:09.535639+00:00	CONT-1001	Avocado	Bengaluru	Delhi	5.79	92.78	0.583	2136.7	High	Reroute	Critical
2026-07-11T14:39:09.536735+00:00	CONT-1002	Strawberry	Bengaluru	Delhi	24.94	91.98	0.559	2136.7	High	Reroute	Critical
2026-07-11T14:39:10.544480+00:00	CONT-1001	Avocado	Bengaluru	Delhi	5.65	92.78	0.596	2136.68	High	Reroute	Critical
2026-07-11T14:39:10.547886+00:00	CONT-1004	Mango	Bengaluru	Delhi	10.49	80.01	0.199	2143.34	Low	Continue	Normal
2026-07-11T14:39:11.552154+00:00	CONT-1002	Strawberry	Bengaluru	Delhi	25	91.71	0.559	2136.66	High	Reroute	Critical
2026-07-11T14:39:12.559161+00:00	CONT-1003	Grapes	Bengaluru	Delhi	0.14	90.16	0.059	2136.64	Medium	Continue	Warning
2026-07-11T14:39:13.563755+00:00	CONT-1000	Banana	Bengaluru	Delhi	13.34	88.69	0.457	2143.31	High	Reroute	Critical
2026-07-11T14:39:13.565460+00:00	CONT-1001	Avocado	Bengaluru	Delhi	5.84	92.44	0.59	2136.62	High	Reroute	Critical
2026-07-11T14:39:13.569125+00:00	CONT-1004	Mango	Bengaluru	Delhi	10.8	80.15	0.208	2143.31	Low	Continue	Normal
2026-07-11T14:39:15.578853+00:00	CONT-1002	Strawberry	Bengaluru	Delhi	25.13	91.41	0.545	2136.58	High	Reroute	Critical
2026-07-11T14:39:16.586590+00:00	CONT-1001	Avocado	Bengaluru	Delhi	6.05	92.13	0.571	2136.56	High	Reroute	Critical
2026-07-11T14:39:16.587743+00:00	CONT-1002	Strawberry	Bengaluru	Delhi	25.16	91.45	0.528	2136.56	High	Reroute	Critical
2026-07-11T14:39:16.594122+00:00	CONT-1004	Mango	Bengaluru	Delhi	10.64	80.19	0.24	2143.28	Low	Continue	Normal
2026-07-11T14:39:17.596582+00:00	CONT-1001	Avocado	Bengaluru	Delhi	6.05	92.38	0.567	2136.54	High	Reroute	Critical
2026-07-11T14:39:17.599569+00:00	CONT-1003	Grapes	Bengaluru	Delhi	0.5	90.7	0.054	2136.54	Medium	Continue	Warning
2026-07-11T14:39:17.600453+00:00	CONT-1004	Mango	Bengaluru	Delhi	10.75	79.89	0.231	2143.27	Low	Continue	Normal
2026-07-11T14:39:21.624640+00:00	CONT-1001	Avocado	Bengaluru	Delhi	6.27	92.2	0.573	2136.46	High	Reroute	Critical
2026-07-11T14:39:21.626662+00:00	CONT-1002	Strawberry	Bengaluru	Delhi	25.36	91.84	0.6	2136.46	High	Reroute	Critical
2026-07-11T14:39:22.631859+00:00	CONT-1000	Banana	Bengaluru	Delhi	13.29	89.15	0.45	2143.22	High	Reroute	Critical
2026-07-11T14:39:22.634187+00:00	CONT-1001	Avocado	Bengaluru	Delhi	6.2	92.08	0.557	2136.44	High	Reroute	Critical
2026-07-11T14:39:22.635422+00:00	CONT-1003	Grapes	Bengaluru	Delhi	0.67	90.43	0.064	2136.44	Low	Continue	Normal
2026-07-11T14:39:22.637050+00:00	CONT-1004	Mango	Bengaluru	Delhi	10.88	80.62	0.208	2143.22	Low	Continue	Normal
2026-07-11T14:39:23.638410+00:00	CONT-1000	Banana	Bengaluru	Delhi	13.31	89.17	0.458	2143.21	High	Reroute	Critical
2026-07-11T14:39:25.655969+00:00	CONT-1002	Strawberry	Bengaluru	Delhi	25.48	92.08	0.586	2136.38	High	Reroute	Critical
2026-07-11T14:39:26.661759+00:00	CONT-1000	Banana	Bengaluru	Delhi	13.6	89.31	0.505	2143.18	High	Reroute	Critical
2026-07-11T14:39:26.663967+00:00	CONT-1001	Avocado	Bengaluru	Delhi	6.07	92.35	0.543	2136.36	High	Reroute	Critical
2026-07-11T14:39:26.666356+00:00	CONT-1003	Grapes	Bengaluru	Delhi	0.91	90.32	0.053	2136.36	Low	Continue	Normal
2026-07-11T14:39:27.672450+00:00	CONT-1001	Avocado	Bengaluru	Delhi	6.11	92.1	0.547	2136.34	High	Reroute	Critical
2026-07-11T14:39:29.690102+00:00	CONT-1000	Banana	Bengaluru	Delhi	13.7	88.97	0.544	2143.15	High	Reroute	Critical
2026-07-11T14:39:29.693500+00:00	CONT-1001	Avocado	Bengaluru	Delhi	6.27	92.44	0.559	2136.3	High	Reroute	Critical
2026-07-11T14:39:29.694573+00:00	CONT-1002	Strawberry	Bengaluru	Delhi	25.64	91.25	0.575	2136.3	High	Reroute	Critical
2026-07-11T14:39:29.695224+00:00	CONT-1003	Grapes	Bengaluru	Delhi	0.69	90.53	0.071	2136.3	Low	Continue	Normal
2026-07-11T14:39:30.697512+00:00	CONT-1000	Banana	Bengaluru	Delhi	13.72	88.8	0.552	2143.14	High	Reroute	Critical
2026-07-11T14:39:30.698952+00:00	CONT-1001	Avocado	Bengaluru	Delhi	6.14	92.26	0.576	2136.28	High	Reroute	Critical
2026-07-11T14:39:30.699726+00:00	CONT-1002	Strawberry	Bengaluru	Delhi	25.67	91.52	0.587	2136.28	High	Reroute	Critical
2026-07-11T14:39:30.700270+00:00	CONT-1003	Grapes	Bengaluru	Delhi	0.82	90.4	0.082	2136.28	Low	Continue	Normal
2026-07-11T14:39:31.701601+00:00	CONT-1000	Banana	Bengaluru	Delhi	13.74	88.87	0.545	2143.13	High	Reroute	Critical
2026-07-11T14:39:31.703225+00:00	CONT-1001	Avocado	Bengaluru	Delhi	6.02	91.87	0.558	2136.26	High	Reroute	Critical
2026-07-11T14:39:31.706241+00:00	CONT-1003	Grapes	Bengaluru	Delhi	0.95	90.38	0.084	2136.26	Low	Continue	Normal
2026-07-11T14:39:31.709330+00:00	CONT-1004	Mango	Bengaluru	Delhi	10.32	80.65	0.213	2143.13	Low	Continue	Normal
2026-07-11T14:39:32.712952+00:00	CONT-1001	Avocado	Bengaluru	Delhi	6.11	92	0.576	2136.24	High	Reroute	Critical
2026-07-11T14:39:33.719728+00:00	CONT-1002	Strawberry	Bengaluru	Delhi	25.78	92.31	0.569	2136.22	High	Reroute	Critical
2026-07-11T14:39:34.724427+00:00	CONT-1000	Banana	Bengaluru	Delhi	13.68	88.69	0.547	2143.1	High	Reroute	Critical
2026-07-11T14:39:35.732992+00:00	CONT-1001	Avocado	Bengaluru	Delhi	5.82	91.14	0.567	2136.18	High	Reroute	Critical
2026-07-11T14:39:35.733596+00:00	CONT-1002	Strawberry	Bengaluru	Delhi	25.85	92.08	0.569	2136.18	High	Reroute	Critical
2026-07-11T14:39:35.734918+00:00	CONT-1003	Grapes	Bengaluru	Delhi	0.67	90.22	0.076	2136.18	Low	Continue	Normal
2026-07-11T14:39:35.735226+00:00	CONT-1004	Mango	Bengaluru	Delhi	10.1	80.28	0.25	2143.09	Low	Continue	Normal
2026-07-11T14:39:36.743997+00:00	CONT-1002	Strawberry	Bengaluru	Delhi	25.88	92.29	0.571	2136.16	High	Reroute	Critical
2026-07-11T14:39:36.746349+00:00	CONT-1003	Grapes	Bengaluru	Delhi	0.61	90.23	0.08	2136.16	Low	Continue	Normal
2026-07-11T14:39:36.748008+00:00	CONT-1004	Mango	Bengaluru	Delhi	10.22	80.04	0.268	2143.08	Low	Continue	Normal
2026-07-11T14:39:38.754848+00:00	CONT-1001	Avocado	Bengaluru	Delhi	5.68	91.46	0.575	2136.12	High	Reroute	Critical
2026-07-11T14:39:39.765371+00:00	CONT-1000	Banana	Bengaluru	Delhi	13.73	88.23	0.566	2143.05	High	Reroute	Critical
2026-07-11T14:39:39.768205+00:00	CONT-1002	Strawberry	Bengaluru	Delhi	26	92.63	0.585	2136.1	High	Reroute	Critical
2026-07-11T14:39:39.770816+00:00	CONT-1004	Mango	Bengaluru	Delhi	9.99	80.13	0.276	2143.05	Low	Continue	Normal
2026-07-11T14:39:40.772223+00:00	CONT-1000	Banana	Bengaluru	Delhi	13.62	88.16	0.549	2143.04	High	Reroute	Critical
2026-07-11T14:39:40.776651+00:00	CONT-1003	Grapes	Bengaluru	Delhi	0.75	89.66	0.069	2136.08	Low	Continue	Normal
2026-07-11T14:39:41.780855+00:00	CONT-1000	Banana	Bengaluru	Delhi	13.73	88.52	0.531	2143.03	High	Reroute	Critical
2026-07-11T14:39:42.785978+00:00	CONT-1000	Banana	Bengaluru	Delhi	13.68	88.17	0.523	2143.02	High	Reroute	Critical
2026-07-11T14:39:42.786655+00:00	CONT-1001	Avocado	Bengaluru	Delhi	5.82	91.77	0.567	2136.04	High	Reroute	Critical
2026-07-11T14:39:43.798077+00:00	CONT-1000	Banana	Bengaluru	Delhi	13.63	88.15	0.524	2143.01	High	Reroute	Critical
2026-07-11T14:39:43.799370+00:00	CONT-1001	Avocado	Bengaluru	Delhi	5.76	92.11	0.562	2136.02	High	Reroute	Critical
2026-07-11T14:39:43.800147+00:00	CONT-1002	Strawberry	Bengaluru	Delhi	26.15	92.55	0.6	2136.02	High	Reroute	Critical
2026-07-11T14:39:43.800813+00:00	CONT-1003	Grapes	Bengaluru	Delhi	0.66	90.02	0.058	2136.02	Low	Continue	Normal
2026-07-11T14:39:43.801247+00:00	CONT-1004	Mango	Bengaluru	Delhi	10.49	80.9	0.269	2143.01	Low	Continue	Normal
2026-07-11T14:39:44.810410+00:00	CONT-1003	Grapes	Bengaluru	Delhi	0.8	89.79	0.076	2136	Low	Continue	Normal
2026-07-11T14:39:46.816936+00:00	CONT-1000	Banana	Bengaluru	Delhi	13.67	87.79	0.536	2142.98	High	Reroute	Critical
2026-07-11T14:39:46.818993+00:00	CONT-1001	Avocado	Bengaluru	Delhi	5.7	91.78	0.588	2135.96	High	Reroute	Critical
2026-07-11T14:39:46.820020+00:00	CONT-1002	Strawberry	Bengaluru	Delhi	26.26	92.7	0.6	2135.96	High	Reroute	Critical
2026-07-11T14:39:46.820430+00:00	CONT-1003	Grapes	Bengaluru	Delhi	0.6	90.32	0.051	2135.96	Low	Continue	Normal
2026-07-11T14:39:47.823116+00:00	CONT-1000	Banana	Bengaluru	Delhi	13.69	87.44	0.547	2142.97	High	Reroute	Critical
2026-07-11T14:39:47.824733+00:00	CONT-1001	Avocado	Bengaluru	Delhi	5.68	92.15	0.574	2135.94	High	Reroute	Critical
2026-07-11T14:39:47.825432+00:00	CONT-1002	Strawberry	Bengaluru	Delhi	26.28	92.4	0.6	2135.94	High	Reroute	Critical
2026-07-11T14:39:47.825926+00:00	CONT-1003	Grapes	Bengaluru	Delhi	0.52	90.01	0.061	2135.94	Low	Continue	Normal
2026-07-11T14:39:48.828732+00:00	CONT-1000	Banana	Bengaluru	Delhi	13.55	87.36	0.557	2142.96	High	Reroute	Critical
2026-07-11T14:39:48.829521+00:00	CONT-1001	Avocado	Bengaluru	Delhi	5.77	92.48	0.592	2135.92	High	Reroute	Critical
2026-07-11T14:39:48.832805+00:00	CONT-1003	Grapes	Bengaluru	Delhi	0.48	89.96	0.078	2135.92	Low	Continue	Normal
2026-07-11T14:39:49.834467+00:00	CONT-1000	Banana	Bengaluru	Delhi	13.54	87.28	0.571	2142.95	High	Reroute	Critical
2026-07-11T14:39:50.843702+00:00	CONT-1003	Grapes	Bengaluru	Delhi	0.52	90.27	0.077	2135.88	Low	Continue	Normal
2026-07-11T14:39:50.845544+00:00	CONT-1004	Mango	Bengaluru	Delhi	10.48	80.54	0.279	2142.94	Low	Continue	Normal
2026-07-11T14:39:51.847575+00:00	CONT-1001	Avocado	Bengaluru	Delhi	5.71	92.45	0.598	2135.86	High	Reroute	Critical
2026-07-11T14:39:52.853360+00:00	CONT-1000	Banana	Bengaluru	Delhi	13.85	87.28	0.527	2142.92	High	Reroute	Critical
2026-07-11T14:39:52.855673+00:00	CONT-1002	Strawberry	Bengaluru	Delhi	26.45	93.55	0.566	2135.84	High	Reroute	Critical
2026-07-11T14:39:53.863007+00:00	CONT-1000	Banana	Bengaluru	Delhi	13.86	87.54	0.532	2142.91	High	Reroute	Critical
2026-07-11T14:39:54.871955+00:00	CONT-1002	Strawberry	Bengaluru	Delhi	26.51	93.9	0.57	2135.8	High	Reroute	Critical
2026-07-11T14:39:54.875295+00:00	CONT-1003	Grapes	Bengaluru	Delhi	0.36	90.16	0.048	2135.8	Low	Continue	Normal
2026-07-11T14:39:54.879055+00:00	CONT-1004	Mango	Bengaluru	Delhi	10.35	80.59	0.274	2142.9	Low	Continue	Normal
2026-07-11T14:39:55.883712+00:00	CONT-1002	Strawberry	Bengaluru	Delhi	26.56	93.92	1.365	2135.78	High	Reroute	Critical
2026-07-11T14:39:56.887368+00:00	CONT-1000	Banana	Bengaluru	Delhi	13.46	87.09	0.54	2142.88	High	Reroute	Critical
2026-07-11T14:39:56.893356+00:00	CONT-1004	Mango	Bengaluru	Delhi	10.37	80.42	0.256	2142.88	Low	Continue	Normal
2026-07-11T14:39:57.899197+00:00	CONT-1002	Strawberry	Bengaluru	Delhi	26.63	93.22	0.593	2135.74	High	Reroute	Critical
2026-07-11T14:39:59.907989+00:00	CONT-1000	Banana	Bengaluru	Delhi	13.47	87.25	0.576	2142.85	High	Reroute	Critical
2026-07-11T14:39:59.910254+00:00	CONT-1002	Strawberry	Bengaluru	Delhi	26.69	93.47	0.587	2135.7	High	Reroute	Critical
2026-07-11T14:39:59.911523+00:00	CONT-1003	Grapes	Bengaluru	Delhi	0.46	90.82	0.034	2135.7	Low	Continue	Normal
2026-07-11T14:39:59.911930+00:00	CONT-1004	Mango	Bengaluru	Delhi	10.18	79.88	0.243	2142.85	Low	Continue	Normal
2026-07-11T14:40:00.916378+00:00	CONT-1002	Strawberry	Bengaluru	Delhi	26.73	93.7	0.57	2135.68	High	Reroute	Critical
2026-07-11T14:40:01.921584+00:00	CONT-1001	Avocado	Bengaluru	Delhi	5.37	92.55	0.586	2135.66	High	Reroute	Critical
2026-07-11T14:40:01.925712+00:00	CONT-1003	Grapes	Bengaluru	Delhi	0.74	90.78	0.04	2135.66	Low	Continue	Normal
2026-07-11T14:40:02.930978+00:00	CONT-1002	Strawberry	Bengaluru	Delhi	26.82	93.51	0.551	2135.64	High	Reroute	Critical
2026-07-11T14:40:05.950460+00:00	CONT-1000	Banana	Bengaluru	Delhi	13.46	87.98	0.567	2142.79	High	Reroute	Critical
2026-07-11T14:40:05.952949+00:00	CONT-1002	Strawberry	Bengaluru	Delhi	26.95	92.58	0.587	2135.58	High	Reroute	Critical
2026-07-11T14:40:05.954660+00:00	CONT-1003	Grapes	Bengaluru	Delhi	0.67	90.63	0.029	2135.58	Low	Continue	Normal
2026-07-11T14:40:06.956116+00:00	CONT-1000	Banana	Bengaluru	Delhi	13.53	87.67	0.572	2142.78	High	Reroute	Critical
2026-07-11T14:40:06.958884+00:00	CONT-1002	Strawberry	Bengaluru	Delhi	26.98	92.8	0.576	2135.56	High	Reroute	Critical
2026-07-11T14:40:07.972124+00:00	CONT-1004	Mango	Bengaluru	Delhi	9.98	79.48	0.284	2142.77	Low	Continue	Normal
2026-07-11T14:40:08.981276+00:00	CONT-1004	Mango	Bengaluru	Delhi	9.93	79.59	0.289	2142.76	Low	Continue	Normal
2026-07-11T14:40:10.993767+00:00	CONT-1002	Strawberry	Bengaluru	Delhi	27.1	92.36	0.6	2135.48	High	Reroute	Critical
2026-07-11T14:40:10.995984+00:00	CONT-1004	Mango	Bengaluru	Delhi	9.8	79.76	0.288	2142.74	Low	Continue	Normal
2026-07-11T14:40:11.997580+00:00	CONT-1000	Banana	Bengaluru	Delhi	13.38	87.64	0.591	2142.73	High	Reroute	Critical
2026-07-11T14:40:11.999071+00:00	CONT-1001	Avocado	Bengaluru	Delhi	5.29	92.38	0.572	2135.46	High	Reroute	Critical
2026-07-11T14:40:11.999999+00:00	CONT-1002	Strawberry	Bengaluru	Delhi	27.15	92.03	0.6	2135.46	High	Reroute	Critical
2026-07-11T14:40:12.000973+00:00	CONT-1004	Mango	Bengaluru	Delhi	9.81	80.11	0.285	2142.73	Low	Continue	Normal
2026-07-11T14:40:13.002905+00:00	CONT-1000	Banana	Bengaluru	Delhi	13.4	87.45	0.589	2142.72	High	Reroute	Critical
2026-07-11T14:40:13.005399+00:00	CONT-1002	Strawberry	Bengaluru	Delhi	27.19	92.27	0.597	2135.44	High	Reroute	Critical
2026-07-11T14:40:13.005903+00:00	CONT-1003	Grapes	Bengaluru	Delhi	0.62	89.39	0.041	2135.44	Low	Continue	Normal
2026-07-11T14:40:13.006423+00:00	CONT-1004	Mango	Bengaluru	Delhi	9.96	79.79	0.276	2142.72	Low	Continue	Normal
2026-07-11T14:40:14.008162+00:00	CONT-1000	Banana	Bengaluru	Delhi	13.46	87.29	0.585	2142.71	High	Reroute	Critical
2026-07-11T14:40:14.010893+00:00	CONT-1001	Avocado	Bengaluru	Delhi	5.36	92.15	0.595	2135.42	High	Reroute	Critical
2026-07-11T14:40:14.012344+00:00	CONT-1003	Grapes	Bengaluru	Delhi	0.75	89.39	0.04	2135.42	Low	Continue	Normal
2026-07-11T14:40:15.016075+00:00	CONT-1000	Banana	Bengaluru	Delhi	13.45	87.21	0.584	2142.7	High	Reroute	Critical
2026-07-11T14:40:15.020222+00:00	CONT-1002	Strawberry	Bengaluru	Delhi	27.27	91.75	0.585	2135.4	High	Reroute	Critical
2026-07-11T14:40:15.021676+00:00	CONT-1004	Mango	Bengaluru	Delhi	10.01	80.53	0.264	2142.7	Low	Continue	Normal
2026-07-11T14:40:16.025192+00:00	CONT-1001	Avocado	Bengaluru	Delhi	5.32	92.2	0.597	2135.38	High	Reroute	Critical
2026-07-11T14:40:16.026396+00:00	CONT-1002	Strawberry	Bengaluru	Delhi	27.32	91.56	0.598	2135.38	High	Reroute	Critical
2026-07-11T14:40:17.031963+00:00	CONT-1000	Banana	Bengaluru	Delhi	13.39	87.02	0.584	2142.68	High	Reroute	Critical
2026-07-11T14:40:17.053790+00:00	CONT-1003	Grapes	Bengaluru	Delhi	0.72	88.97	0.03	2135.36	Low	Continue	Normal
2026-07-11T14:40:17.056209+00:00	CONT-1004	Mango	Bengaluru	Delhi	10.08	81	0.256	2142.68	Low	Continue	Normal
2026-07-11T14:40:18.061398+00:00	CONT-1002	Strawberry	Bengaluru	Delhi	27.37	91.24	0.58	2135.34	High	Reroute	Critical
2026-07-11T14:40:18.063318+00:00	CONT-1004	Mango	Bengaluru	Delhi	10.02	81.07	0.25	2142.67	Low	Continue	Normal
2026-07-11T14:40:20.079254+00:00	CONT-1004	Mango	Bengaluru	Delhi	9.85	80.81	0.222	2142.65	Low	Continue	Normal
2026-07-11T14:40:21.081394+00:00	CONT-1000	Banana	Bengaluru	Delhi	13.53	87.7	0.595	2142.64	High	Reroute	Critical
2026-07-11T14:40:21.082853+00:00	CONT-1001	Avocado	Bengaluru	Delhi	5.56	92.21	0.584	2135.28	High	Reroute	Critical
2026-07-11T14:40:21.083616+00:00	CONT-1002	Strawberry	Bengaluru	Delhi	27.48	91.32	0.591	2135.28	High	Reroute	Critical
2026-07-11T14:40:21.084706+00:00	CONT-1004	Mango	Bengaluru	Delhi	9.71	80.85	0.219	2142.64	Low	Continue	Normal
2026-07-11T14:40:22.088169+00:00	CONT-1001	Avocado	Bengaluru	Delhi	5.67	92.22	0.571	2135.26	High	Reroute	Critical
2026-07-11T14:40:24.163493+00:00	CONT-1001	Avocado	Bengaluru	Delhi	5.64	92.07	0.58	2135.22	High	Reroute	Critical
2026-07-11T14:40:24.165432+00:00	CONT-1002	Strawberry	Bengaluru	Delhi	27.55	91.86	0.562	2135.22	High	Reroute	Critical
2026-07-11T14:40:24.166423+00:00	CONT-1003	Grapes	Bengaluru	Delhi	0.89	89.62	0.011	2135.22	Low	Continue	Normal
2026-07-11T14:40:24.166749+00:00	CONT-1004	Mango	Bengaluru	Delhi	9.59	81.25	0.207	2142.61	Low	Continue	Normal
2026-07-11T14:40:25.168821+00:00	CONT-1001	Avocado	Bengaluru	Delhi	5.66	91.75	0.581	2135.2	High	Reroute	Critical
2026-07-11T14:40:25.173851+00:00	CONT-1004	Mango	Bengaluru	Delhi	9.53	81.25	0.211	2142.6	Low	Continue	Normal
2026-07-11T14:40:26.180994+00:00	CONT-1002	Strawberry	Bengaluru	Delhi	27.64	91.67	0.563	2135.18	High	Reroute	Critical
2026-07-11T14:40:26.182566+00:00	CONT-1004	Mango	Bengaluru	Delhi	9.68	81.56	0.215	2142.59	Low	Continue	Normal
2026-07-11T14:40:27.185734+00:00	CONT-1001	Avocado	Bengaluru	Delhi	5.64	91.41	0.59	2135.16	High	Reroute	Critical
2026-07-11T14:40:27.187103+00:00	CONT-1002	Strawberry	Bengaluru	Delhi	27.69	91.96	0.578	2135.16	High	Reroute	Critical
2026-07-11T14:40:27.187861+00:00	CONT-1003	Grapes	Bengaluru	Delhi	1.02	89.36	0.039	2135.16	Low	Continue	Normal
2026-07-11T14:40:27.188494+00:00	CONT-1004	Mango	Bengaluru	Delhi	9.76	81.29	0.225	2142.58	Low	Continue	Normal
2026-07-11T14:40:28.193343+00:00	CONT-1002	Strawberry	Bengaluru	Delhi	27.73	92.17	0.597	2135.14	High	Reroute	Critical
2026-07-11T14:40:28.194965+00:00	CONT-1003	Grapes	Bengaluru	Delhi	1.08	89.65	0.028	2135.14	Low	Continue	Normal
2026-07-11T14:40:29.197073+00:00	CONT-1000	Banana	Bengaluru	Delhi	13.7	88.35	0.569	2142.56	High	Reroute	Critical
2026-07-11T14:40:29.199301+00:00	CONT-1002	Strawberry	Bengaluru	Delhi	27.77	92.17	0.599	2135.12	High	Reroute	Critical
2026-07-11T14:40:30.209486+00:00	CONT-1002	Strawberry	Bengaluru	Delhi	27.79	92.54	0.584	2135.1	High	Reroute	Critical
2026-07-11T14:40:30.213024+00:00	CONT-1004	Mango	Bengaluru	Delhi	9.88	81.07	0.22	2142.55	Low	Continue	Normal
2026-07-11T14:40:31.215388+00:00	CONT-1000	Banana	Bengaluru	Delhi	13.84	88.72	0.57	2142.54	High	Reroute	Critical
2026-07-11T14:40:31.216213+00:00	CONT-1001	Avocado	Bengaluru	Delhi	5.31	92.1	0.56	2135.08	High	Reroute	Critical
2026-07-11T14:40:31.217895+00:00	CONT-1002	Strawberry	Bengaluru	Delhi	27.82	92.6	0.571	2135.08	High	Reroute	Critical
2026-07-11T14:40:31.218999+00:00	CONT-1004	Mango	Bengaluru	Delhi	9.78	80.8	0.24	2142.54	Low	Continue	Normal
2026-07-11T14:40:32.221116+00:00	CONT-1000	Banana	Bengaluru	Delhi	13.86	89.06	0.558	2142.53	High	Reroute	Critical
2026-07-11T14:40:32.226538+00:00	CONT-1002	Strawberry	Bengaluru	Delhi	27.85	92.38	0.562	2135.06	High	Reroute	Critical
2026-07-11T14:40:33.231191+00:00	CONT-1000	Banana	Bengaluru	Delhi	13.73	89	0.574	2142.52	High	Reroute	Critical
2026-07-11T14:40:33.232090+00:00	CONT-1001	Avocado	Bengaluru	Delhi	5.35	92.3	0.546	2135.04	High	Reroute	Critical
2026-07-11T14:40:33.233776+00:00	CONT-1002	Strawberry	Bengaluru	Delhi	27.89	92.05	0.557	2135.04	High	Reroute	Critical
2026-07-11T14:40:33.234407+00:00	CONT-1003	Grapes	Bengaluru	Delhi	1.24	88.85	0.025	2135.04	Low	Continue	Normal
2026-07-11T14:40:34.240244+00:00	CONT-1003	Grapes	Bengaluru	Delhi	1.3	88.55	0.007	2135.02	Low	Continue	Normal
2026-07-11T14:40:34.241078+00:00	CONT-1004	Mango	Bengaluru	Delhi	9.59	81.34	0.251	2142.51	Low	Continue	Normal
2026-07-11T14:40:35.251299+00:00	CONT-1003	Grapes	Bengaluru	Delhi	1.45	88.84	0.023	2135	Low	Continue	Normal
2026-07-11T14:40:37.267440+00:00	CONT-1003	Grapes	Bengaluru	Delhi	1.17	88.96	0.058	2134.96	Low	Continue	Normal
2026-07-11T14:40:41.298773+00:00	CONT-1001	Avocado	Bengaluru	Delhi	5.54	91.64	0.517	2134.88	High	Reroute	Critical
2026-07-11T14:40:41.302503+00:00	CONT-1004	Mango	Bengaluru	Delhi	9.62	81.51	0.202	2142.44	Medium	Continue	Warning
2026-07-11T14:40:42.308793+00:00	CONT-1002	Strawberry	Bengaluru	Delhi	28.23	91.99	0.585	2134.86	High	Reroute	Critical
2026-07-11T14:40:43.312170+00:00	CONT-1000	Banana	Bengaluru	Delhi	14.07	87.85	0.562	2142.42	High	Reroute	Critical
2026-07-11T14:40:43.315801+00:00	CONT-1003	Grapes	Bengaluru	Delhi	1.43	88.88	0.045	2134.84	Low	Continue	Normal
2026-07-11T14:40:45.326012+00:00	CONT-1001	Avocado	Bengaluru	Delhi	5.69	91.49	0.513	2134.8	High	Reroute	Critical
2026-07-11T14:40:45.326730+00:00	CONT-1002	Strawberry	Bengaluru	Delhi	28.34	91.84	0.581	2134.8	High	Reroute	Critical
2026-07-11T14:40:45.330634+00:00	CONT-1004	Mango	Bengaluru	Delhi	9.55	81.83	0.243	2142.4	Medium	Continue	Warning
2026-07-11T14:40:46.333597+00:00	CONT-1002	Strawberry	Bengaluru	Delhi	28.38	92.11	0.575	2134.78	High	Reroute	Critical
2026-07-11T14:40:46.336684+00:00	CONT-1004	Mango	Bengaluru	Delhi	9.5	82.01	0.239	2142.39	Medium	Continue	Warning
2026-07-11T14:40:47.339125+00:00	CONT-1000	Banana	Bengaluru	Delhi	14.12	88.67	0.514	2142.38	High	Reroute	Critical
2026-07-11T14:40:47.341004+00:00	CONT-1001	Avocado	Bengaluru	Delhi	5.85	91.1	0.5	2134.76	High	Reroute	Critical
2026-07-11T14:40:47.341940+00:00	CONT-1002	Strawberry	Bengaluru	Delhi	28.4	91.97	0.577	2134.76	High	Reroute	Critical
2026-07-11T14:40:47.342534+00:00	CONT-1003	Grapes	Bengaluru	Delhi	1.29	88.23	0.047	2134.76	Low	Continue	Normal
2026-07-11T14:40:47.343431+00:00	CONT-1004	Mango	Bengaluru	Delhi	9.63	81.75	0.224	2142.38	Medium	Continue	Warning
2026-07-11T14:40:48.346532+00:00	CONT-1001	Avocado	Bengaluru	Delhi	5.91	91.08	0.494	2134.74	High	Reroute	Critical
2026-07-11T14:40:48.348530+00:00	CONT-1002	Strawberry	Bengaluru	Delhi	28.43	92.03	0.571	2134.74	High	Reroute	Critical
2026-07-11T14:40:50.362148+00:00	CONT-1001	Avocado	Bengaluru	Delhi	5.93	90.82	0.494	2134.7	High	Reroute	Critical
2026-07-11T14:40:51.370925+00:00	CONT-1002	Strawberry	Bengaluru	Delhi	28.53	91.41	0.551	2134.68	High	Reroute	Critical
2026-07-11T14:40:52.380644+00:00	CONT-1004	Mango	Bengaluru	Delhi	9.75	81.63	0.184	2142.33	Medium	Continue	Warning
2026-07-11T14:40:53.386470+00:00	CONT-1003	Grapes	Bengaluru	Delhi	1.77	87.44	0.054	2134.64	Low	Continue	Normal
2026-07-11T14:40:53.388268+00:00	CONT-1004	Mango	Bengaluru	Delhi	9.7	81.4	0.176	2142.32	Medium	Continue	Warning
2026-07-11T14:40:54.395712+00:00	CONT-1002	Strawberry	Bengaluru	Delhi	28.63	91.98	0.554	2134.62	High	Reroute	Critical
2026-07-11T14:40:54.397407+00:00	CONT-1003	Grapes	Bengaluru	Delhi	1.85	87.37	0.067	2134.62	Low	Continue	Normal
2026-07-11T14:40:55.406404+00:00	CONT-1003	Grapes	Bengaluru	Delhi	1.92	87.4	0.068	2134.6	Low	Continue	Normal
2026-07-11T14:40:56.412769+00:00	CONT-1000	Banana	Bengaluru	Delhi	14.02	88.89	0.536	2142.29	High	Reroute	Critical
2026-07-11T14:40:56.418412+00:00	CONT-1004	Mango	Bengaluru	Delhi	9.44	81.16	0.161	2142.29	High	Reroute	Critical
2026-07-11T14:40:57.420218+00:00	CONT-1000	Banana	Bengaluru	Delhi	14.09	88.49	0.547	2142.28	High	Reroute	Critical
2026-07-11T14:40:57.422618+00:00	CONT-1002	Strawberry	Bengaluru	Delhi	28.73	91.55	0.551	2134.56	High	Reroute	Critical
2026-07-11T14:40:57.430988+00:00	CONT-1004	Mango	Bengaluru	Delhi	9.53	81.5	0.159	2142.28	High	Reroute	Critical
2026-07-11T14:40:58.434225+00:00	CONT-1001	Avocado	Bengaluru	Delhi	5.87	91.19	0.466	2134.54	High	Reroute	Critical
2026-07-11T14:40:58.434799+00:00	CONT-1002	Strawberry	Bengaluru	Delhi	28.75	91.38	0.545	2134.54	High	Reroute	Critical
2026-07-11T14:40:58.437214+00:00	CONT-1003	Grapes	Bengaluru	Delhi	1.99	86.63	0.087	2134.54	Low	Continue	Normal
2026-07-11T14:40:59.444731+00:00	CONT-1003	Grapes	Bengaluru	Delhi	2	86.55	0.079	2134.52	Low	Continue	Normal
2026-07-11T14:41:01.460224+00:00	CONT-1002	Strawberry	Bengaluru	Delhi	28.87	91.3	0.588	2134.48	High	Reroute	Critical
2026-07-11T14:41:01.462929+00:00	CONT-1003	Grapes	Bengaluru	Delhi	1.9	87.08	0.092	2134.48	Low	Continue	Normal
2026-07-11T14:41:02.470746+00:00	CONT-1000	Banana	Bengaluru	Delhi	14.44	88.98	0.522	2142.23	High	Reroute	Critical
2026-07-11T14:41:02.473158+00:00	CONT-1001	Avocado	Bengaluru	Delhi	5.71	91.97	0.469	2134.46	Medium	Continue	Warning
2026-07-11T14:41:02.474063+00:00	CONT-1002	Strawberry	Bengaluru	Delhi	28.9	91.49	0.575	2134.46	High	Reroute	Critical
2026-07-11T14:41:02.474489+00:00	CONT-1003	Grapes	Bengaluru	Delhi	1.79	87.19	0.097	2134.46	Low	Continue	Normal
2026-07-11T14:41:03.482582+00:00	CONT-1004	Mango	Bengaluru	Delhi	9.76	82.36	0.131	2142.22	High	Reroute	Critical
2026-07-11T14:41:05.489117+00:00	CONT-1000	Banana	Bengaluru	Delhi	14.37	88.79	0.49	2142.2	High	Reroute	Critical
2026-07-11T14:41:05.490045+00:00	CONT-1001	Avocado	Bengaluru	Delhi	5.73	92.78	0.48	2134.4	Medium	Continue	Warning
2026-07-11T14:41:05.491659+00:00	CONT-1002	Strawberry	Bengaluru	Delhi	29.01	90.86	0.564	2134.4	High	Reroute	Critical
2026-07-11T14:41:06.500532+00:00	CONT-1002	Strawberry	Bengaluru	Delhi	29.06	90.6	0.566	2134.38	High	Reroute	Critical
2026-07-11T14:41:07.508479+00:00	CONT-1004	Mango	Bengaluru	Delhi	9.79	82.4	0.103	2142.18	High	Reroute	Critical
2026-07-11T14:41:08.510782+00:00	CONT-1000	Banana	Bengaluru	Delhi	14.4	89.22	0.472	2142.17	High	Reroute	Critical
2026-07-11T14:41:08.518376+00:00	CONT-1004	Mango	Bengaluru	Delhi	9.64	82.67	0.089	2142.17	High	Reroute	Critical
2026-07-11T14:41:09.523081+00:00	CONT-1002	Strawberry	Bengaluru	Delhi	29.17	90.17	0.562	2134.32	High	Reroute	Critical
2026-07-11T14:41:10.527422+00:00	CONT-1000	Banana	Bengaluru	Delhi	14.35	88.92	0.467	2142.15	High	Reroute	Critical
2026-07-11T14:41:10.529827+00:00	CONT-1002	Strawberry	Bengaluru	Delhi	29.22	90.46	0.582	2134.3	High	Reroute	Critical
2026-07-11T14:41:10.531932+00:00	CONT-1004	Mango	Bengaluru	Delhi	9.65	83.45	0.091	2142.15	High	Reroute	Critical
2026-07-11T14:41:11.533402+00:00	CONT-1000	Banana	Bengaluru	Delhi	14.3	88.76	0.455	2142.14	High	Reroute	Critical
2026-07-11T14:41:12.540365+00:00	CONT-1000	Banana	Bengaluru	Delhi	14.34	88.94	0.474	2142.13	High	Reroute	Critical
2026-07-11T14:41:12.544208+00:00	CONT-1002	Strawberry	Bengaluru	Delhi	29.29	90.4	0.591	2134.26	High	Reroute	Critical
2026-07-11T14:41:12.544791+00:00	CONT-1003	Grapes	Bengaluru	Delhi	1.54	87.79	0.061	2134.26	Low	Continue	Normal
2026-07-11T14:41:12.545587+00:00	CONT-1004	Mango	Bengaluru	Delhi	9.66	84.11	0.117	2142.13	High	Reroute	Critical
2026-07-11T14:41:13.547042+00:00	CONT-1000	Banana	Bengaluru	Delhi	14.41	88.63	0.471	2142.12	High	Reroute	Critical
2026-07-11T14:41:13.549105+00:00	CONT-1001	Avocado	Bengaluru	Delhi	5.78	92.45	0.525	2134.24	Medium	Continue	Warning
2026-07-11T14:41:13.549717+00:00	CONT-1002	Strawberry	Bengaluru	Delhi	29.32	90.61	0.6	2134.24	High	Reroute	Critical
2026-07-11T14:41:13.550729+00:00	CONT-1004	Mango	Bengaluru	Delhi	9.81	84	0.125	2142.12	High	Reroute	Critical
2026-07-11T14:41:16.564198+00:00	CONT-1001	Avocado	Bengaluru	Delhi	5.89	92.12	0.53	2134.18	Medium	Continue	Warning
2026-07-11T14:41:16.567648+00:00	CONT-1003	Grapes	Bengaluru	Delhi	1.45	88.91	0.088	2134.18	Low	Continue	Normal
2026-07-11T14:41:16.568882+00:00	CONT-1004	Mango	Bengaluru	Delhi	9.77	83.16	0.083	2142.09	High	Reroute	Critical
2026-07-11T14:41:17.570926+00:00	CONT-1001	Avocado	Bengaluru	Delhi	5.83	91.81	0.532	2134.16	High	Reroute	Critical
2026-07-11T14:41:17.571484+00:00	CONT-1002	Strawberry	Bengaluru	Delhi	29.5	90.48	0.577	2134.16	High	Reroute	Critical
2026-07-11T14:41:17.574141+00:00	CONT-1003	Grapes	Bengaluru	Delhi	1.57	88.66	0.092	2134.16	Low	Continue	Normal
2026-07-11T14:41:17.574461+00:00	CONT-1004	Mango	Bengaluru	Delhi	9.82	82.8	0.085	2142.08	High	Reroute	Critical
2026-07-11T14:41:18.575546+00:00	CONT-1000	Banana	Bengaluru	Delhi	14.45	89.56	0.44	2142.07	Medium	Continue	Warning
2026-07-11T14:41:18.581448+00:00	CONT-1004	Mango	Bengaluru	Delhi	9.84	82.68	0.074	2142.07	High	Reroute	Critical
2026-07-11T14:41:19.583734+00:00	CONT-1000	Banana	Bengaluru	Delhi	14.53	89.7	0.448	2142.06	Medium	Continue	Warning
2026-07-11T14:41:19.585946+00:00	CONT-1001	Avocado	Bengaluru	Delhi	5.78	92.27	0.555	2134.12	High	Reroute	Critical
2026-07-11T14:41:19.586970+00:00	CONT-1002	Strawberry	Bengaluru	Delhi	29.57	90.58	0.571	2134.12	High	Reroute	Critical
2026-07-11T14:41:19.588585+00:00	CONT-1004	Mango	Bengaluru	Delhi	9.9	82.58	0.083	2142.06	High	Reroute	Critical
2026-07-11T14:41:20.590940+00:00	CONT-1000	Banana	Bengaluru	Delhi	14.6	89.7	0.435	2142.05	Medium	Continue	Warning
2026-07-11T14:41:20.593201+00:00	CONT-1001	Avocado	Bengaluru	Delhi	5.76	92.51	0.574	2134.1	High	Reroute	Critical
2026-07-11T14:41:20.594887+00:00	CONT-1003	Grapes	Bengaluru	Delhi	1.68	89.41	0.126	2134.1	Low	Continue	Normal
2026-07-11T14:41:20.595877+00:00	CONT-1004	Mango	Bengaluru	Delhi	9.85	82.69	0.069	2142.05	High	Reroute	Critical
2026-07-11T14:41:21.599158+00:00	CONT-1001	Avocado	Bengaluru	Delhi	5.83	92.67	0.582	2134.08	High	Reroute	Critical
2026-07-11T14:41:21.601733+00:00	CONT-1002	Strawberry	Bengaluru	Delhi	29.63	90.12	0.587	2134.08	High	Reroute	Critical
2026-07-11T14:41:22.607409+00:00	CONT-1000	Banana	Bengaluru	Delhi	14.62	89.54	0.428	2142.03	Medium	Continue	Warning
2026-07-11T14:41:25.636678+00:00	CONT-1003	Grapes	Bengaluru	Delhi	1.52	89.66	0.13	2134	Low	Continue	Normal
2026-07-11T14:41:26.639539+00:00	CONT-1000	Banana	Bengaluru	Delhi	14.5	89.5	0.434	2141.99	Medium	Continue	Warning
2026-07-11T14:41:26.641516+00:00	CONT-1001	Avocado	Bengaluru	Delhi	6.14	92.07	0.6	2133.98	High	Reroute	Critical
2026-07-11T14:41:26.643565+00:00	CONT-1004	Mango	Bengaluru	Delhi	9.45	83.43	0.06	2141.99	High	Reroute	Critical
2026-07-11T14:41:27.645005+00:00	CONT-1000	Banana	Bengaluru	Delhi	14.6	89.25	0.417	2141.98	Medium	Continue	Warning
2026-07-11T14:41:28.655126+00:00	CONT-1002	Strawberry	Bengaluru	Delhi	29.86	89.27	0.585	2133.94	High	Reroute	Critical
2026-07-11T14:41:28.655785+00:00	CONT-1003	Grapes	Bengaluru	Delhi	1.64	89.56	0.157	2133.94	Low	Continue	Normal
2026-07-11T14:41:29.662378+00:00	CONT-1001	Avocado	Bengaluru	Delhi	6.04	91.83	0.593	2133.92	High	Reroute	Critical
2026-07-11T14:41:29.664963+00:00	CONT-1002	Strawberry	Bengaluru	Delhi	29.89	88.87	0.568	2133.92	High	Reroute	Critical
2026-07-11T14:41:29.668124+00:00	CONT-1003	Grapes	Bengaluru	Delhi	1.5	89.37	0.154	2133.92	Low	Continue	Normal
2026-07-11T14:41:29.668579+00:00	CONT-1004	Mango	Bengaluru	Delhi	9.64	83.05	0.072	2141.96	High	Reroute	Critical
2026-07-11T14:41:30.672974+00:00	CONT-1001	Avocado	Bengaluru	Delhi	6.15	91.69	0.583	2133.9	High	Reroute	Critical
2026-07-11T14:41:30.674807+00:00	CONT-1002	Strawberry	Bengaluru	Delhi	29.93	89.14	0.577	2133.9	High	Reroute	Critical
2026-07-11T14:41:31.677828+00:00	CONT-1000	Banana	Bengaluru	Delhi	14.5	89.82	0.417	2141.94	Medium	Continue	Warning
2026-07-11T14:41:31.680005+00:00	CONT-1001	Avocado	Bengaluru	Delhi	6.18	91.4	0.596	2133.88	High	Reroute	Critical
2026-07-11T14:41:32.688289+00:00	CONT-1001	Avocado	Bengaluru	Delhi	6.04	91.09	0.597	2133.86	High	Reroute	Critical
2026-07-11T14:41:32.690430+00:00	CONT-1003	Grapes	Bengaluru	Delhi	1.65	88.79	0.144	2133.86	Low	Continue	Normal
2026-07-11T14:41:33.692534+00:00	CONT-1000	Banana	Bengaluru	Delhi	14.46	89.14	0.439	2141.92	Medium	Continue	Warning
2026-07-11T14:41:33.693685+00:00	CONT-1001	Avocado	Bengaluru	Delhi	6.17	91.28	0.6	2133.84	High	Reroute	Critical
2026-07-11T14:41:33.696990+00:00	CONT-1003	Grapes	Bengaluru	Delhi	1.63	89.03	0.159	2133.84	Low	Continue	Normal
2026-07-11T14:41:34.703470+00:00	CONT-1002	Strawberry	Bengaluru	Delhi	30.06	89.04	0.539	2133.82	High	Reroute	Critical
2026-07-11T14:41:34.711059+00:00	CONT-1004	Mango	Bengaluru	Delhi	9.79	82.73	0.095	2141.91	High	Reroute	Critical
2026-07-11T14:41:35.718173+00:00	CONT-1003	Grapes	Bengaluru	Delhi	1.6	89.63	0.144	2133.8	Low	Continue	Normal
2026-07-11T14:41:35.719832+00:00	CONT-1004	Mango	Bengaluru	Delhi	9.85	82.56	0.101	2141.9	High	Reroute	Critical
2026-07-11T14:41:36.721744+00:00	CONT-1000	Banana	Bengaluru	Delhi	14.53	89.2	0.434	2141.89	Low	Continue	Normal
2026-07-11T14:41:36.723378+00:00	CONT-1001	Avocado	Bengaluru	Delhi	6.25	91.15	0.6	2133.78	High	Reroute	Critical
2026-07-11T14:41:36.724004+00:00	CONT-1002	Strawberry	Bengaluru	Delhi	30.13	88.84	0.536	2133.78	High	Reroute	Critical
2026-07-11T14:41:36.724440+00:00	CONT-1003	Grapes	Bengaluru	Delhi	1.55	89.33	0.14	2133.78	Low	Continue	Normal
2026-07-11T14:41:36.724840+00:00	CONT-1004	Mango	Bengaluru	Delhi	9.75	82.55	0.106	2141.89	High	Reroute	Critical
2026-07-11T14:41:38.738191+00:00	CONT-1000	Banana	Bengaluru	Delhi	14.57	88.89	0.424	2141.87	Low	Continue	Normal
2026-07-11T14:41:38.738988+00:00	CONT-1001	Avocado	Bengaluru	Delhi	6.27	91.88	0.589	2133.74	High	Reroute	Critical
2026-07-11T14:41:38.741024+00:00	CONT-1002	Strawberry	Bengaluru	Delhi	30.21	88.74	0.503	2133.74	High	Reroute	Critical
2026-07-11T14:41:39.745299+00:00	CONT-1000	Banana	Bengaluru	Delhi	14.61	88.5	0.407	2141.86	Low	Continue	Normal
2026-07-11T14:41:40.756861+00:00	CONT-1001	Avocado	Bengaluru	Delhi	6.33	91.75	0.6	2133.7	High	Reroute	Critical
2026-07-11T14:41:41.763128+00:00	CONT-1001	Avocado	Bengaluru	Delhi	6.22	91.4	0.591	2133.68	High	Reroute	Critical
2026-07-11T14:41:42.767511+00:00	CONT-1000	Banana	Bengaluru	Delhi	14.42	88.04	0.36	2141.83	Low	Continue	Normal
2026-07-11T14:41:42.769531+00:00	CONT-1001	Avocado	Bengaluru	Delhi	6.09	91.37	0.6	2133.66	High	Reroute	Critical
2026-07-11T14:41:42.772955+00:00	CONT-1004	Mango	Bengaluru	Delhi	9.82	83.38	0.145	2141.83	High	Reroute	Critical
2026-07-11T14:41:44.780546+00:00	CONT-1001	Avocado	Bengaluru	Delhi	6.38	90.75	0.6	2133.62	High	Reroute	Critical
2026-07-11T14:41:44.781243+00:00	CONT-1002	Strawberry	Bengaluru	Delhi	30.45	88.72	1.121	2133.62	High	Reroute	Critical
2026-07-11T14:41:44.783742+00:00	CONT-1004	Mango	Bengaluru	Delhi	9.97	83.9	0.152	2141.81	High	Reroute	Critical
2026-07-11T14:41:45.785681+00:00	CONT-1001	Avocado	Bengaluru	Delhi	6.29	90.79	0.6	2133.6	High	Reroute	Critical
2026-07-11T14:41:45.787904+00:00	CONT-1002	Strawberry	Bengaluru	Delhi	30.49	88.9	0.6	2133.6	High	Reroute	Critical
2026-07-11T14:41:45.789307+00:00	CONT-1004	Mango	Bengaluru	Delhi	10	84.13	0.157	2141.8	High	Reroute	Critical
2026-07-11T14:41:46.792337+00:00	CONT-1001	Avocado	Bengaluru	Delhi	6.38	90.45	0.597	2133.58	High	Reroute	Critical
2026-07-11T14:41:46.793760+00:00	CONT-1002	Strawberry	Bengaluru	Delhi	30.53	88.55	0.6	2133.58	High	Reroute	Critical
2026-07-11T14:41:47.798504+00:00	CONT-1000	Banana	Bengaluru	Delhi	14.14	87.94	0.367	2141.78	Low	Continue	Normal
2026-07-11T14:41:47.800306+00:00	CONT-1001	Avocado	Bengaluru	Delhi	6.3	90.82	0.597	2133.56	High	Reroute	Critical
2026-07-11T14:41:47.801721+00:00	CONT-1002	Strawberry	Bengaluru	Delhi	30.56	88.81	0.6	2133.56	High	Reroute	Critical
2026-07-11T14:41:47.802240+00:00	CONT-1003	Grapes	Bengaluru	Delhi	1.75	88.35	0.133	2133.56	Low	Continue	Normal
2026-07-11T14:41:48.804649+00:00	CONT-1000	Banana	Bengaluru	Delhi	14.09	87.82	0.376	2141.77	Low	Continue	Normal
2026-07-11T14:41:49.812992+00:00	CONT-1000	Banana	Bengaluru	Delhi	14.04	87.61	0.386	2141.76	Low	Continue	Normal
2026-07-11T14:41:49.814198+00:00	CONT-1001	Avocado	Bengaluru	Delhi	6.27	90.28	0.6	2133.52	High	Reroute	Critical
2026-07-11T14:41:49.814598+00:00	CONT-1002	Strawberry	Bengaluru	Delhi	30.64	89.04	1.343	2133.52	High	Reroute	Critical
2026-07-11T14:41:49.821754+00:00	CONT-1004	Mango	Bengaluru	Delhi	9.79	84.09	0.165	2141.76	High	Reroute	Critical
2026-07-11T14:41:50.825924+00:00	CONT-1000	Banana	Bengaluru	Delhi	14.1	87.83	0.367	2141.75	Low	Continue	Normal
2026-07-11T14:41:52.839552+00:00	CONT-1000	Banana	Bengaluru	Delhi	13.93	88.35	0.342	2141.73	Low	Continue	Normal
2026-07-11T14:41:52.844530+00:00	CONT-1003	Grapes	Bengaluru	Delhi	2.01	88.7	0.149	2133.46	Low	Continue	Normal
2026-07-11T14:41:53.850560+00:00	CONT-1003	Grapes	Bengaluru	Delhi	1.94	88.58	0.138	2133.44	Low	Continue	Normal
2026-07-11T14:41:54.853236+00:00	CONT-1000	Banana	Bengaluru	Delhi	13.85	88.08	0.326	2141.71	Low	Continue	Normal
2026-07-11T14:41:54.859571+00:00	CONT-1004	Mango	Bengaluru	Delhi	9.74	84.29	0.154	2141.71	High	Reroute	Critical
2026-07-11T14:41:55.862655+00:00	CONT-1000	Banana	Bengaluru	Delhi	13.99	88.47	0.336	2141.7	Low	Continue	Normal
2026-07-11T14:41:55.863484+00:00	CONT-1001	Avocado	Bengaluru	Delhi	6.2	90.8	0.6	2133.4	High	Reroute	Critical
2026-07-11T14:41:55.866126+00:00	CONT-1003	Grapes	Bengaluru	Delhi	2.02	88.72	0.115	2133.4	Low	Continue	Normal
2026-07-11T14:41:56.870866+00:00	CONT-1002	Strawberry	Bengaluru	Delhi	30.93	89.25	0.584	2133.38	High	Reroute	Critical
2026-07-11T14:41:56.872651+00:00	CONT-1004	Mango	Bengaluru	Delhi	9.95	84.28	0.153	2141.69	High	Reroute	Critical
2026-07-11T14:41:57.876273+00:00	CONT-1001	Avocado	Bengaluru	Delhi	6.39	90.36	0.592	2133.36	High	Reroute	Critical
2026-07-11T14:41:57.880895+00:00	CONT-1004	Mango	Bengaluru	Delhi	9.81	84.56	0.16	2141.68	High	Reroute	Critical
2026-07-11T14:41:58.886205+00:00	CONT-1002	Strawberry	Bengaluru	Delhi	30.98	89.26	0.599	2133.34	High	Reroute	Critical
2026-07-11T14:41:59.890674+00:00	CONT-1000	Banana	Bengaluru	Delhi	13.96	88.91	0.364	2141.66	Low	Continue	Normal
2026-07-11T14:41:59.895573+00:00	CONT-1002	Strawberry	Bengaluru	Delhi	31.01	89.62	0.6	2133.32	High	Reroute	Critical
2026-07-11T14:41:59.899206+00:00	CONT-1004	Mango	Bengaluru	Delhi	9.68	84.72	0.131	2141.66	High	Reroute	Critical
2026-07-11T14:42:00.904756+00:00	CONT-1002	Strawberry	Bengaluru	Delhi	31.04	89.73	0.6	2133.3	High	Reroute	Critical
2026-07-11T14:42:01.909884+00:00	CONT-1000	Banana	Bengaluru	Delhi	13.79	89.04	0.375	2141.64	Low	Continue	Normal
2026-07-11T14:42:01.910928+00:00	CONT-1001	Avocado	Bengaluru	Delhi	6.54	89.87	0.558	2133.28	High	Reroute	Critical
2026-07-11T14:42:01.913830+00:00	CONT-1003	Grapes	Bengaluru	Delhi	1.83	89.42	0.137	2133.28	Low	Continue	Normal
2026-07-11T14:42:02.917650+00:00	CONT-1000	Banana	Bengaluru	Delhi	13.85	88.72	0.39	2141.63	Low	Continue	Normal
2026-07-11T14:42:02.919520+00:00	CONT-1001	Avocado	Bengaluru	Delhi	6.6	89.96	0.568	2133.26	High	Reroute	Critical
2026-07-11T14:42:02.920123+00:00	CONT-1002	Strawberry	Bengaluru	Delhi	31.11	89.87	0.595	2133.26	High	Reroute	Critical
2026-07-11T14:42:03.926071+00:00	CONT-1001	Avocado	Bengaluru	Delhi	6.54	89.91	0.574	2133.24	High	Reroute	Critical
2026-07-11T14:42:04.935703+00:00	CONT-1000	Banana	Bengaluru	Delhi	13.73	88.66	0.381	2141.61	Low	Continue	Normal
2026-07-11T14:42:05.948661+00:00	CONT-1001	Avocado	Bengaluru	Delhi	6.39	90.13	0.578	2133.2	High	Reroute	Critical
2026-07-11T14:42:05.951186+00:00	CONT-1003	Grapes	Bengaluru	Delhi	1.85	89.78	0.161	2133.2	Low	Continue	Normal
2026-07-11T14:42:05.953321+00:00	CONT-1004	Mango	Bengaluru	Delhi	9.67	84.58	0.116	2141.6	High	Reroute	Critical
2026-07-11T14:42:06.954571+00:00	CONT-1000	Banana	Bengaluru	Delhi	13.75	89.04	0.392	2141.59	Low	Continue	Normal
2026-07-11T14:42:06.955423+00:00	CONT-1001	Avocado	Bengaluru	Delhi	6.45	90.17	0.597	2133.18	High	Reroute	Critical
2026-07-11T14:42:06.957022+00:00	CONT-1002	Strawberry	Bengaluru	Delhi	31.25	90.58	0.57	2133.18	High	Reroute	Critical
2026-07-11T14:42:06.959627+00:00	CONT-1004	Mango	Bengaluru	Delhi	9.77	84.25	0.098	2141.59	High	Reroute	Critical
2026-07-11T14:42:07.964999+00:00	CONT-1001	Avocado	Bengaluru	Delhi	6.59	90.24	0.582	2133.16	High	Reroute	Critical
2026-07-11T14:42:11.989821+00:00	CONT-1001	Avocado	Bengaluru	Delhi	6.71	89.69	0.586	2133.08	High	Reroute	Critical
2026-07-11T14:42:11.993323+00:00	CONT-1003	Grapes	Bengaluru	Delhi	1.6	88.88	0.171	2133.08	Low	Continue	Normal
2026-07-11T14:42:11.994189+00:00	CONT-1004	Mango	Bengaluru	Delhi	9.77	85.44	0.092	2141.54	High	Reroute	Critical
2026-07-11T14:42:12.998404+00:00	CONT-1001	Avocado	Bengaluru	Delhi	6.59	89.99	0.6	2133.06	High	Reroute	Critical
2026-07-11T14:42:14.007352+00:00	CONT-1002	Strawberry	Bengaluru	Delhi	31.53	90.88	0.56	2133.04	High	Reroute	Critical
2026-07-11T14:42:14.012680+00:00	CONT-1004	Mango	Bengaluru	Delhi	9.77	84.93	0.072	2141.52	High	Reroute	Critical
2026-07-11T14:42:15.013957+00:00	CONT-1000	Banana	Bengaluru	Delhi	13.97	89.5	0.379	2141.51	Low	Continue	Normal
2026-07-11T14:42:15.016785+00:00	CONT-1002	Strawberry	Bengaluru	Delhi	31.56	90.87	0.557	2133.02	High	Reroute	Critical
2026-07-11T14:42:15.018715+00:00	CONT-1003	Grapes	Bengaluru	Delhi	1.64	89.28	0.205	2133.02	Low	Continue	Normal
2026-07-11T14:42:16.024816+00:00	CONT-1003	Grapes	Bengaluru	Delhi	1.6	89.13	0.223	2133	Low	Continue	Normal
2026-07-11T14:42:17.029570+00:00	CONT-1001	Avocado	Bengaluru	Delhi	6.72	90.51	0.579	2132.98	High	Reroute	Critical
2026-07-11T14:42:18.036829+00:00	CONT-1001	Avocado	Bengaluru	Delhi	6.84	90.22	0.567	2132.96	High	Reroute	Critical
2026-07-11T14:42:18.039296+00:00	CONT-1002	Strawberry	Bengaluru	Delhi	31.68	91.48	0.6	2132.96	High	Reroute	Critical
2026-07-11T14:42:18.040420+00:00	CONT-1003	Grapes	Bengaluru	Delhi	1.73	89.49	0.249	2132.96	Low	Continue	Normal
2026-07-11T14:42:18.040759+00:00	CONT-1004	Mango	Bengaluru	Delhi	9.69	85.02	0.05	2141.48	High	Reroute	Critical
2026-07-11T14:42:19.042473+00:00	CONT-1001	Avocado	Bengaluru	Delhi	6.88	89.97	0.559	2132.94	High	Reroute	Critical
2026-07-11T14:42:19.044745+00:00	CONT-1002	Strawberry	Bengaluru	Delhi	31.71	91.52	0.6	2132.94	High	Reroute	Critical
2026-07-11T14:42:19.045310+00:00	CONT-1003	Grapes	Bengaluru	Delhi	1.87	89.45	0.268	2132.94	Low	Continue	Normal
2026-07-11T14:42:19.045855+00:00	CONT-1004	Mango	Bengaluru	Delhi	9.79	84.99	0.066	2141.47	High	Reroute	Critical
2026-07-11T14:42:20.046741+00:00	CONT-1000	Banana	Bengaluru	Delhi	14.24	89.18	0.359	2141.46	Low	Continue	Normal
2026-07-11T14:42:21.053433+00:00	CONT-1000	Banana	Bengaluru	Delhi	14.16	89.27	0.368	2141.45	Low	Continue	Normal
2026-07-11T14:42:21.056065+00:00	CONT-1002	Strawberry	Bengaluru	Delhi	31.77	91.51	0.6	2132.9	High	Reroute	Critical
2026-07-11T14:42:21.057311+00:00	CONT-1003	Grapes	Bengaluru	Delhi	1.94	89.79	0.264	2132.9	Low	Continue	Normal
2026-07-11T14:42:21.057687+00:00	CONT-1004	Mango	Bengaluru	Delhi	10.06	85.09	0.044	2141.45	High	Reroute	Critical
2026-07-11T14:42:22.059030+00:00	CONT-1000	Banana	Bengaluru	Delhi	14.28	89.65	0.359	2141.44	Low	Continue	Normal
2026-07-11T14:42:23.071463+00:00	CONT-1003	Grapes	Bengaluru	Delhi	2.06	89.6	0.238	2132.86	Low	Continue	Normal
2026-07-11T14:42:24.078702+00:00	CONT-1000	Banana	Bengaluru	Delhi	14.36	90.01	0.34	2141.42	Low	Continue	Normal
2026-07-11T14:42:24.084319+00:00	CONT-1003	Grapes	Bengaluru	Delhi	1.98	89.56	0.235	2132.84	Low	Continue	Normal
2026-07-11T14:42:24.085733+00:00	CONT-1004	Mango	Bengaluru	Delhi	10.21	85.45	0.076	2141.42	High	Reroute	Critical
2026-07-11T14:42:27.106570+00:00	CONT-1003	Grapes	Bengaluru	Delhi	2.16	89.51	0.227	2132.78	Low	Continue	Normal
2026-07-11T14:42:27.107016+00:00	CONT-1004	Mango	Bengaluru	Delhi	10.23	85.82	0.059	2141.39	High	Reroute	Critical
2026-07-11T14:42:28.108930+00:00	CONT-1000	Banana	Bengaluru	Delhi	14.4	90.13	0.338	2141.38	Low	Continue	Normal
2026-07-11T14:42:28.111460+00:00	CONT-1002	Strawberry	Bengaluru	Delhi	32.08	92.05	0.562	2132.76	High	Reroute	Critical
2026-07-11T14:42:28.113226+00:00	CONT-1003	Grapes	Bengaluru	Delhi	2.31	89.42	0.229	2132.76	Low	Continue	Normal
2026-07-11T14:42:28.113678+00:00	CONT-1004	Mango	Bengaluru	Delhi	10.29	85.86	0.063	2141.38	High	Reroute	Critical
2026-07-11T14:42:29.114944+00:00	CONT-1000	Banana	Bengaluru	Delhi	14.31	90.28	0.346	2141.37	Low	Continue	Normal
2026-07-11T14:42:29.119017+00:00	CONT-1003	Grapes	Bengaluru	Delhi	2.18	89.79	0.239	2132.74	Low	Continue	Normal
2026-07-11T14:42:29.119872+00:00	CONT-1004	Mango	Bengaluru	Delhi	10.3	86.24	0.056	2141.37	High	Reroute	Critical
2026-07-11T14:42:30.124070+00:00	CONT-1002	Strawberry	Bengaluru	Delhi	32.15	92.35	0.545	2132.72	High	Reroute	Critical
2026-07-11T14:42:31.130428+00:00	CONT-1001	Avocado	Bengaluru	Delhi	6.73	90.52	0.599	2132.7	High	Reroute	Critical
2026-07-11T14:42:31.132618+00:00	CONT-1002	Strawberry	Bengaluru	Delhi	32.17	92.25	0.56	2132.7	High	Reroute	Critical
2026-07-11T14:42:31.134673+00:00	CONT-1003	Grapes	Bengaluru	Delhi	2.35	90.25	0.233	2132.7	Low	Continue	Normal
2026-07-11T14:42:31.135481+00:00	CONT-1004	Mango	Bengaluru	Delhi	10.2	85.92	0.047	2141.35	High	Reroute	Critical
2026-07-11T14:42:32.139921+00:00	CONT-1001	Avocado	Bengaluru	Delhi	6.67	90.6	0.594	2132.68	High	Reroute	Critical
2026-07-11T14:42:32.142837+00:00	CONT-1003	Grapes	Bengaluru	Delhi	2.43	90.05	0.252	2132.68	Low	Continue	Normal
2026-07-11T14:42:32.145069+00:00	CONT-1004	Mango	Bengaluru	Delhi	10.29	86.07	0.03	2141.34	High	Reroute	Critical
2026-07-11T14:42:34.154457+00:00	CONT-1001	Avocado	Bengaluru	Delhi	6.62	90.22	0.587	2132.64	High	Reroute	Critical
2026-07-11T14:42:35.161126+00:00	CONT-1001	Avocado	Bengaluru	Delhi	6.59	89.99	0.568	2132.62	High	Reroute	Critical
2026-07-11T14:42:35.165379+00:00	CONT-1004	Mango	Bengaluru	Delhi	10.17	85.49	0.039	2141.31	High	Reroute	Critical
2026-07-11T14:42:36.169579+00:00	CONT-1001	Avocado	Bengaluru	Delhi	6.68	89.78	0.554	2132.6	High	Reroute	Critical
2026-07-11T14:42:36.171003+00:00	CONT-1002	Strawberry	Bengaluru	Delhi	32.33	92.95	0.6	2132.6	High	Reroute	Critical
2026-07-11T14:42:36.171615+00:00	CONT-1003	Grapes	Bengaluru	Delhi	2.32	89.73	0.268	2132.6	Low	Continue	Normal
2026-07-11T14:42:36.172231+00:00	CONT-1004	Mango	Bengaluru	Delhi	10.23	85.14	0.056	2141.3	High	Reroute	Critical
2026-07-11T14:42:38.180344+00:00	CONT-1000	Banana	Bengaluru	Delhi	14.16	90.28	0.294	2141.28	Low	Continue	Normal
2026-07-11T14:42:38.185968+00:00	CONT-1004	Mango	Bengaluru	Delhi	9.98	84.62	0.06	2141.28	High	Reroute	Critical
2026-07-11T14:42:39.192172+00:00	CONT-1002	Strawberry	Bengaluru	Delhi	32.41	93.83	0.585	2132.54	High	Reroute	Critical
2026-07-11T14:42:39.192836+00:00	CONT-1003	Grapes	Bengaluru	Delhi	2.51	89.55	0.254	2132.54	Low	Continue	Normal
2026-07-11T14:42:40.201413+00:00	CONT-1003	Grapes	Bengaluru	Delhi	2.65	89.78	0.26	2132.52	Low	Continue	Normal
2026-07-11T14:42:41.205889+00:00	CONT-1000	Banana	Bengaluru	Delhi	14.39	90.17	0.275	2141.25	Low	Continue	Normal
2026-07-11T14:42:41.211015+00:00	CONT-1004	Mango	Bengaluru	Delhi	9.95	84.69	0.063	2141.25	High	Reroute	Critical
2026-07-11T14:42:43.222282+00:00	CONT-1002	Strawberry	Bengaluru	Delhi	32.53	93.87	0.6	2132.46	High	Reroute	Critical
2026-07-11T14:42:44.227993+00:00	CONT-1000	Banana	Bengaluru	Delhi	14.3	89.86	0.274	2141.22	Low	Continue	Normal
2026-07-11T14:42:45.233142+00:00	CONT-1000	Banana	Bengaluru	Delhi	14.16	90.08	0.288	2141.21	Low	Continue	Normal
2026-07-11T14:42:46.240001+00:00	CONT-1000	Banana	Bengaluru	Delhi	14.12	90.42	0.3	2141.2	Low	Continue	Normal
2026-07-11T14:42:46.242340+00:00	CONT-1002	Strawberry	Bengaluru	Delhi	32.65	93.94	0.583	2132.4	High	Reroute	Critical
2026-07-11T14:42:46.244079+00:00	CONT-1003	Grapes	Bengaluru	Delhi	2.93	90.08	0.27	2132.4	Medium	Continue	Warning
2026-07-11T14:42:48.252744+00:00	CONT-1001	Avocado	Bengaluru	Delhi	6.64	89.53	0.54	2132.36	High	Reroute	Critical
2026-07-11T14:42:48.254299+00:00	CONT-1002	Strawberry	Bengaluru	Delhi	32.71	94.17	0.556	2132.36	High	Reroute	Critical
2026-07-11T14:42:48.256986+00:00	CONT-1004	Mango	Bengaluru	Delhi	10.22	85.47	0.046	2141.18	Medium	Continue	Warning
2026-07-11T14:42:49.258663+00:00	CONT-1000	Banana	Bengaluru	Delhi	14	90.07	0.298	2141.17	Low	Continue	Normal
2026-07-11T14:42:49.261597+00:00	CONT-1002	Strawberry	Bengaluru	Delhi	32.74	93.8	0.538	2132.34	High	Reroute	Critical
2026-07-11T14:42:49.265059+00:00	CONT-1003	Grapes	Bengaluru	Delhi	3	90.11	0.286	2132.34	Medium	Continue	Warning
2026-07-11T14:42:51.278108+00:00	CONT-1002	Strawberry	Bengaluru	Delhi	32.83	94.06	0.51	2132.3	High	Reroute	Critical
2026-07-11T14:42:52.283994+00:00	CONT-1000	Banana	Bengaluru	Delhi	14.04	89.76	0.292	2141.14	Low	Continue	Normal
2026-07-11T14:42:52.285865+00:00	CONT-1001	Avocado	Bengaluru	Delhi	6.5	89.32	0.563	2132.28	High	Reroute	Critical
2026-07-11T14:42:52.286473+00:00	CONT-1002	Strawberry	Bengaluru	Delhi	32.85	93.68	0.514	2132.28	High	Reroute	Critical
2026-07-11T14:42:52.288486+00:00	CONT-1004	Mango	Bengaluru	Delhi	10.3	85.38	0.032	2141.14	Medium	Continue	Warning
2026-07-11T14:42:53.289827+00:00	CONT-1000	Banana	Bengaluru	Delhi	13.99	90.06	0.287	2141.13	Low	Continue	Normal
2026-07-11T14:42:53.293557+00:00	CONT-1003	Grapes	Bengaluru	Delhi	2.82	89.91	0.286	2132.26	High	Reroute	Critical
2026-07-11T14:42:53.295578+00:00	CONT-1004	Mango	Bengaluru	Delhi	10.34	85.18	0.034	2141.13	Medium	Continue	Warning
2026-07-11T14:42:54.304700+00:00	CONT-1004	Mango	Bengaluru	Delhi	10.46	85.02	0.032	2141.12	Medium	Continue	Warning
2026-07-11T14:42:55.306894+00:00	CONT-1000	Banana	Bengaluru	Delhi	14.11	89.97	0.287	2141.11	Low	Continue	Normal
2026-07-11T14:42:55.309975+00:00	CONT-1003	Grapes	Bengaluru	Delhi	2.83	89.81	0.287	2132.22	High	Reroute	Critical
2026-07-11T14:42:56.311821+00:00	CONT-1000	Banana	Bengaluru	Delhi	13.99	90.34	0.269	2141.1	Low	Continue	Normal
2026-07-11T14:42:56.314103+00:00	CONT-1001	Avocado	Bengaluru	Delhi	6.34	90.02	0.569	2132.2	High	Reroute	Critical
2026-07-11T14:42:56.314964+00:00	CONT-1002	Strawberry	Bengaluru	Delhi	32.99	93.83	0.474	2132.2	High	Reroute	Critical
2026-07-11T14:42:57.318911+00:00	CONT-1001	Avocado	Bengaluru	Delhi	6.49	89.85	0.585	2132.18	High	Reroute	Critical
2026-07-11T14:42:57.322626+00:00	CONT-1004	Mango	Bengaluru	Delhi	10.59	85.2	0.026	2141.09	Medium	Continue	Warning
2026-07-11T14:42:59.332155+00:00	CONT-1003	Grapes	Bengaluru	Delhi	2.75	90.56	0.341	2132.14	High	Reroute	Critical
2026-07-11T14:43:00.341510+00:00	CONT-1004	Mango	Bengaluru	Delhi	10.49	84.83	0.025	2141.06	Low	Continue	Normal
2026-07-11T14:43:01.345375+00:00	CONT-1000	Banana	Bengaluru	Delhi	14.09	90.55	0.258	2141.05	Low	Continue	Normal
2026-07-11T14:43:01.349216+00:00	CONT-1002	Strawberry	Bengaluru	Delhi	33.17	93.19	0.546	2132.1	High	Reroute	Critical
2026-07-11T14:43:03.357641+00:00	CONT-1000	Banana	Bengaluru	Delhi	13.98	90.65	0.26	2141.03	Low	Continue	Normal
2026-07-11T14:43:03.361760+00:00	CONT-1003	Grapes	Bengaluru	Delhi	2.83	91.07	0.311	2132.06	High	Reroute	Critical
2026-07-11T14:43:03.362653+00:00	CONT-1004	Mango	Bengaluru	Delhi	10.48	84.49	0.049	2141.03	Low	Continue	Normal
2026-07-11T14:43:04.364208+00:00	CONT-1000	Banana	Bengaluru	Delhi	13.85	90.95	0.253	2141.02	Low	Continue	Normal
2026-07-11T14:43:05.374820+00:00	CONT-1001	Avocado	Bengaluru	Delhi	6.61	89.15	0.563	2132.02	High	Reroute	Critical
2026-07-11T14:43:06.382510+00:00	CONT-1000	Banana	Bengaluru	Delhi	13.69	90.97	0.255	2141	Low	Continue	Normal
2026-07-11T14:43:06.383171+00:00	CONT-1001	Avocado	Bengaluru	Delhi	6.72	89	0.563	2132	High	Reroute	Critical
2026-07-11T14:43:07.389364+00:00	CONT-1000	Banana	Bengaluru	Delhi	13.58	90.78	0.256	2140.99	Low	Continue	Normal
2026-07-11T14:43:08.398463+00:00	CONT-1002	Strawberry	Bengaluru	Delhi	33.41	91.91	0.6	2131.96	High	Reroute	Critical
2026-07-11T14:43:08.401186+00:00	CONT-1004	Mango	Bengaluru	Delhi	10.53	84.15	0.052	2140.98	Low	Continue	Normal
2026-07-11T14:43:09.408296+00:00	CONT-1003	Grapes	Bengaluru	Delhi	2.79	91.77	0.319	2131.94	High	Reroute	Critical
2026-07-11T14:43:09.414025+00:00	CONT-1004	Mango	Bengaluru	Delhi	10.4	83.78	0.033	2140.97	Low	Continue	Normal
2026-07-11T14:43:10.421619+00:00	CONT-1001	Avocado	Bengaluru	Delhi	6.71	89.31	0.575	2131.92	High	Reroute	Critical
2026-07-11T14:43:11.432504+00:00	CONT-1004	Mango	Bengaluru	Delhi	10.37	83.73	0.05	2140.95	Low	Continue	Normal
2026-07-11T14:43:12.438295+00:00	CONT-1004	Mango	Bengaluru	Delhi	10.25	83.35	0.064	2140.94	Low	Continue	Normal
2026-07-11T14:43:13.443015+00:00	CONT-1002	Strawberry	Bengaluru	Delhi	33.62	92.97	0.894	2131.86	High	Reroute	Critical
2026-07-11T14:43:13.445218+00:00	CONT-1003	Grapes	Bengaluru	Delhi	2.74	91.43	0.286	2131.86	High	Reroute	Critical
2026-07-11T14:43:14.450532+00:00	CONT-1001	Avocado	Bengaluru	Delhi	6.81	88.97	0.554	2131.84	High	Reroute	Critical
2026-07-11T14:43:14.453784+00:00	CONT-1003	Grapes	Bengaluru	Delhi	2.7	91.4	0.274	2131.84	High	Reroute	Critical
2026-07-11T14:43:14.455494+00:00	CONT-1004	Mango	Bengaluru	Delhi	10.18	82.96	0.079	2140.92	Low	Continue	Normal
2026-07-11T14:43:16.466965+00:00	CONT-1000	Banana	Bengaluru	Delhi	13.46	90.14	0.236	2140.9	Low	Continue	Normal
2026-07-11T14:43:16.470986+00:00	CONT-1002	Strawberry	Bengaluru	Delhi	33.72	92.8	0.6	2131.8	High	Reroute	Critical
2026-07-11T14:43:16.471722+00:00	CONT-1003	Grapes	Bengaluru	Delhi	2.68	91.38	0.278	2131.8	High	Reroute	Critical
2026-07-11T14:43:17.477310+00:00	CONT-1003	Grapes	Bengaluru	Delhi	2.63	91.11	0.282	2131.78	High	Reroute	Critical
2026-07-11T14:43:18.484367+00:00	CONT-1001	Avocado	Bengaluru	Delhi	6.37	89.5	0.536	2131.76	High	Reroute	Critical
2026-07-11T14:43:18.485204+00:00	CONT-1002	Strawberry	Bengaluru	Delhi	33.79	92.79	0.898	2131.76	High	Reroute	Critical
2026-07-11T14:43:18.486540+00:00	CONT-1003	Grapes	Bengaluru	Delhi	2.67	90.78	0.291	2131.76	High	Reroute	Critical
2026-07-11T14:43:19.493405+00:00	CONT-1004	Mango	Bengaluru	Delhi	10.3	83.18	0.007	2140.87	Low	Continue	Normal
2026-07-11T14:43:20.494770+00:00	CONT-1000	Banana	Bengaluru	Delhi	13.44	89.3	0.235	2140.86	Low	Continue	Normal
2026-07-11T14:43:20.496400+00:00	CONT-1001	Avocado	Bengaluru	Delhi	6.32	89.59	0.556	2131.72	High	Reroute	Critical
2026-07-11T14:43:20.497106+00:00	CONT-1002	Strawberry	Bengaluru	Delhi	33.86	92.23	0.6	2131.72	High	Reroute	Critical
2026-07-11T14:43:20.497651+00:00	CONT-1003	Grapes	Bengaluru	Delhi	2.44	91.41	0.301	2131.72	High	Reroute	Critical
2026-07-11T14:43:21.501764+00:00	CONT-1000	Banana	Bengaluru	Delhi	13.38	88.99	0.251	2140.85	Low	Continue	Normal
2026-07-11T14:43:21.510192+00:00	CONT-1001	Avocado	Bengaluru	Delhi	6.31	89.9	0.574	2131.7	High	Reroute	Critical
2026-07-11T14:43:21.512453+00:00	CONT-1002	Strawberry	Bengaluru	Delhi	33.9	92.58	0.593	2131.7	High	Reroute	Critical
2026-07-11T14:43:21.513593+00:00	CONT-1003	Grapes	Bengaluru	Delhi	2.41	91.6	0.312	2131.7	High	Reroute	Critical
2026-07-11T14:43:22.520981+00:00	CONT-1001	Avocado	Bengaluru	Delhi	6.36	89.56	0.581	2131.68	High	Reroute	Critical
2026-07-11T14:43:23.525665+00:00	CONT-1000	Banana	Bengaluru	Delhi	13.11	88.67	0.277	2140.83	Low	Continue	Normal
2026-07-11T14:43:24.536650+00:00	CONT-1002	Strawberry	Bengaluru	Delhi	34.04	92.39	0.595	2131.64	High	Reroute	Critical
2026-07-11T14:43:24.539196+00:00	CONT-1004	Mango	Bengaluru	Delhi	10.34	83.05	0.027	2140.82	Low	Continue	Normal
2026-07-11T14:43:25.541628+00:00	CONT-1000	Banana	Bengaluru	Delhi	12.91	88.78	0.285	2140.81	Low	Continue	Normal
2026-07-11T14:43:25.543396+00:00	CONT-1001	Avocado	Bengaluru	Delhi	6.1	89.59	0.6	2131.62	High	Reroute	Critical
2026-07-11T14:43:25.544133+00:00	CONT-1002	Strawberry	Bengaluru	Delhi	34.06	92.19	0.579	2131.62	High	Reroute	Critical
2026-07-11T14:43:25.546361+00:00	CONT-1004	Mango	Bengaluru	Delhi	10.35	83.35	0.039	2140.81	Low	Continue	Normal
2026-07-11T14:43:26.549831+00:00	CONT-1001	Avocado	Bengaluru	Delhi	6.22	89.91	0.6	2131.6	High	Reroute	Critical
2026-07-11T14:43:26.551333+00:00	CONT-1002	Strawberry	Bengaluru	Delhi	34.11	91.9	0.58	2131.6	High	Reroute	Critical
2026-07-11T14:43:27.559310+00:00	CONT-1002	Strawberry	Bengaluru	Delhi	34.13	92.28	0.571	2131.58	High	Reroute	Critical
2026-07-11T14:43:27.562941+00:00	CONT-1004	Mango	Bengaluru	Delhi	10.41	83.51	0.041	2140.79	Low	Continue	Normal
2026-07-11T14:43:28.565817+00:00	CONT-1001	Avocado	Bengaluru	Delhi	6.17	89.74	0.6	2131.56	High	Reroute	Critical
2026-07-11T14:43:30.577464+00:00	CONT-1000	Banana	Bengaluru	Delhi	13.09	88.48	0.276	2140.76	Low	Continue	Normal
2026-07-11T14:43:30.579375+00:00	CONT-1001	Avocado	Bengaluru	Delhi	6.09	90.25	0.58	2131.52	High	Reroute	Critical
2026-07-11T14:43:30.580289+00:00	CONT-1002	Strawberry	Bengaluru	Delhi	34.23	91.88	0.573	2131.52	High	Reroute	Critical
2026-07-11T14:43:30.580789+00:00	CONT-1003	Grapes	Bengaluru	Delhi	2	92.46	0.288	2131.52	High	Reroute	Critical
2026-07-11T14:43:31.585066+00:00	CONT-1002	Strawberry	Bengaluru	Delhi	34.27	91.83	1.175	2131.5	High	Reroute	Critical
2026-07-11T14:43:32.591448+00:00	CONT-1003	Grapes	Bengaluru	Delhi	2.09	92.54	0.304	2131.48	High	Reroute	Critical
2026-07-11T14:43:33.596963+00:00	CONT-1000	Banana	Bengaluru	Delhi	13.12	87.95	0.276	2140.73	Low	Continue	Normal
2026-07-11T14:43:35.615850+00:00	CONT-1000	Banana	Bengaluru	Delhi	13.07	87.73	0.249	2140.71	Low	Continue	Normal
2026-07-11T14:43:37.632203+00:00	CONT-1000	Banana	Bengaluru	Delhi	13.16	87.67	0.238	2140.69	Low	Continue	Normal
2026-07-11T14:43:37.635747+00:00	CONT-1002	Strawberry	Bengaluru	Delhi	34.5	92.74	0.6	2131.38	High	Reroute	Critical
2026-07-11T14:43:38.642319+00:00	CONT-1003	Grapes	Bengaluru	Delhi	1.9	93.01	0.274	2131.36	High	Reroute	Critical
2026-07-11T14:43:38.642780+00:00	CONT-1004	Mango	Bengaluru	Delhi	10.67	83.81	0.018	2140.68	Low	Continue	Normal
2026-07-11T14:43:39.644690+00:00	CONT-1000	Banana	Bengaluru	Delhi	12.93	87.32	0.246	2140.67	Low	Continue	Normal
2026-07-11T14:43:41.658398+00:00	CONT-1002	Strawberry	Bengaluru	Delhi	34.67	92.22	0.595	2131.3	High	Reroute	Critical
2026-07-11T14:43:41.659312+00:00	CONT-1003	Grapes	Bengaluru	Delhi	2.07	92.67	0.259	2131.3	High	Reroute	Critical
2026-07-11T14:43:41.660936+00:00	CONT-1004	Mango	Bengaluru	Delhi	10.74	84.47	0.013	2140.65	Low	Continue	Normal
2026-07-11T14:43:42.669030+00:00	CONT-1002	Strawberry	Bengaluru	Delhi	34.7	92.16	1.212	2131.28	High	Reroute	Critical
2026-07-11T14:43:42.673970+00:00	CONT-1004	Mango	Bengaluru	Delhi	10.66	84.84	0.002	2140.64	Low	Continue	Normal
2026-07-11T14:43:43.676212+00:00	CONT-1000	Banana	Bengaluru	Delhi	13.01	86.87	0.262	2140.63	Low	Continue	Normal
2026-07-11T14:43:43.678274+00:00	CONT-1001	Avocado	Bengaluru	Delhi	5.7	90.74	0.58	2131.26	High	Reroute	Critical
2026-07-11T14:43:43.679202+00:00	CONT-1002	Strawberry	Bengaluru	Delhi	34.74	92	0.6	2131.26	High	Reroute	Critical
2026-07-11T14:43:43.679597+00:00	CONT-1003	Grapes	Bengaluru	Delhi	2.11	93.18	0.239	2131.26	High	Reroute	Critical
2026-07-11T14:43:43.679964+00:00	CONT-1004	Mango	Bengaluru	Delhi	10.54	84.96	0.011	2140.63	Low	Continue	Normal
2026-07-11T14:43:44.682755+00:00	CONT-1001	Avocado	Bengaluru	Delhi	5.75	91.1	0.573	2131.24	High	Reroute	Critical
2026-07-11T14:43:45.687307+00:00	CONT-1000	Banana	Bengaluru	Delhi	12.85	87.14	0.248	2140.61	Low	Continue	Normal
2026-07-11T14:43:47.709546+00:00	CONT-1003	Grapes	Bengaluru	Delhi	2.24	92.87	0.267	2131.18	High	Reroute	Critical
2026-07-11T14:43:48.716310+00:00	CONT-1001	Avocado	Bengaluru	Delhi	6.1	91.17	0.577	2131.16	High	Reroute	Critical
2026-07-11T14:43:49.720743+00:00	CONT-1000	Banana	Bengaluru	Delhi	12.88	86.35	0.27	2140.57	Low	Continue	Normal
2026-07-11T14:43:49.724659+00:00	CONT-1003	Grapes	Bengaluru	Delhi	2.17	93.02	0.271	2131.14	High	Reroute	Critical
2026-07-11T14:43:50.726913+00:00	CONT-1000	Banana	Bengaluru	Delhi	12.91	86.74	0.262	2140.56	Low	Continue	Normal
2026-07-11T14:43:50.728598+00:00	CONT-1001	Avocado	Bengaluru	Delhi	6.11	91.4	0.574	2131.12	High	Reroute	Critical
2026-07-11T14:43:50.732018+00:00	CONT-1004	Mango	Bengaluru	Delhi	10.33	85.35	0.031	2140.56	Low	Continue	Normal
2026-07-11T14:43:51.733531+00:00	CONT-1000	Banana	Bengaluru	Delhi	12.9	86.44	0.263	2140.55	Low	Continue	Normal
2026-07-11T14:43:51.735530+00:00	CONT-1001	Avocado	Bengaluru	Delhi	6.12	91.05	0.584	2131.1	High	Reroute	Critical
2026-07-11T14:43:51.736260+00:00	CONT-1002	Strawberry	Bengaluru	Delhi	35.04	92.87	0.587	2131.1	High	Reroute	Critical
2026-07-11T14:43:51.736641+00:00	CONT-1003	Grapes	Bengaluru	Delhi	2.3	92.96	0.254	2131.1	High	Reroute	Critical
2026-07-11T14:43:51.737099+00:00	CONT-1004	Mango	Bengaluru	Delhi	10.48	85.54	0.023	2140.55	Low	Continue	Normal
2026-07-11T14:43:52.738117+00:00	CONT-1000	Banana	Bengaluru	Delhi	13.04	86.17	0.258	2140.54	Low	Continue	Normal
2026-07-11T14:43:52.738908+00:00	CONT-1001	Avocado	Bengaluru	Delhi	6.07	91.2	0.587	2131.08	High	Reroute	Critical
2026-07-11T14:43:53.745865+00:00	CONT-1000	Banana	Bengaluru	Delhi	13.1	86.14	0.273	2140.53	Low	Continue	Normal
2026-07-11T14:43:53.752413+00:00	CONT-1004	Mango	Bengaluru	Delhi	10.61	85.67	0.005	2140.53	Low	Continue	Normal
2026-07-11T14:43:56.771451+00:00	CONT-1002	Strawberry	Bengaluru	Delhi	35.19	93.04	0.545	2131	High	Reroute	Critical
2026-07-11T14:43:56.774706+00:00	CONT-1004	Mango	Bengaluru	Delhi	10.56	85.52	0.02	2140.5	Low	Continue	Normal
2026-07-11T14:43:57.777160+00:00	CONT-1000	Banana	Bengaluru	Delhi	13.4	86.78	0.311	2140.49	Low	Continue	Normal
2026-07-11T14:43:58.786817+00:00	CONT-1002	Strawberry	Bengaluru	Delhi	35.28	93.27	0.557	2130.96	High	Reroute	Critical
2026-07-11T14:43:58.787282+00:00	CONT-1003	Grapes	Bengaluru	Delhi	2.66	93.93	0.313	2130.96	High	Reroute	Critical
2026-07-11T14:43:58.787752+00:00	CONT-1004	Mango	Bengaluru	Delhi	10.45	85.19	0.035	2140.48	Low	Continue	Normal
2026-07-11T14:43:59.790024+00:00	CONT-1001	Avocado	Bengaluru	Delhi	5.53	91.14	0.563	2130.94	High	Reroute	Critical
2026-07-11T14:43:59.795230+00:00	CONT-1004	Mango	Bengaluru	Delhi	10.56	84.88	0.048	2140.47	Low	Continue	Normal
2026-07-11T14:44:00.804221+00:00	CONT-1004	Mango	Bengaluru	Delhi	10.55	84.74	0.055	2140.46	Low	Continue	Normal
2026-07-11T14:44:01.808842+00:00	CONT-1002	Strawberry	Bengaluru	Delhi	35.41	93.2	0.6	2130.9	High	Reroute	Critical
2026-07-11T14:44:01.811225+00:00	CONT-1003	Grapes	Bengaluru	Delhi	2.65	94.24	0.3	2130.9	High	Reroute	Critical
2026-07-11T14:44:02.813900+00:00	CONT-1000	Banana	Bengaluru	Delhi	13.22	87.54	0.331	2140.44	Low	Continue	Normal
2026-07-11T14:44:02.816576+00:00	CONT-1001	Avocado	Bengaluru	Delhi	5.57	91.55	0.586	2130.88	High	Reroute	Critical
2026-07-11T14:44:03.826643+00:00	CONT-1004	Mango	Bengaluru	Delhi	10.65	84.67	0.028	2140.43	Low	Continue	Normal
2026-07-11T14:44:04.830640+00:00	CONT-1002	Strawberry	Bengaluru	Delhi	35.49	93.16	1.024	2130.84	High	Reroute	Critical
2026-07-11T14:44:04.834781+00:00	CONT-1003	Grapes	Bengaluru	Delhi	2.94	94.5	0.269	2130.84	High	Reroute	Critical
2026-07-11T14:44:04.837313+00:00	CONT-1004	Mango	Bengaluru	Delhi	10.66	84.83	0.035	2140.42	Low	Continue	Normal
2026-07-11T14:44:05.842008+00:00	CONT-1001	Avocado	Bengaluru	Delhi	5.36	91.44	0.6	2130.82	High	Reroute	Critical
2026-07-11T14:44:06.850649+00:00	CONT-1000	Banana	Bengaluru	Delhi	13.08	87.34	0.337	2140.4	Low	Continue	Normal
2026-07-11T14:44:07.856819+00:00	CONT-1000	Banana	Bengaluru	Delhi	13.23	87.38	0.332	2140.39	Low	Continue	Normal
2026-07-11T14:44:08.863495+00:00	CONT-1000	Banana	Bengaluru	Delhi	13.16	87.72	0.32	2140.38	Low	Continue	Normal
2026-07-11T14:44:08.865396+00:00	CONT-1001	Avocado	Bengaluru	Delhi	5.36	91.9	0.6	2130.76	High	Reroute	Critical
2026-07-11T14:44:08.866024+00:00	CONT-1002	Strawberry	Bengaluru	Delhi	35.61	92.85	0.594	2130.76	High	Reroute	Critical
2026-07-11T14:44:08.867249+00:00	CONT-1004	Mango	Bengaluru	Delhi	10.79	84.07	0.079	2140.38	Low	Continue	Normal
2026-07-11T14:44:09.870012+00:00	CONT-1000	Banana	Bengaluru	Delhi	13.12	87.91	0.319	2140.37	Low	Continue	Normal
2026-07-11T14:44:09.871969+00:00	CONT-1001	Avocado	Bengaluru	Delhi	5.5	92.18	0.6	2130.74	High	Reroute	Critical
2026-07-11T14:44:09.873620+00:00	CONT-1003	Grapes	Bengaluru	Delhi	2.77	94.38	0.244	2130.74	High	Reroute	Critical
2026-07-11T14:44:09.874962+00:00	CONT-1004	Mango	Bengaluru	Delhi	10.79	83.87	0.07	2140.37	Low	Continue	Normal
2026-07-11T14:44:10.878096+00:00	CONT-1001	Avocado	Bengaluru	Delhi	5.47	92.09	0.583	2130.72	High	Reroute	Critical
2026-07-11T14:44:10.882169+00:00	CONT-1004	Mango	Bengaluru	Delhi	10.68	84.24	0.051	2140.36	Low	Continue	Normal
2026-07-11T14:44:12.889718+00:00	CONT-1000	Banana	Bengaluru	Delhi	13.28	88.16	0.326	2140.34	Low	Continue	Normal
2026-07-11T14:44:12.892258+00:00	CONT-1002	Strawberry	Bengaluru	Delhi	35.76	92.89	0.585	2130.68	High	Reroute	Critical
2026-07-11T14:44:14.906815+00:00	CONT-1002	Strawberry	Bengaluru	Delhi	35.84	93.33	0.598	2130.64	High	Reroute	Critical
2026-07-11T14:44:15.911313+00:00	CONT-1001	Avocado	Bengaluru	Delhi	5.43	92.23	0.582	2130.62	High	Reroute	Critical
2026-07-11T14:44:15.915840+00:00	CONT-1003	Grapes	Bengaluru	Delhi	2.56	94.17	0.205	2130.62	High	Reroute	Critical
2026-07-11T14:44:16.919545+00:00	CONT-1000	Banana	Bengaluru	Delhi	13.13	88.09	0.347	2140.3	Low	Continue	Normal
2026-07-11T14:44:16.920435+00:00	CONT-1001	Avocado	Bengaluru	Delhi	5.44	92.26	0.599	2130.6	High	Reroute	Critical
2026-07-11T14:44:16.924422+00:00	CONT-1003	Grapes	Bengaluru	Delhi	2.47	94.01	0.224	2130.6	High	Reroute	Critical
2026-07-11T14:44:16.925430+00:00	CONT-1004	Mango	Bengaluru	Delhi	10.66	84.06	0.008	2140.3	Low	Continue	Normal
2026-07-11T14:44:17.931016+00:00	CONT-1001	Avocado	Bengaluru	Delhi	5.42	92.18	0.6	2130.58	High	Reroute	Critical
2026-07-11T14:44:19.948799+00:00	CONT-1002	Strawberry	Bengaluru	Delhi	36.05	92.72	0.6	2130.54	High	Reroute	Critical
2026-07-11T14:44:19.951638+00:00	CONT-1004	Mango	Bengaluru	Delhi	10.95	83.73	0.047	2140.27	Low	Continue	Normal
2026-07-11T14:44:20.955880+00:00	CONT-1002	Strawberry	Bengaluru	Delhi	36.09	93.04	0.582	2130.52	High	Reroute	Critical
2026-07-11T14:44:20.958964+00:00	CONT-1004	Mango	Bengaluru	Delhi	10.99	83.85	0.055	2140.26	Low	Continue	Normal
2026-07-11T14:44:22.970805+00:00	CONT-1000	Banana	Bengaluru	Delhi	13.2	87.51	0.318	2140.24	Low	Continue	Normal
2026-07-11T14:44:22.980392+00:00	CONT-1004	Mango	Bengaluru	Delhi	10.75	83.75	0.069	2140.24	Low	Continue	Normal
2026-07-11T14:44:23.982005+00:00	CONT-1000	Banana	Bengaluru	Delhi	13.13	87.28	0.315	2140.23	Low	Continue	Normal
2026-07-11T14:44:24.991593+00:00	CONT-1001	Avocado	Bengaluru	Delhi	5.62	91.45	0.6	2130.44	High	Reroute	Critical
2026-07-11T14:44:24.994605+00:00	CONT-1002	Strawberry	Bengaluru	Delhi	36.24	92.88	0.6	2130.44	High	Reroute	Critical
2026-07-11T14:44:26.004101+00:00	CONT-1002	Strawberry	Bengaluru	Delhi	36.26	93.1	0.6	2130.42	High	Reroute	Critical
2026-07-11T14:44:27.009373+00:00	CONT-1000	Banana	Bengaluru	Delhi	13.12	87.2	0.315	2140.2	Low	Continue	Normal
2026-07-11T14:44:27.013063+00:00	CONT-1002	Strawberry	Bengaluru	Delhi	36.3	92.77	0.584	2130.4	High	Reroute	Critical
2026-07-11T14:44:28.017880+00:00	CONT-1000	Banana	Bengaluru	Delhi	13.25	87.03	0.31	2140.19	Low	Continue	Normal
2026-07-11T14:44:28.020211+00:00	CONT-1002	Strawberry	Bengaluru	Delhi	36.34	92.81	0.592	2130.38	High	Reroute	Critical
2026-07-11T14:44:30.035472+00:00	CONT-1002	Strawberry	Bengaluru	Delhi	36.4	92.92	0.598	2130.34	High	Reroute	Critical
2026-07-11T14:44:31.038927+00:00	CONT-1000	Banana	Bengaluru	Delhi	13.29	87.61	0.302	2140.16	Low	Continue	Normal
2026-07-11T14:44:31.041688+00:00	CONT-1002	Strawberry	Bengaluru	Delhi	36.43	93.03	0.582	2130.32	High	Reroute	Critical
2026-07-11T14:44:31.043972+00:00	CONT-1003	Grapes	Bengaluru	Delhi	2.16	91.37	0.221	2130.32	High	Reroute	Critical
2026-07-11T14:44:32.046347+00:00	CONT-1001	Avocado	Bengaluru	Delhi	5.54	90.08	0.588	2130.3	High	Reroute	Critical
2026-07-11T14:44:33.059757+00:00	CONT-1003	Grapes	Bengaluru	Delhi	2.06	91.93	0.208	2130.28	High	Reroute	Critical
2026-07-11T14:44:34.064957+00:00	CONT-1001	Avocado	Bengaluru	Delhi	5.53	89.58	0.581	2130.26	High	Reroute	Critical
2026-07-11T14:44:34.065784+00:00	CONT-1002	Strawberry	Bengaluru	Delhi	36.55	93.14	0.597	2130.26	High	Reroute	Critical
2026-07-11T14:44:34.069830+00:00	CONT-1004	Mango	Bengaluru	Delhi	10.43	83.46	0.13	2140.13	Low	Continue	Normal
2026-07-11T14:44:35.071544+00:00	CONT-1000	Banana	Bengaluru	Delhi	13.53	87.83	0.328	2140.12	Low	Continue	Normal
2026-07-11T14:44:35.076769+00:00	CONT-1002	Strawberry	Bengaluru	Delhi	36.59	93.01	0.583	2130.24	High	Reroute	Critical
2026-07-11T14:44:35.077608+00:00	CONT-1003	Grapes	Bengaluru	Delhi	2.03	92.11	0.194	2130.24	High	Reroute	Critical
2026-07-11T14:44:35.078505+00:00	CONT-1004	Mango	Bengaluru	Delhi	10.57	83.33	0.138	2140.12	Low	Continue	Normal
2026-07-11T14:44:36.080675+00:00	CONT-1000	Banana	Bengaluru	Delhi	13.62	87.61	0.344	2140.11	Low	Continue	Normal
2026-07-11T14:44:36.084067+00:00	CONT-1002	Strawberry	Bengaluru	Delhi	36.62	93.25	0.6	2130.22	High	Reroute	Critical
2026-07-11T14:44:40.103676+00:00	CONT-1002	Strawberry	Bengaluru	Delhi	36.77	92.92	0.57	2130.14	High	Reroute	Critical
2026-07-11T14:44:43.120700+00:00	CONT-1000	Banana	Bengaluru	Delhi	13.69	87.46	0.361	2140.04	Low	Continue	Normal
2026-07-11T14:44:43.126204+00:00	CONT-1004	Mango	Bengaluru	Delhi	11.16	83.19	0.118	2140.04	Low	Continue	Normal
2026-07-11T14:44:45.140883+00:00	CONT-1003	Grapes	Bengaluru	Delhi	1.69	92.33	0.199	2130.04	High	Reroute	Critical
2026-07-11T14:44:46.171590+00:00	CONT-1003	Grapes	Bengaluru	Delhi	1.57	91.95	0.185	2130.02	High	Reroute	Critical
2026-07-11T14:44:46.172848+00:00	CONT-1004	Mango	Bengaluru	Delhi	11.22	83.44	0.122	2140.01	Low	Continue	Normal
2026-07-11T14:44:47.179048+00:00	CONT-1002	Strawberry	Bengaluru	Delhi	37.01	91.96	0.544	2130	High	Reroute	Critical
2026-07-11T14:44:47.181197+00:00	CONT-1003	Grapes	Bengaluru	Delhi	1.57	91.89	0.171	2130	High	Reroute	Critical
2026-07-11T14:44:47.182019+00:00	CONT-1004	Mango	Bengaluru	Delhi	11.31	83.28	0.104	2140	Low	Continue	Normal
2026-07-11T14:44:48.187135+00:00	CONT-1003	Grapes	Bengaluru	Delhi	1.62	91.66	0.188	2129.98	High	Reroute	Critical
2026-07-11T14:44:50.195845+00:00	CONT-1000	Banana	Bengaluru	Delhi	13.65	88.13	0.343	2139.97	Low	Continue	Normal
2026-07-11T14:44:51.206025+00:00	CONT-1002	Strawberry	Bengaluru	Delhi	37.15	91.93	0.532	2129.92	High	Reroute	Critical
2026-07-11T14:44:52.212588+00:00	CONT-1001	Avocado	Bengaluru	Delhi	5.61	90.26	0.578	2129.9	High	Reroute	Critical
2026-07-11T14:44:52.214642+00:00	CONT-1003	Grapes	Bengaluru	Delhi	1.67	91.86	0.152	2129.9	High	Reroute	Critical
2026-07-11T14:44:52.215750+00:00	CONT-1004	Mango	Bengaluru	Delhi	11.15	82.12	0.055	2139.95	Low	Continue	Normal
2026-07-11T14:44:53.219365+00:00	CONT-1001	Avocado	Bengaluru	Delhi	5.58	90.57	0.565	2129.88	High	Reroute	Critical
2026-07-11T14:44:54.231343+00:00	CONT-1004	Mango	Bengaluru	Delhi	11.2	81.84	0.054	2139.93	Low	Continue	Normal
2026-07-11T14:44:55.236048+00:00	CONT-1001	Avocado	Bengaluru	Delhi	5.73	90.84	0.584	2129.84	High	Reroute	Critical
2026-07-11T14:44:55.238295+00:00	CONT-1003	Grapes	Bengaluru	Delhi	1.78	92.29	0.135	2129.84	High	Reroute	Critical
2026-07-11T14:44:56.242513+00:00	CONT-1001	Avocado	Bengaluru	Delhi	5.68	90.96	0.589	2129.82	High	Reroute	Critical
2026-07-11T14:44:57.247232+00:00	CONT-1000	Banana	Bengaluru	Delhi	13.28	86.75	0.289	2139.9	Low	Continue	Normal
2026-07-11T14:44:57.250088+00:00	CONT-1002	Strawberry	Bengaluru	Delhi	37.37	91.58	0.6	2129.8	High	Reroute	Critical
2026-07-11T14:44:57.251501+00:00	CONT-1004	Mango	Bengaluru	Delhi	10.88	82.52	0.078	2139.9	Low	Continue	Normal
2026-07-11T14:44:58.253001+00:00	CONT-1000	Banana	Bengaluru	Delhi	13.18	87.01	0.282	2139.89	Low	Continue	Normal
2026-07-11T14:44:58.253718+00:00	CONT-1001	Avocado	Bengaluru	Delhi	5.66	91.28	0.594	2129.78	High	Reroute	Critical
2026-07-11T14:44:58.255384+00:00	CONT-1002	Strawberry	Bengaluru	Delhi	37.39	91.72	0.583	2129.78	High	Reroute	Critical
2026-07-11T14:44:59.260652+00:00	CONT-1001	Avocado	Bengaluru	Delhi	5.63	91.09	0.587	2129.76	High	Reroute	Critical
2026-07-11T14:45:00.266936+00:00	CONT-1001	Avocado	Bengaluru	Delhi	5.55	91.37	0.571	2129.74	High	Reroute	Critical
2026-07-11T14:45:00.268688+00:00	CONT-1002	Strawberry	Bengaluru	Delhi	37.45	91.73	0.574	2129.74	High	Reroute	Critical
2026-07-11T14:45:00.270524+00:00	CONT-1004	Mango	Bengaluru	Delhi	10.97	82.17	0.038	2139.87	Low	Continue	Normal
2026-07-11T14:45:01.273123+00:00	CONT-1001	Avocado	Bengaluru	Delhi	5.51	91.02	0.551	2129.72	High	Reroute	Critical
2026-07-11T14:45:02.284384+00:00	CONT-1002	Strawberry	Bengaluru	Delhi	37.52	91.92	0.6	2129.7	High	Reroute	Critical
2026-07-11T14:45:03.290629+00:00	CONT-1001	Avocado	Bengaluru	Delhi	5.42	90.94	0.59	2129.68	High	Reroute	Critical
2026-07-11T14:45:03.292082+00:00	CONT-1002	Strawberry	Bengaluru	Delhi	37.54	91.74	0.581	2129.68	High	Reroute	Critical
2026-07-11T14:45:03.292730+00:00	CONT-1003	Grapes	Bengaluru	Delhi	1.71	91.99	0.137	2129.68	High	Reroute	Critical
2026-07-11T14:45:04.295782+00:00	CONT-1000	Banana	Bengaluru	Delhi	13.46	86.83	0.312	2139.83	Low	Continue	Normal
2026-07-11T14:45:05.309386+00:00	CONT-1002	Strawberry	Bengaluru	Delhi	37.62	92.2	0.559	2129.64	High	Reroute	Critical
2026-07-11T14:45:06.314871+00:00	CONT-1001	Avocado	Bengaluru	Delhi	5.25	90.68	0.589	2129.62	High	Reroute	Critical
2026-07-11T14:45:06.322378+00:00	CONT-1003	Grapes	Bengaluru	Delhi	1.69	92.23	0.156	2129.62	Medium	Continue	Warning
2026-07-11T14:45:07.325595+00:00	CONT-1000	Banana	Bengaluru	Delhi	13.59	87.45	0.334	2139.8	Low	Continue	Normal
2026-07-11T14:45:07.326301+00:00	CONT-1001	Avocado	Bengaluru	Delhi	5.29	90.82	0.587	2129.6	High	Reroute	Critical
2026-07-11T14:45:07.328902+00:00	CONT-1003	Grapes	Bengaluru	Delhi	1.58	92.49	0.139	2129.6	Medium	Continue	Warning
2026-07-11T14:45:07.330031+00:00	CONT-1004	Mango	Bengaluru	Delhi	11.18	83.01	0	2139.8	Low	Continue	Normal
2026-07-11T14:45:08.333883+00:00	CONT-1001	Avocado	Bengaluru	Delhi	5.36	90.91	0.588	2129.58	High	Reroute	Critical
2026-07-11T14:45:08.336629+00:00	CONT-1004	Mango	Bengaluru	Delhi	11.25	82.74	0.01	2139.79	Low	Continue	Normal
2026-07-11T14:45:09.343277+00:00	CONT-1000	Banana	Bengaluru	Delhi	13.75	86.93	0.343	2139.78	Low	Continue	Normal
2026-07-11T14:45:09.346689+00:00	CONT-1003	Grapes	Bengaluru	Delhi	1.54	92.38	0.149	2129.56	Medium	Continue	Warning
2026-07-11T14:45:09.352590+00:00	CONT-1004	Mango	Bengaluru	Delhi	11.15	82.77	0.011	2139.78	Low	Continue	Normal
2026-07-11T14:45:10.359374+00:00	CONT-1003	Grapes	Bengaluru	Delhi	1.52	92.37	0.157	2129.54	Medium	Continue	Warning
2026-07-11T14:45:11.367582+00:00	CONT-1004	Mango	Bengaluru	Delhi	11.24	82.2	0	2139.76	Low	Continue	Normal
2026-07-11T14:45:12.373613+00:00	CONT-1002	Strawberry	Bengaluru	Delhi	37.86	91.77	0.56	2129.5	High	Reroute	Critical
2026-07-11T14:45:12.374308+00:00	CONT-1003	Grapes	Bengaluru	Delhi	1.48	92.6	0.135	2129.5	Medium	Continue	Warning
2026-07-11T14:45:13.380183+00:00	CONT-1002	Strawberry	Bengaluru	Delhi	37.9	91.77	0.575	2129.48	High	Reroute	Critical
2026-07-11T14:45:14.391370+00:00	CONT-1002	Strawberry	Bengaluru	Delhi	37.94	91.71	0.561	2129.46	High	Reroute	Critical
2026-07-11T14:45:14.393987+00:00	CONT-1004	Mango	Bengaluru	Delhi	11.32	82.56	0.017	2139.73	Low	Continue	Normal
2026-07-11T14:45:15.395842+00:00	CONT-1000	Banana	Bengaluru	Delhi	13.69	86.22	0.401	2139.72	Low	Continue	Normal
2026-07-11T14:45:16.408035+00:00	CONT-1000	Banana	Bengaluru	Delhi	13.57	86.3	0.417	2139.71	Low	Continue	Normal
2026-07-11T14:45:17.416791+00:00	CONT-1001	Avocado	Bengaluru	Delhi	5.72	90.23	0.58	2129.4	High	Reroute	Critical
2026-07-11T14:45:17.419185+00:00	CONT-1002	Strawberry	Bengaluru	Delhi	38.03	91.74	0.576	2129.4	High	Reroute	Critical
2026-07-11T14:45:17.419735+00:00	CONT-1003	Grapes	Bengaluru	Delhi	1.55	91.51	0.136	2129.4	Medium	Continue	Warning
2026-07-11T14:45:17.420254+00:00	CONT-1004	Mango	Bengaluru	Delhi	11.43	82.58	0.028	2139.7	Low	Continue	Normal
2026-07-11T14:45:18.424804+00:00	CONT-1003	Grapes	Bengaluru	Delhi	1.7	91.3	0.145	2129.38	Medium	Continue	Warning
2026-07-11T14:45:19.430927+00:00	CONT-1002	Strawberry	Bengaluru	Delhi	38.11	91.4	1.334	2129.36	High	Reroute	Critical
2026-07-11T14:45:20.438911+00:00	CONT-1001	Avocado	Bengaluru	Delhi	5.77	89.73	0.596	2129.34	High	Reroute	Critical
2026-07-11T14:45:20.440309+00:00	CONT-1002	Strawberry	Bengaluru	Delhi	38.16	91.28	0.6	2129.34	High	Reroute	Critical
2026-07-11T14:45:20.441059+00:00	CONT-1003	Grapes	Bengaluru	Delhi	1.88	91.5	0.155	2129.34	Medium	Continue	Warning
2026-07-11T14:45:20.441560+00:00	CONT-1004	Mango	Bengaluru	Delhi	11.63	82.19	0.074	2139.67	Low	Continue	Normal
2026-07-11T14:45:21.446539+00:00	CONT-1003	Grapes	Bengaluru	Delhi	1.9	91.81	0.175	2129.32	Medium	Continue	Warning
2026-07-11T14:45:22.455378+00:00	CONT-1004	Mango	Bengaluru	Delhi	11.68	82.26	0.051	2139.65	Low	Continue	Normal
2026-07-11T14:45:23.459846+00:00	CONT-1001	Avocado	Bengaluru	Delhi	5.89	89.28	0.59	2129.28	High	Reroute	Critical
2026-07-11T14:45:23.462571+00:00	CONT-1003	Grapes	Bengaluru	Delhi	2.01	92.27	0.151	2129.28	Medium	Continue	Warning
2026-07-11T14:45:24.470595+00:00	CONT-1001	Avocado	Bengaluru	Delhi	5.77	88.96	0.579	2129.26	High	Reroute	Critical
2026-07-11T14:45:24.474615+00:00	CONT-1004	Mango	Bengaluru	Delhi	11.81	82.25	0.059	2139.63	Low	Continue	Normal
2026-07-11T14:45:25.477638+00:00	CONT-1001	Avocado	Bengaluru	Delhi	5.88	89.18	0.561	2129.24	High	Reroute	Critical
2026-07-11T14:45:25.480098+00:00	CONT-1002	Strawberry	Bengaluru	Delhi	38.3	91.91	0.59	2129.24	High	Reroute	Critical
2026-07-11T14:45:25.482139+00:00	CONT-1004	Mango	Bengaluru	Delhi	11.71	82.51	0.042	2139.62	Low	Continue	Normal
2026-07-11T14:45:26.487490+00:00	CONT-1002	Strawberry	Bengaluru	Delhi	38.35	91.78	1.253	2129.22	High	Reroute	Critical
2026-07-11T14:45:26.488035+00:00	CONT-1003	Grapes	Bengaluru	Delhi	1.75	91.56	0.14	2129.22	Low	Continue	Normal
2026-07-11T14:45:27.496012+00:00	CONT-1002	Strawberry	Bengaluru	Delhi	38.38	91.4	0.6	2129.2	High	Reroute	Critical
2026-07-11T14:45:30.517017+00:00	CONT-1002	Strawberry	Bengaluru	Delhi	38.51	90.77	0.569	2129.14	High	Reroute	Critical
2026-07-11T14:45:30.523533+00:00	CONT-1004	Mango	Bengaluru	Delhi	11.97	82.33	0.035	2139.57	Low	Continue	Normal
2026-07-11T14:45:31.529990+00:00	CONT-1000	Banana	Bengaluru	Delhi	12.82	86.77	0.399	2139.56	Low	Continue	Normal
2026-07-11T14:45:32.544706+00:00	CONT-1001	Avocado	Bengaluru	Delhi	6.02	89.26	0.565	2129.1	High	Reroute	Critical
2026-07-11T14:45:32.546286+00:00	CONT-1002	Strawberry	Bengaluru	Delhi	38.57	90.38	0.585	2129.1	High	Reroute	Critical
2026-07-11T14:45:32.546949+00:00	CONT-1003	Grapes	Bengaluru	Delhi	1.21	91.56	0.143	2129.1	Low	Continue	Normal
2026-07-11T14:45:34.573351+00:00	CONT-1002	Strawberry	Bengaluru	Delhi	38.64	90.91	0.6	2129.06	High	Reroute	Critical
2026-07-11T14:45:34.577072+00:00	CONT-1004	Mango	Bengaluru	Delhi	12.18	82.45	0.016	2139.53	Low	Continue	Normal
2026-07-11T14:45:35.581816+00:00	CONT-1002	Strawberry	Bengaluru	Delhi	38.69	91.23	0.594	2129.04	High	Reroute	Critical
2026-07-11T14:45:36.594231+00:00	CONT-1004	Mango	Bengaluru	Delhi	12.2	82.29	0.041	2139.51	Low	Continue	Normal
2026-07-11T14:45:37.600776+00:00	CONT-1003	Grapes	Bengaluru	Delhi	1.12	91.67	0.146	2129	Low	Continue	Normal
2026-07-11T14:45:37.603529+00:00	CONT-1004	Mango	Bengaluru	Delhi	12.09	82.63	0.059	2139.5	Low	Continue	Normal
2026-07-11T14:45:38.612183+00:00	CONT-1001	Avocado	Bengaluru	Delhi	5.97	89.23	0.519	2128.98	High	Reroute	Critical
2026-07-11T14:45:39.616117+00:00	CONT-1000	Banana	Bengaluru	Delhi	12.93	85.55	0.418	2139.48	Low	Continue	Normal
2026-07-11T14:45:39.618246+00:00	CONT-1001	Avocado	Bengaluru	Delhi	5.97	88.94	0.522	2128.96	High	Reroute	Critical
2026-07-11T14:45:39.620271+00:00	CONT-1003	Grapes	Bengaluru	Delhi	0.96	91.48	0.158	2128.96	Low	Continue	Normal
2026-07-11T14:45:40.624792+00:00	CONT-1000	Banana	Bengaluru	Delhi	12.92	85.65	0.415	2139.47	Low	Continue	Normal
2026-07-11T14:45:40.625379+00:00	CONT-1001	Avocado	Bengaluru	Delhi	6.03	89.1	0.522	2128.94	High	Reroute	Critical
2026-07-11T14:45:40.626850+00:00	CONT-1002	Strawberry	Bengaluru	Delhi	38.86	90.97	0.576	2128.94	High	Reroute	Critical
2026-07-11T14:45:42.638633+00:00	CONT-1000	Banana	Bengaluru	Delhi	12.98	85.89	0.423	2139.45	Low	Continue	Normal
2026-07-11T14:45:43.653126+00:00	CONT-1004	Mango	Bengaluru	Delhi	12	82.91	0.092	2139.44	Low	Continue	Normal
2026-07-11T14:45:44.656268+00:00	CONT-1001	Avocado	Bengaluru	Delhi	6.01	88.99	0.505	2128.86	High	Reroute	Critical
2026-07-11T14:45:44.657944+00:00	CONT-1002	Strawberry	Bengaluru	Delhi	38.99	90.91	0.587	2128.86	High	Reroute	Critical
2026-07-11T14:45:44.658822+00:00	CONT-1003	Grapes	Bengaluru	Delhi	0.95	91.53	0.12	2128.86	Low	Continue	Normal
2026-07-11T14:45:48.691205+00:00	CONT-1001	Avocado	Bengaluru	Delhi	6.05	89.05	0.518	2128.78	High	Reroute	Critical
2026-07-11T14:45:48.691816+00:00	CONT-1002	Strawberry	Bengaluru	Delhi	39.12	91.9	0.57	2128.78	High	Reroute	Critical
2026-07-11T14:45:48.693344+00:00	CONT-1003	Grapes	Bengaluru	Delhi	1.05	91.64	0.12	2128.78	Low	Continue	Normal
2026-07-11T14:45:48.693804+00:00	CONT-1004	Mango	Bengaluru	Delhi	11.97	83.28	0.084	2139.39	Low	Continue	Normal
2026-07-11T14:45:49.696250+00:00	CONT-1000	Banana	Bengaluru	Delhi	13.1	86.26	0.394	2139.38	Low	Continue	Normal
2026-07-11T14:45:49.696983+00:00	CONT-1001	Avocado	Bengaluru	Delhi	6.03	89.19	0.518	2128.76	High	Reroute	Critical
2026-07-11T14:45:49.700360+00:00	CONT-1003	Grapes	Bengaluru	Delhi	1.04	91.85	0.102	2128.76	Low	Continue	Normal
2026-07-11T14:45:49.701009+00:00	CONT-1004	Mango	Bengaluru	Delhi	12	83.58	0.094	2139.38	Low	Continue	Normal
2026-07-11T14:45:51.710034+00:00	CONT-1001	Avocado	Bengaluru	Delhi	5.97	88.85	0.54	2128.72	High	Reroute	Critical
2026-07-11T14:45:52.716481+00:00	CONT-1001	Avocado	Bengaluru	Delhi	5.89	88.71	0.529	2128.7	High	Reroute	Critical
2026-07-11T14:45:54.733709+00:00	CONT-1000	Banana	Bengaluru	Delhi	13.14	85.87	0.43	2139.33	Low	Continue	Normal
2026-07-11T14:45:56.747730+00:00	CONT-1001	Avocado	Bengaluru	Delhi	5.9	88.72	0.531	2128.62	High	Reroute	Critical
2026-07-11T14:45:56.750070+00:00	CONT-1002	Strawberry	Bengaluru	Delhi	39.39	90.78	0.6	2128.62	High	Reroute	Critical
2026-07-11T14:45:56.752431+00:00	CONT-1003	Grapes	Bengaluru	Delhi	1.1	92.28	0.073	2128.62	Low	Continue	Normal
2026-07-11T14:45:56.752914+00:00	CONT-1004	Mango	Bengaluru	Delhi	12.12	83.22	0.056	2139.31	Low	Continue	Normal
2026-07-11T14:45:57.757050+00:00	CONT-1004	Mango	Bengaluru	Delhi	12.09	83.33	0.051	2139.3	Low	Continue	Normal
2026-07-11T14:45:58.759286+00:00	CONT-1000	Banana	Bengaluru	Delhi	13.27	86.03	0.46	2139.29	Low	Continue	Normal
2026-07-11T14:45:58.761138+00:00	CONT-1001	Avocado	Bengaluru	Delhi	5.89	88.63	0.525	2128.58	High	Reroute	Critical
2026-07-11T14:45:58.761804+00:00	CONT-1002	Strawberry	Bengaluru	Delhi	39.46	90.62	0.572	2128.58	High	Reroute	Critical
2026-07-11T14:45:58.764482+00:00	CONT-1004	Mango	Bengaluru	Delhi	12.1	83.26	0.031	2139.29	Low	Continue	Normal
2026-07-11T14:45:59.765753+00:00	CONT-1000	Banana	Bengaluru	Delhi	13.23	85.86	0.454	2139.28	Low	Continue	Normal
2026-07-11T14:45:59.770500+00:00	CONT-1003	Grapes	Bengaluru	Delhi	1.31	92.54	0.067	2128.56	Low	Continue	Normal
2026-07-11T14:45:59.771153+00:00	CONT-1004	Mango	Bengaluru	Delhi	12.16	83.16	0.036	2139.28	Low	Continue	Normal
2026-07-11T14:46:00.772496+00:00	CONT-1000	Banana	Bengaluru	Delhi	13.36	86.09	0.459	2139.27	Low	Continue	Normal
2026-07-11T14:46:00.775932+00:00	CONT-1002	Strawberry	Bengaluru	Delhi	39.52	90.33	0.562	2128.54	High	Reroute	Critical
2026-07-11T14:46:00.776592+00:00	CONT-1003	Grapes	Bengaluru	Delhi	1.24	92.84	0.067	2128.54	Low	Continue	Normal
2026-07-11T14:46:00.777083+00:00	CONT-1004	Mango	Bengaluru	Delhi	12.03	83.45	0.018	2139.27	Low	Continue	Normal
2026-07-11T14:46:01.778150+00:00	CONT-1000	Banana	Bengaluru	Delhi	13.4	86.3	0.479	2139.26	Low	Continue	Normal
2026-07-11T14:46:01.780286+00:00	CONT-1001	Avocado	Bengaluru	Delhi	6.07	88.8	0.526	2128.52	High	Reroute	Critical
2026-07-11T14:46:01.781081+00:00	CONT-1002	Strawberry	Bengaluru	Delhi	39.57	90.2	0.578	2128.52	High	Reroute	Critical
2026-07-11T14:46:02.788014+00:00	CONT-1000	Banana	Bengaluru	Delhi	13.26	86.17	0.488	2139.25	Low	Continue	Normal
2026-07-11T14:46:02.791232+00:00	CONT-1003	Grapes	Bengaluru	Delhi	1.13	92.52	0.067	2128.5	Low	Continue	Normal
2026-07-11T14:46:02.792860+00:00	CONT-1004	Mango	Bengaluru	Delhi	12.04	83.03	0.023	2139.25	Low	Continue	Normal
2026-07-11T14:46:04.801537+00:00	CONT-1000	Banana	Bengaluru	Delhi	13.25	85.45	0.495	2139.23	Low	Continue	Normal
2026-07-11T14:46:05.809547+00:00	CONT-1003	Grapes	Bengaluru	Delhi	1.24	92.42	0.077	2128.44	Low	Continue	Normal
2026-07-11T14:46:06.813956+00:00	CONT-1000	Banana	Bengaluru	Delhi	13.35	85.12	0.501	2139.21	Low	Continue	Warning
2026-07-11T14:46:06.815648+00:00	CONT-1001	Avocado	Bengaluru	Delhi	5.82	89.14	0.543	2128.42	High	Reroute	Critical
2026-07-11T14:46:07.827497+00:00	CONT-1003	Grapes	Bengaluru	Delhi	1.23	93	0.1	2128.4	Low	Continue	Normal
2026-07-11T14:46:08.829791+00:00	CONT-1000	Banana	Bengaluru	Delhi	13.31	85.52	0.51	2139.19	Medium	Continue	Warning
2026-07-11T14:46:08.830596+00:00	CONT-1001	Avocado	Bengaluru	Delhi	6.03	88.86	0.55	2128.38	High	Reroute	Critical
2026-07-11T14:46:08.841073+00:00	CONT-1004	Mango	Bengaluru	Delhi	12.4	82.76	0	2139.19	Low	Continue	Normal
2026-07-11T14:46:09.850255+00:00	CONT-1004	Mango	Bengaluru	Delhi	12.47	82.94	0	2139.18	Low	Continue	Normal
2026-07-11T14:46:10.862625+00:00	CONT-1002	Strawberry	Bengaluru	Delhi	39.9	90.09	0.6	2128.34	High	Reroute	Critical
2026-07-11T14:46:10.864984+00:00	CONT-1004	Mango	Bengaluru	Delhi	12.6	83.02	0	2139.17	Low	Continue	Normal
2026-07-11T14:46:11.866344+00:00	CONT-1000	Banana	Bengaluru	Delhi	13.17	85.88	0.508	2139.16	Medium	Continue	Warning
2026-07-11T14:46:11.869276+00:00	CONT-1002	Strawberry	Bengaluru	Delhi	39.95	89.99	0.6	2128.32	High	Reroute	Critical
2026-07-11T14:46:12.878475+00:00	CONT-1002	Strawberry	Bengaluru	Delhi	39.97	89.74	0.596	2128.3	High	Reroute	Critical
2026-07-11T14:46:12.879139+00:00	CONT-1003	Grapes	Bengaluru	Delhi	1.21	92.88	0.065	2128.3	Low	Continue	Normal
2026-07-11T14:46:13.888164+00:00	CONT-1003	Grapes	Bengaluru	Delhi	1.27	93.22	0.073	2128.28	Low	Continue	Normal
2026-07-11T14:46:14.890525+00:00	CONT-1000	Banana	Bengaluru	Delhi	13.22	85.89	0.489	2139.13	Medium	Continue	Warning
2026-07-11T14:46:15.907375+00:00	CONT-1004	Mango	Bengaluru	Delhi	12.73	82.98	0.045	2139.12	Low	Continue	Normal
2026-07-11T14:46:16.916950+00:00	CONT-1002	Strawberry	Bengaluru	Delhi	40.1	89.34	0.6	2128.22	High	Reroute	Critical
2026-07-11T14:46:17.930313+00:00	CONT-1001	Avocado	Bengaluru	Delhi	5.9	88.55	0.544	2128.2	High	Reroute	Critical
2026-07-11T14:46:17.932814+00:00	CONT-1003	Grapes	Bengaluru	Delhi	1.29	93.56	0.117	2128.2	Low	Continue	Normal
2026-07-11T14:46:18.945394+00:00	CONT-1003	Grapes	Bengaluru	Delhi	1.2	93.37	0.103	2128.18	Low	Continue	Normal
2026-07-11T14:46:18.949161+00:00	CONT-1004	Mango	Bengaluru	Delhi	12.96	83.25	0.071	2139.09	Low	Continue	Normal
2026-07-11T14:46:19.955897+00:00	CONT-1000	Banana	Bengaluru	Delhi	13.28	86.47	0.454	2139.08	Medium	Continue	Warning
2026-07-11T14:46:20.964936+00:00	CONT-1001	Avocado	Bengaluru	Delhi	5.77	88.92	0.517	2128.14	High	Reroute	Critical
2026-07-11T14:46:20.966295+00:00	CONT-1002	Strawberry	Bengaluru	Delhi	40.25	88.81	0.595	2128.14	High	Reroute	Critical
2026-07-11T14:46:21.971100+00:00	CONT-1000	Banana	Bengaluru	Delhi	13.47	86.93	0.464	2139.06	Medium	Continue	Warning
2026-07-11T14:46:22.976395+00:00	CONT-1000	Banana	Bengaluru	Delhi	13.46	86.57	0.456	2139.05	Medium	Continue	Warning
2026-07-11T14:46:26.003072+00:00	CONT-1002	Strawberry	Bengaluru	Delhi	40.41	89.51	0.6	2128.04	High	Reroute	Critical
2026-07-11T14:46:27.006970+00:00	CONT-1000	Banana	Bengaluru	Delhi	13.3	86.84	0.478	2139.01	Low	Continue	Normal
2026-07-11T14:46:29.021849+00:00	CONT-1000	Banana	Bengaluru	Delhi	13.42	86.3	0.476	2138.99	Low	Continue	Normal
2026-07-11T14:46:29.022508+00:00	CONT-1001	Avocado	Bengaluru	Delhi	5.34	88.79	0.517	2127.98	High	Reroute	Critical
2026-07-11T14:46:29.024253+00:00	CONT-1002	Strawberry	Bengaluru	Delhi	40.5	89.81	1.106	2127.98	High	Reroute	Critical
2026-07-11T14:46:29.025103+00:00	CONT-1003	Grapes	Bengaluru	Delhi	1.51	93.78	0.072	2127.98	Low	Continue	Normal
2026-07-11T14:46:30.026874+00:00	CONT-1000	Banana	Bengaluru	Delhi	13.39	86.5	0.457	2138.98	Low	Continue	Normal
2026-07-11T14:46:30.033285+00:00	CONT-1004	Mango	Bengaluru	Delhi	13.17	83.63	0.062	2138.98	Low	Continue	Normal
2026-07-11T14:46:31.037532+00:00	CONT-1000	Banana	Bengaluru	Delhi	13.44	86.61	0.459	2138.97	Low	Continue	Normal
2026-07-11T14:46:31.039293+00:00	CONT-1001	Avocado	Bengaluru	Delhi	5.4	88.2	0.51	2127.94	High	Reroute	Critical
2026-07-11T14:46:31.039975+00:00	CONT-1002	Strawberry	Bengaluru	Delhi	40.56	89.87	0.592	2127.94	High	Reroute	Critical
2026-07-11T14:46:32.046454+00:00	CONT-1003	Grapes	Bengaluru	Delhi	1.47	93.86	0.074	2127.92	Low	Continue	Normal
2026-07-11T14:46:32.048017+00:00	CONT-1004	Mango	Bengaluru	Delhi	13.03	83.16	0.089	2138.96	Low	Continue	Normal
2026-07-11T14:46:33.053373+00:00	CONT-1003	Grapes	Bengaluru	Delhi	1.59	93.99	0.069	2127.9	Low	Continue	Normal
2026-07-11T14:46:34.056703+00:00	CONT-1000	Banana	Bengaluru	Delhi	13.64	86.68	0.457	2138.94	Low	Continue	Normal
2026-07-11T14:46:36.080167+00:00	CONT-1001	Avocado	Bengaluru	Delhi	5.35	88.36	0.49	2127.84	High	Reroute	Critical
2026-07-11T14:46:36.084033+00:00	CONT-1003	Grapes	Bengaluru	Delhi	1.77	94.06	0.1	2127.84	Low	Continue	Normal
2026-07-11T14:46:36.088268+00:00	CONT-1004	Mango	Bengaluru	Delhi	13.03	82.69	0.149	2138.92	Low	Continue	Normal
2026-07-11T14:46:37.092328+00:00	CONT-1001	Avocado	Bengaluru	Delhi	5.28	88.37	0.493	2127.82	High	Reroute	Critical
2026-07-11T14:46:39.108589+00:00	CONT-1001	Avocado	Bengaluru	Delhi	5.22	88.28	0.461	2127.78	High	Reroute	Critical
2026-07-11T14:46:40.117183+00:00	CONT-1001	Avocado	Bengaluru	Delhi	5.11	88.42	0.47	2127.76	High	Reroute	Critical
2026-07-11T14:46:41.131125+00:00	CONT-1004	Mango	Bengaluru	Delhi	12.97	82.86	0.15	2138.87	Low	Continue	Normal
2026-07-11T14:46:42.132769+00:00	CONT-1000	Banana	Bengaluru	Delhi	13.96	87.03	0.511	2138.86	Medium	Continue	Warning
2026-07-11T14:46:42.135023+00:00	CONT-1001	Avocado	Bengaluru	Delhi	5.06	88.76	0.466	2127.72	High	Reroute	Critical
2026-07-11T14:46:42.136685+00:00	CONT-1002	Strawberry	Bengaluru	Delhi	40.95	87.93	0.579	2127.72	High	Reroute	Critical
2026-07-11T14:46:42.137072+00:00	CONT-1003	Grapes	Bengaluru	Delhi	1.89	94.31	0.097	2127.72	Low	Continue	Normal
2026-07-11T14:46:42.137740+00:00	CONT-1004	Mango	Bengaluru	Delhi	12.86	83.17	0.144	2138.86	Low	Continue	Normal
2026-07-11T14:46:43.142133+00:00	CONT-1002	Strawberry	Bengaluru	Delhi	40.98	87.77	0.575	2127.7	High	Reroute	Critical
2026-07-11T14:46:45.152787+00:00	CONT-1001	Avocado	Bengaluru	Delhi	5.05	88.89	0.492	2127.66	High	Reroute	Critical
2026-07-11T14:46:45.157553+00:00	CONT-1004	Mango	Bengaluru	Delhi	12.93	83.24	0.179	2138.83	Low	Continue	Normal
2026-07-11T14:46:46.159642+00:00	CONT-1000	Banana	Bengaluru	Delhi	13.96	87.14	0.528	2138.82	Medium	Continue	Warning
2026-07-11T14:46:46.161807+00:00	CONT-1001	Avocado	Bengaluru	Delhi	5.18	89.25	0.484	2127.64	Medium	Continue	Warning
2026-07-11T14:46:46.162548+00:00	CONT-1002	Strawberry	Bengaluru	Delhi	41.1	87.11	0.6	2127.64	High	Reroute	Critical
2026-07-11T14:46:46.163033+00:00	CONT-1003	Grapes	Bengaluru	Delhi	1.68	94.09	0.117	2127.64	Low	Continue	Normal
2026-07-11T14:46:46.163352+00:00	CONT-1004	Mango	Bengaluru	Delhi	12.81	83.28	0.178	2138.82	Low	Continue	Normal
2026-07-11T14:46:47.165257+00:00	CONT-1001	Avocado	Bengaluru	Delhi	5.25	89.53	0.5	2127.62	Medium	Continue	Warning
2026-07-11T14:46:47.167964+00:00	CONT-1003	Grapes	Bengaluru	Delhi	1.8	94.45	0.134	2127.62	Low	Continue	Normal
2026-07-11T14:46:48.174744+00:00	CONT-1002	Strawberry	Bengaluru	Delhi	41.15	86.99	0.591	2127.6	High	Reroute	Critical
2026-07-11T14:46:49.179019+00:00	CONT-1000	Banana	Bengaluru	Delhi	13.99	87.31	0.518	2138.79	High	Reroute	Critical
2026-07-11T14:46:49.182430+00:00	CONT-1003	Grapes	Bengaluru	Delhi	1.9	94.84	0.149	2127.58	Low	Continue	Normal
2026-07-11T14:46:49.183256+00:00	CONT-1004	Mango	Bengaluru	Delhi	12.69	83.3	0.133	2138.79	Low	Continue	Normal
2026-07-11T14:46:50.184390+00:00	CONT-1000	Banana	Bengaluru	Delhi	13.88	87.44	0.514	2138.78	High	Reroute	Critical
2026-07-11T14:46:50.185403+00:00	CONT-1001	Avocado	Bengaluru	Delhi	5.41	89.62	0.517	2127.56	High	Reroute	Critical
2026-07-11T14:46:50.188495+00:00	CONT-1003	Grapes	Bengaluru	Delhi	1.91	94.91	0.162	2127.56	Low	Continue	Normal
2026-07-11T14:46:50.189056+00:00	CONT-1004	Mango	Bengaluru	Delhi	12.73	82.93	0.152	2138.78	Low	Continue	Normal
2026-07-11T14:46:51.190001+00:00	CONT-1000	Banana	Bengaluru	Delhi	13.76	87.05	0.528	2138.77	High	Reroute	Critical
2026-07-11T14:46:52.197202+00:00	CONT-1000	Banana	Bengaluru	Delhi	13.71	87.33	0.539	2138.76	High	Reroute	Critical
2026-07-11T14:46:54.209962+00:00	CONT-1000	Banana	Bengaluru	Delhi	13.73	87.49	0.568	2138.74	High	Reroute	Critical
2026-07-11T14:46:54.211458+00:00	CONT-1001	Avocado	Bengaluru	Delhi	5.51	90.5	0.522	2127.48	High	Reroute	Critical
2026-07-11T14:46:54.212131+00:00	CONT-1002	Strawberry	Bengaluru	Delhi	41.4	86.19	0.552	2127.48	High	Reroute	Critical
2026-07-11T14:46:54.212613+00:00	CONT-1003	Grapes	Bengaluru	Delhi	1.87	94.63	0.17	2127.48	Low	Continue	Normal
2026-07-11T14:46:55.222676+00:00	CONT-1004	Mango	Bengaluru	Delhi	12.95	82.51	0.141	2138.73	Low	Continue	Normal
2026-07-11T14:46:56.225614+00:00	CONT-1001	Avocado	Bengaluru	Delhi	5.57	90.84	0.535	2127.44	High	Reroute	Critical
2026-07-11T14:46:56.228382+00:00	CONT-1003	Grapes	Bengaluru	Delhi	1.98	94.8	0.168	2127.44	Low	Continue	Normal
2026-07-11T14:46:56.230317+00:00	CONT-1004	Mango	Bengaluru	Delhi	12.93	82.73	0.135	2138.72	Low	Continue	Normal
2026-07-11T14:46:57.234143+00:00	CONT-1002	Strawberry	Bengaluru	Delhi	41.48	86.14	0.529	2127.42	High	Reroute	Critical
2026-07-11T14:46:58.242430+00:00	CONT-1004	Mango	Bengaluru	Delhi	12.96	82.4	0.129	2138.7	Low	Continue	Normal
2026-07-11T14:46:59.245302+00:00	CONT-1000	Banana	Bengaluru	Delhi	13.63	87.44	0.54	2138.69	High	Reroute	Critical
2026-07-11T14:46:59.249507+00:00	CONT-1003	Grapes	Bengaluru	Delhi	2.06	94	0.152	2127.38	Low	Continue	Normal
2026-07-11T14:46:59.252618+00:00	CONT-1004	Mango	Bengaluru	Delhi	13.08	82.48	0.12	2138.69	Low	Continue	Normal
2026-07-11T14:47:00.257575+00:00	CONT-1004	Mango	Bengaluru	Delhi	13.06	82.54	0.106	2138.68	Low	Continue	Normal
2026-07-11T14:47:01.260926+00:00	CONT-1002	Strawberry	Bengaluru	Delhi	41.62	86.1	0.6	2127.34	High	Reroute	Critical
2026-07-11T14:47:01.261597+00:00	CONT-1003	Grapes	Bengaluru	Delhi	1.97	94.02	0.179	2127.34	Low	Continue	Normal
2026-07-11T14:47:02.271580+00:00	CONT-1000	Banana	Bengaluru	Delhi	13.59	87.13	0.533	2138.66	High	Reroute	Critical
2026-07-11T14:47:03.279923+00:00	CONT-1001	Avocado	Bengaluru	Delhi	5.8	91.38	0.543	2127.3	High	Reroute	Critical
2026-07-11T14:47:04.289159+00:00	CONT-1003	Grapes	Bengaluru	Delhi	1.88	93.32	0.168	2127.28	Low	Continue	Normal
2026-07-11T14:47:04.289632+00:00	CONT-1004	Mango	Bengaluru	Delhi	12.98	82.2	0.087	2138.64	Low	Continue	Normal
2026-07-11T14:47:06.302207+00:00	CONT-1001	Avocado	Bengaluru	Delhi	5.81	91.33	0.579	2127.24	High	Reroute	Critical
2026-07-11T14:47:07.310603+00:00	CONT-1004	Mango	Bengaluru	Delhi	12.97	82.09	0.099	2138.61	Low	Continue	Normal
2026-07-11T14:47:09.317731+00:00	CONT-1000	Banana	Bengaluru	Delhi	13.82	85.92	0.49	2138.59	High	Reroute	Critical
2026-07-11T14:47:09.324609+00:00	CONT-1004	Mango	Bengaluru	Delhi	12.81	82.1	0.087	2138.59	Low	Continue	Normal
2026-07-11T14:47:10.328850+00:00	CONT-1002	Strawberry	Bengaluru	Delhi	41.97	84.5	0.589	2127.16	High	Reroute	Critical
2026-07-11T14:47:10.332226+00:00	CONT-1004	Mango	Bengaluru	Delhi	12.67	82.39	0.105	2138.58	Low	Continue	Normal
2026-07-11T14:47:11.333649+00:00	CONT-1000	Banana	Bengaluru	Delhi	13.75	85.68	0.452	2138.57	High	Reroute	Critical
2026-07-11T14:47:11.334499+00:00	CONT-1001	Avocado	Bengaluru	Delhi	6	91.52	0.585	2127.14	High	Reroute	Critical
2026-07-11T14:47:12.346816+00:00	CONT-1001	Avocado	Bengaluru	Delhi	6.11	91.78	0.6	2127.12	High	Reroute	Critical
2026-07-11T14:47:12.347441+00:00	CONT-1002	Strawberry	Bengaluru	Delhi	42.03	84.69	0.6	2127.12	High	Reroute	Critical
2026-07-11T14:47:12.349849+00:00	CONT-1004	Mango	Bengaluru	Delhi	12.86	82.36	0.118	2138.56	Low	Continue	Normal
2026-07-11T14:47:13.355322+00:00	CONT-1003	Grapes	Bengaluru	Delhi	2.42	92.91	0.196	2127.1	Low	Continue	Normal
2026-07-11T14:47:14.363175+00:00	CONT-1002	Strawberry	Bengaluru	Delhi	42.09	84.84	0.594	2127.08	High	Reroute	Critical
2026-07-11T14:47:14.363703+00:00	CONT-1003	Grapes	Bengaluru	Delhi	2.44	92.53	0.191	2127.08	Low	Continue	Normal
2026-07-11T14:47:16.373071+00:00	CONT-1000	Banana	Bengaluru	Delhi	13.78	85.58	0.458	2138.52	High	Reroute	Critical
2026-07-11T14:47:17.385519+00:00	CONT-1001	Avocado	Bengaluru	Delhi	5.89	91.58	0.584	2127.02	High	Reroute	Critical
2026-07-11T14:47:17.386266+00:00	CONT-1002	Strawberry	Bengaluru	Delhi	42.18	84.36	0.6	2127.02	High	Reroute	Critical
2026-07-11T14:47:17.387933+00:00	CONT-1003	Grapes	Bengaluru	Delhi	2.7	92.97	0.191	2127.02	Low	Continue	Normal
2026-07-11T14:47:18.391734+00:00	CONT-1001	Avocado	Bengaluru	Delhi	5.92	91.95	0.577	2127	High	Reroute	Critical
2026-07-11T14:47:18.393391+00:00	CONT-1002	Strawberry	Bengaluru	Delhi	42.22	84.66	0.6	2127	High	Reroute	Critical
2026-07-11T14:47:19.396125+00:00	CONT-1000	Banana	Bengaluru	Delhi	13.65	85.54	0.434	2138.49	Medium	Continue	Warning
2026-07-11T14:47:19.396959+00:00	CONT-1001	Avocado	Bengaluru	Delhi	6.05	92.18	0.587	2126.98	High	Reroute	Critical
2026-07-11T14:47:19.398471+00:00	CONT-1002	Strawberry	Bengaluru	Delhi	42.27	84.84	0.6	2126.98	High	Reroute	Critical
2026-07-11T14:47:20.410217+00:00	CONT-1004	Mango	Bengaluru	Delhi	12.69	82.34	0.122	2138.48	Low	Continue	Normal
2026-07-11T14:47:21.414449+00:00	CONT-1000	Banana	Bengaluru	Delhi	13.62	85.59	0.44	2138.47	Medium	Continue	Warning
2026-07-11T14:47:21.416254+00:00	CONT-1001	Avocado	Bengaluru	Delhi	5.96	92.53	0.581	2126.94	High	Reroute	Critical
2026-07-11T14:47:21.416872+00:00	CONT-1002	Strawberry	Bengaluru	Delhi	42.36	84.93	0.6	2126.94	High	Reroute	Critical
2026-07-11T14:47:21.417273+00:00	CONT-1003	Grapes	Bengaluru	Delhi	2.72	92.99	0.193	2126.94	Medium	Continue	Warning
2026-07-11T14:47:21.418270+00:00	CONT-1004	Mango	Bengaluru	Delhi	12.67	82.74	0.134	2138.47	Low	Continue	Normal
2026-07-11T14:47:22.420251+00:00	CONT-1000	Banana	Bengaluru	Delhi	13.56	85.7	0.453	2138.46	Medium	Continue	Warning
2026-07-11T14:47:22.422924+00:00	CONT-1002	Strawberry	Bengaluru	Delhi	42.39	85.06	1.375	2126.92	High	Reroute	Critical
2026-07-11T14:47:23.431650+00:00	CONT-1002	Strawberry	Bengaluru	Delhi	42.42	85.06	1.244	2126.9	High	Reroute	Critical
2026-07-11T14:47:23.436925+00:00	CONT-1004	Mango	Bengaluru	Delhi	12.69	82.27	0.143	2138.45	Low	Continue	Normal
2026-07-11T14:47:24.440283+00:00	CONT-1000	Banana	Bengaluru	Delhi	13.69	85.32	0.443	2138.44	Medium	Continue	Warning
2026-07-11T14:47:24.441551+00:00	CONT-1001	Avocado	Bengaluru	Delhi	5.83	93.16	0.593	2126.88	High	Reroute	Critical
2026-07-11T14:47:24.442134+00:00	CONT-1002	Strawberry	Bengaluru	Delhi	42.45	85.03	0.6	2126.88	High	Reroute	Critical
2026-07-11T14:47:24.443101+00:00	CONT-1004	Mango	Bengaluru	Delhi	12.73	81.95	0.138	2138.44	Low	Continue	Normal
2026-07-11T14:47:25.448512+00:00	CONT-1003	Grapes	Bengaluru	Delhi	2.45	93.25	0.184	2126.86	Medium	Continue	Warning
2026-07-11T14:47:27.459570+00:00	CONT-1001	Avocado	Bengaluru	Delhi	5.93	93.69	0.59	2126.82	High	Reroute	Critical
2026-07-11T14:47:30.478738+00:00	CONT-1000	Banana	Bengaluru	Delhi	13.65	84.87	0.47	2138.38	Medium	Continue	Warning
2026-07-11T14:47:31.493730+00:00	CONT-1000	Banana	Bengaluru	Delhi	13.75	85.21	0.467	2138.37	Medium	Continue	Warning
2026-07-11T14:47:31.497727+00:00	CONT-1003	Grapes	Bengaluru	Delhi	2.35	93.21	0.184	2126.74	Medium	Continue	Warning
2026-07-11T14:47:31.498238+00:00	CONT-1004	Mango	Bengaluru	Delhi	12.94	81.8	0.137	2138.37	Low	Continue	Normal
2026-07-11T14:47:33.514404+00:00	CONT-1004	Mango	Bengaluru	Delhi	13.09	82.24	0.155	2138.35	Low	Continue	Normal
2026-07-11T14:47:34.519703+00:00	CONT-1001	Avocado	Bengaluru	Delhi	5.82	93.18	0.594	2126.68	High	Reroute	Critical
2026-07-11T14:47:34.521628+00:00	CONT-1002	Strawberry	Bengaluru	Delhi	42.8	83.77	0.581	2126.68	High	Reroute	Critical
2026-07-11T14:47:37.551320+00:00	CONT-1002	Strawberry	Bengaluru	Delhi	42.87	83.99	0.6	2126.62	High	Reroute	Critical
2026-07-11T14:47:38.558423+00:00	CONT-1003	Grapes	Bengaluru	Delhi	2.66	93.67	0.212	2126.6	High	Reroute	Critical
2026-07-11T14:47:39.562189+00:00	CONT-1000	Banana	Bengaluru	Delhi	13.6	85.89	0.419	2138.29	Low	Continue	Normal
2026-07-11T14:47:39.563102+00:00	CONT-1001	Avocado	Bengaluru	Delhi	5.67	92.86	0.592	2126.58	High	Reroute	Critical
2026-07-11T14:47:39.566250+00:00	CONT-1002	Strawberry	Bengaluru	Delhi	42.94	83.86	0.591	2126.58	High	Reroute	Critical
2026-07-11T14:47:40.575423+00:00	CONT-1003	Grapes	Bengaluru	Delhi	2.66	93.66	0.215	2126.56	High	Reroute	Critical
2026-07-11T14:47:41.582130+00:00	CONT-1001	Avocado	Bengaluru	Delhi	5.5	92.56	0.59	2126.54	High	Reroute	Critical
2026-07-11T14:47:41.582714+00:00	CONT-1002	Strawberry	Bengaluru	Delhi	43	83.63	0.585	2126.54	High	Reroute	Critical
2026-07-11T14:47:41.585115+00:00	CONT-1003	Grapes	Bengaluru	Delhi	2.78	94.03	0.215	2126.54	High	Reroute	Critical
2026-07-11T14:47:41.585693+00:00	CONT-1004	Mango	Bengaluru	Delhi	13.42	82.1	0.139	2138.27	Low	Continue	Normal
2026-07-11T14:47:42.590620+00:00	CONT-1002	Strawberry	Bengaluru	Delhi	43.04	83.27	0.579	2126.52	High	Reroute	Critical
2026-07-11T14:47:43.596288+00:00	CONT-1000	Banana	Bengaluru	Delhi	13.34	85.49	0.428	2138.25	Low	Continue	Normal
2026-07-11T14:47:43.599349+00:00	CONT-1002	Strawberry	Bengaluru	Delhi	43.08	83.34	0.597	2126.5	High	Reroute	Critical
2026-07-11T14:47:43.601107+00:00	CONT-1004	Mango	Bengaluru	Delhi	13.31	81.74	0.108	2138.25	Low	Continue	Normal
2026-07-11T14:47:44.606818+00:00	CONT-1004	Mango	Bengaluru	Delhi	13.36	82.04	0.089	2138.24	Low	Continue	Normal
2026-07-11T14:47:45.611798+00:00	CONT-1001	Avocado	Bengaluru	Delhi	5.62	92.42	0.586	2126.46	High	Reroute	Critical
2026-07-11T14:47:45.614586+00:00	CONT-1004	Mango	Bengaluru	Delhi	13.4	81.66	0.073	2138.23	Low	Continue	Normal
2026-07-11T14:47:46.624991+00:00	CONT-1003	Grapes	Bengaluru	Delhi	2.5	93.97	0.198	2126.44	High	Reroute	Critical
2026-07-11T14:47:47.628458+00:00	CONT-1000	Banana	Bengaluru	Delhi	13.21	85.23	0.461	2138.21	Low	Continue	Normal
2026-07-11T14:47:49.643301+00:00	CONT-1000	Banana	Bengaluru	Delhi	13.06	85.34	0.474	2138.19	Low	Continue	Normal
2026-07-11T14:47:49.645279+00:00	CONT-1001	Avocado	Bengaluru	Delhi	5.48	92.57	0.578	2126.38	High	Reroute	Critical
2026-07-11T14:47:49.647187+00:00	CONT-1003	Grapes	Bengaluru	Delhi	2.35	94.37	0.2	2126.38	High	Reroute	Critical
2026-07-11T14:47:51.662104+00:00	CONT-1002	Strawberry	Bengaluru	Delhi	43.33	82.44	0.574	2126.34	High	Reroute	Critical
2026-07-11T14:47:52.670628+00:00	CONT-1001	Avocado	Bengaluru	Delhi	5.53	92.63	0.588	2126.32	High	Reroute	Critical
2026-07-11T14:47:53.686505+00:00	CONT-1002	Strawberry	Bengaluru	Delhi	43.4	82.25	0.598	2126.3	High	Reroute	Critical
2026-07-11T14:47:53.688588+00:00	CONT-1003	Grapes	Bengaluru	Delhi	2.4	94.17	0.22	2126.3	High	Reroute	Critical
2026-07-11T14:47:53.690113+00:00	CONT-1004	Mango	Bengaluru	Delhi	13.11	81.42	0.065	2138.15	Low	Continue	Normal
2026-07-11T14:47:54.696087+00:00	CONT-1002	Strawberry	Bengaluru	Delhi	43.45	81.94	0.589	2126.28	High	Reroute	Critical
2026-07-11T14:47:56.712744+00:00	CONT-1002	Strawberry	Bengaluru	Delhi	43.53	81.44	0.582	2126.24	High	Reroute	Critical
2026-07-11T14:47:57.724340+00:00	CONT-1003	Grapes	Bengaluru	Delhi	2.28	94	0.254	2126.22	High	Reroute	Critical
2026-07-11T14:47:57.726814+00:00	CONT-1004	Mango	Bengaluru	Delhi	13.27	81.13	0.059	2138.11	Medium	Continue	Warning
2026-07-11T14:47:58.731865+00:00	CONT-1003	Grapes	Bengaluru	Delhi	2.36	94.24	0.248	2126.2	High	Reroute	Critical
2026-07-11T14:47:59.736578+00:00	CONT-1000	Banana	Bengaluru	Delhi	13.4	84.83	0.508	2138.09	Low	Continue	Warning
2026-07-11T14:47:59.739999+00:00	CONT-1002	Strawberry	Bengaluru	Delhi	43.65	81.49	0.545	2126.18	High	Reroute	Critical
2026-07-11T14:47:59.740674+00:00	CONT-1003	Grapes	Bengaluru	Delhi	2.34	94.16	0.268	2126.18	High	Reroute	Critical
2026-07-11T14:48:00.742483+00:00	CONT-1000	Banana	Bengaluru	Delhi	13.52	84.48	0.505	2138.08	Low	Continue	Warning
2026-07-11T14:48:01.752200+00:00	CONT-1003	Grapes	Bengaluru	Delhi	2.46	93.93	0.27	2126.14	High	Reroute	Critical
2026-07-11T14:48:01.755905+00:00	CONT-1004	Mango	Bengaluru	Delhi	13.58	80.7	0.015	2138.07	Medium	Continue	Warning
2026-07-11T14:48:02.759120+00:00	CONT-1000	Banana	Bengaluru	Delhi	13.71	84.73	0.503	2138.06	Medium	Continue	Warning
2026-07-11T14:48:02.761202+00:00	CONT-1001	Avocado	Bengaluru	Delhi	5.29	92.71	0.534	2126.12	High	Reroute	Critical
2026-07-11T14:48:02.761907+00:00	CONT-1002	Strawberry	Bengaluru	Delhi	43.8	81.6	0.535	2126.12	High	Reroute	Critical
2026-07-11T14:48:02.762389+00:00	CONT-1003	Grapes	Bengaluru	Delhi	2.55	93.67	0.285	2126.12	High	Reroute	Critical
2026-07-11T14:48:03.766072+00:00	CONT-1000	Banana	Bengaluru	Delhi	13.57	84.67	0.514	2138.05	Medium	Continue	Warning
2026-07-11T14:48:03.767810+00:00	CONT-1001	Avocado	Bengaluru	Delhi	5.38	92.8	0.544	2126.1	High	Reroute	Critical
2026-07-11T14:48:03.768660+00:00	CONT-1002	Strawberry	Bengaluru	Delhi	43.82	81.28	0.521	2126.1	High	Reroute	Critical
2026-07-11T14:48:04.779233+00:00	CONT-1003	Grapes	Bengaluru	Delhi	2.55	94.03	0.317	2126.08	High	Reroute	Critical
2026-07-11T14:48:06.793690+00:00	CONT-1004	Mango	Bengaluru	Delhi	13.33	80.84	0.019	2138.02	Medium	Continue	Warning
2026-07-11T14:48:07.798810+00:00	CONT-1003	Grapes	Bengaluru	Delhi	2.51	94.4	0.331	2126.02	High	Reroute	Critical
2026-07-11T14:48:08.805030+00:00	CONT-1001	Avocado	Bengaluru	Delhi	5.58	92.06	0.551	2126	High	Reroute	Critical
2026-07-11T14:48:10.818034+00:00	CONT-1000	Banana	Bengaluru	Delhi	13.38	85.13	0.505	2137.98	Medium	Continue	Warning
2026-07-11T14:48:10.819015+00:00	CONT-1001	Avocado	Bengaluru	Delhi	5.42	92.18	0.555	2125.96	High	Reroute	Critical
2026-07-11T14:48:10.821131+00:00	CONT-1002	Strawberry	Bengaluru	Delhi	44.09	81.13	0.456	2125.96	High	Reroute	Critical
2026-07-11T14:48:10.821631+00:00	CONT-1003	Grapes	Bengaluru	Delhi	2.61	94.41	0.29	2125.96	High	Reroute	Critical
2026-07-11T14:48:10.821924+00:00	CONT-1004	Mango	Bengaluru	Delhi	13.2	81.15	0.024	2137.98	Medium	Continue	Warning
2026-07-11T14:48:11.823016+00:00	CONT-1000	Banana	Bengaluru	Delhi	13.45	84.92	0.516	2137.97	Medium	Continue	Warning
2026-07-11T14:48:11.827549+00:00	CONT-1003	Grapes	Bengaluru	Delhi	2.74	94.2	0.294	2125.94	High	Reroute	Critical
2026-07-11T14:48:12.831533+00:00	CONT-1000	Banana	Bengaluru	Delhi	13.41	84.79	0.518	2137.96	Medium	Continue	Warning
2026-07-11T14:48:12.832253+00:00	CONT-1001	Avocado	Bengaluru	Delhi	5.19	91.89	0.572	2125.92	High	Reroute	Critical
2026-07-11T14:48:12.836593+00:00	CONT-1004	Mango	Bengaluru	Delhi	13.4	80.94	0.008	2137.96	Medium	Continue	Warning
2026-07-11T14:48:13.839618+00:00	CONT-1000	Banana	Bengaluru	Delhi	13.53	85.08	0.532	2137.95	Medium	Continue	Warning
2026-07-11T14:48:14.857041+00:00	CONT-1003	Grapes	Bengaluru	Delhi	2.68	94.06	0.268	2125.88	High	Reroute	Critical
2026-07-11T14:48:14.861442+00:00	CONT-1004	Mango	Bengaluru	Delhi	13.35	80.92	0	2137.94	Medium	Continue	Warning
2026-07-11T14:48:15.864339+00:00	CONT-1001	Avocado	Bengaluru	Delhi	5.11	91.31	0.574	2125.86	High	Reroute	Critical
2026-07-11T14:48:15.865074+00:00	CONT-1002	Strawberry	Bengaluru	Delhi	44.24	80.49	0.45	2125.86	High	Reroute	Critical
2026-07-11T14:48:16.876224+00:00	CONT-1000	Banana	Bengaluru	Delhi	13.51	85.29	0.487	2137.92	Medium	Continue	Warning
2026-07-11T14:48:17.891611+00:00	CONT-1002	Strawberry	Bengaluru	Delhi	44.31	80.36	0.473	2125.82	High	Reroute	Critical
2026-07-11T14:48:18.896514+00:00	CONT-1000	Banana	Bengaluru	Delhi	13.57	85.34	0.472	2137.9	Medium	Continue	Warning
2026-07-11T14:48:18.900824+00:00	CONT-1003	Grapes	Bengaluru	Delhi	2.77	93.59	0.257	2125.8	High	Reroute	Critical
2026-07-11T14:48:19.911051+00:00	CONT-1000	Banana	Bengaluru	Delhi	13.45	85.01	0.473	2137.89	Medium	Continue	Warning
2026-07-11T14:48:19.914101+00:00	CONT-1002	Strawberry	Bengaluru	Delhi	44.4	80.6	0.483	2125.78	High	Reroute	Critical
2026-07-11T14:48:19.914862+00:00	CONT-1003	Grapes	Bengaluru	Delhi	2.68	93.73	0.263	2125.78	High	Reroute	Critical
2026-07-11T14:48:19.915587+00:00	CONT-1004	Mango	Bengaluru	Delhi	13.38	80.99	0.025	2137.89	High	Reroute	Critical
2026-07-11T14:48:21.925306+00:00	CONT-1001	Avocado	Bengaluru	Delhi	5.43	91.33	0.585	2125.74	High	Reroute	Critical
2026-07-11T14:48:21.926052+00:00	CONT-1002	Strawberry	Bengaluru	Delhi	44.47	80.51	0.928	2125.74	High	Reroute	Critical
2026-07-11T14:48:21.927999+00:00	CONT-1003	Grapes	Bengaluru	Delhi	2.6	93.9	0.283	2125.74	High	Reroute	Critical
2026-07-11T14:48:21.928390+00:00	CONT-1004	Mango	Bengaluru	Delhi	13.41	81.31	0	2137.87	High	Reroute	Critical
2026-07-11T14:48:22.931746+00:00	CONT-1002	Strawberry	Bengaluru	Delhi	44.52	80.53	0.6	2125.72	High	Reroute	Critical
2026-07-11T14:48:23.935346+00:00	CONT-1000	Banana	Bengaluru	Delhi	13.23	85.41	0.479	2137.85	Medium	Continue	Warning
2026-07-11T14:48:23.938063+00:00	CONT-1001	Avocado	Bengaluru	Delhi	5.22	91.21	0.599	2125.7	High	Reroute	Critical
2026-07-11T14:48:24.946048+00:00	CONT-1003	Grapes	Bengaluru	Delhi	2.45	93.88	0.263	2125.68	High	Reroute	Critical
2026-07-11T14:48:26.962243+00:00	CONT-1002	Strawberry	Bengaluru	Delhi	44.67	80.27	0.6	2125.64	High	Reroute	Critical
2026-07-11T14:48:27.966062+00:00	CONT-1000	Banana	Bengaluru	Delhi	13.01	85.98	0.473	2137.81	Medium	Continue	Warning
2026-07-11T14:48:30.998621+00:00	CONT-1003	Grapes	Bengaluru	Delhi	2.31	93.43	0.261	2125.56	High	Reroute	Critical
2026-07-11T14:48:33.008854+00:00	CONT-1000	Banana	Bengaluru	Delhi	12.96	85.92	0.506	2137.76	Medium	Continue	Warning
2026-07-11T14:48:33.009736+00:00	CONT-1001	Avocado	Bengaluru	Delhi	5.08	92.42	0.594	2125.52	High	Reroute	Critical
2026-07-11T14:48:33.011278+00:00	CONT-1002	Strawberry	Bengaluru	Delhi	44.89	80.58	0.594	2125.52	High	Reroute	Critical
2026-07-11T14:48:33.011608+00:00	CONT-1003	Grapes	Bengaluru	Delhi	2.33	93.56	0.254	2125.52	High	Reroute	Critical
2026-07-11T14:48:33.012120+00:00	CONT-1004	Mango	Bengaluru	Delhi	13.23	80.28	0.004	2137.76	High	Reroute	Critical
2026-07-11T14:48:36.031794+00:00	CONT-1004	Mango	Bengaluru	Delhi	13.34	80.86	0	2137.73	High	Reroute	Critical
2026-07-11T14:48:37.033701+00:00	CONT-1000	Banana	Bengaluru	Delhi	12.79	85.52	0.508	2137.72	Medium	Continue	Warning
2026-07-11T14:48:37.036200+00:00	CONT-1002	Strawberry	Bengaluru	Delhi	45.02	80.57	0.6	2125.44	High	Reroute	Critical
2026-07-11T14:48:38.047620+00:00	CONT-1001	Avocado	Bengaluru	Delhi	4.6	92.3	0.6	2125.42	High	Reroute	Critical
2026-07-11T14:48:38.049498+00:00	CONT-1002	Strawberry	Bengaluru	Delhi	45.07	80.43	0.6	2125.42	High	Reroute	Critical
2026-07-11T14:48:38.050816+00:00	CONT-1003	Grapes	Bengaluru	Delhi	2.36	93.78	0.262	2125.42	High	Reroute	Critical
2026-07-11T14:48:38.051606+00:00	CONT-1004	Mango	Bengaluru	Delhi	13.36	80.52	0.016	2137.71	High	Reroute	Critical
2026-07-11T14:48:41.071196+00:00	CONT-1001	Avocado	Bengaluru	Delhi	4.7	92.43	0.6	2125.36	High	Reroute	Critical
2026-07-11T14:48:42.084976+00:00	CONT-1003	Grapes	Bengaluru	Delhi	2.15	93.4	0.298	2125.34	High	Reroute	Critical
2026-07-11T14:48:43.087223+00:00	CONT-1000	Banana	Bengaluru	Delhi	12.63	85.9	0.526	2137.66	High	Reroute	Critical
2026-07-11T14:48:43.095880+00:00	CONT-1003	Grapes	Bengaluru	Delhi	2.27	93.58	0.296	2125.32	High	Reroute	Critical
2026-07-11T14:48:45.115949+00:00	CONT-1000	Banana	Bengaluru	Delhi	12.56	85.91	0.509	2137.64	High	Reroute	Critical
2026-07-11T14:48:45.118799+00:00	CONT-1002	Strawberry	Bengaluru	Delhi	45.31	80.28	0.567	2125.28	High	Reroute	Critical
2026-07-11T14:48:45.119462+00:00	CONT-1003	Grapes	Bengaluru	Delhi	2.26	93.71	0.305	2125.28	High	Reroute	Critical
2026-07-11T14:48:46.121791+00:00	CONT-1000	Banana	Bengaluru	Delhi	12.45	86.19	0.52	2137.63	High	Reroute	Critical
2026-07-11T14:48:46.125875+00:00	CONT-1003	Grapes	Bengaluru	Delhi	2.39	93.84	0.323	2125.26	High	Reroute	Critical